{
  "ActionGroup_SelectMenu": {
    "ActionGroupName": "ActionGroup_SelectMenu",
    "ActionGroupTextmapID": {
      "hash": 1463604159
    },
    "KeyMouseImagePath": "",
    "XboxImagePath": "SpriteOutput/KeyMapIcons/XBox/UI_xbox_lbrb.png",
    "PsImagePath": "SpriteOutput/KeyMapIcons/PS4/UI_ps4_l1r1.png"
  },
  "ActionGroup_Move": {
    "ActionGroupName": "ActionGroup_Move",
    "ActionGroupTextmapID": {
      "hash": 1113026665
    },
    "KeyMouseImagePath": "SpriteOutput/KeyMapIcons/PC/IconMouseWASD.png",
    "XboxImagePath": "SpriteOutput/KeyMapIcons/Com/UI_com_ls_all.png",
    "PsImagePath": "SpriteOutput/KeyMapIcons/Com/UI_com_ls_all.png"
  }
}