{
  "cn": {
    "TextLanguageKey": "cn",
    "SDKkey": "zh-cn",
    "LanguageType": 1,
    "ShowString": {
      "hash": 633642276
    },
    "Font": "SpriteOutput/UI/Fonts/RPG_CN.ttf",
    "FontName": "RPG_CN",
    "SDFPath": "SpriteOutput/UI/Fonts/SDFFonts/CN_Partial_20/cn_0.asset",
    "PCSDFPath": "SpriteOutput/UI/Fonts/SDFFonts/PC/CN/cn_0.asset",
    "LogoImgPath": "SpriteOutput/UI/Login/LOGO/LogoCB1_CN_White.png",
    "LanguageCultureCode": "zh-CN"
  },
  "cht": {
    "TextLanguageKey": "cht",
    "SDKkey": "zh-tw",
    "LanguageType": 2,
    "ShowString": {
      "hash": -2136827345
    },
    "Font": "SpriteOutput/UI/Fonts/RPG_TR.ttf",
    "FontName": "RPG_TR",
    "SDFPath": "SpriteOutput/UI/Fonts/SDFFonts/CHT_Partial_20/cht_0.asset",
    "PCSDFPath": "SpriteOutput/UI/Fonts/SDFFonts/PC/CHT/cht_0.asset",
    "LogoImgPath": "SpriteOutput/UI/Login/LOGO/LogoCB1_TC_White.png",
    "LanguageCultureCode": "zh-TW"
  },
  "en": {
    "TextLanguageKey": "en",
    "SDKkey": "en",
    "LanguageType": 3,
    "ShowString": {
      "hash": 1782768777
    },
    "Font": "SpriteOutput/UI/Fonts/RPG_CN.ttf",
    "FontName": "RPG_CN",
    "SDFPath": "SpriteOutput/UI/Fonts/SDFFonts/EN_Partial_20/en_0.asset",
    "PCSDFPath": "SpriteOutput/UI/Fonts/SDFFonts/PC/EN/en_0.asset",
    "LogoImgPath": "SpriteOutput/UI/Login/LOGO/LogoCB1_EN_White.png",
    "LanguageCultureCode": "en-US"
  },
  "kr": {
    "TextLanguageKey": "kr",
    "SDKkey": "ko",
    "LanguageType": 4,
    "ShowString": {
      "hash": -595256385
    },
    "Font": "SpriteOutput/UI/Fonts/RPG_CN.ttf",
    "FontName": "RPG_CN",
    "SDFPath": "SpriteOutput/UI/Fonts/SDFFonts/KR_Partial_20/kr_0.asset",
    "PCSDFPath": "SpriteOutput/UI/Fonts/SDFFonts/PC/KR/kr_0.asset",
    "LogoImgPath": "SpriteOutput/UI/Login/LOGO/LogoCB1_KR_White.png",
    "LanguageCultureCode": "ko-KR"
  },
  "jp": {
    "TextLanguageKey": "jp",
    "SDKkey": "ja",
    "LanguageType": 5,
    "ShowString": {
      "hash": 317185992
    },
    "Font": "SpriteOutput/UI/Fonts/RPG_JP.ttf",
    "FontName": "RPG_JP",
    "SDFPath": "SpriteOutput/UI/Fonts/SDFFonts/JP_Partial_20/jp_0.asset",
    "PCSDFPath": "SpriteOutput/UI/Fonts/SDFFonts/PC/JP/jp_0.asset",
    "LogoImgPath": "SpriteOutput/UI/Login/LOGO/LogoCB1_JP_White.png",
    "LanguageCultureCode": "ja-JP"
  },
  "es": {
    "TextLanguageKey": "es",
    "SDKkey": "es",
    "LanguageType": 8,
    "ShowString": {
      "hash": -755645786
    },
    "Font": "SpriteOutput/UI/Fonts/RPG_CN.ttf",
    "FontName": "RPG_CN",
    "SDFPath": "SpriteOutput/UI/Fonts/SDFFonts/ES_Partial_20/es_0.asset",
    "PCSDFPath": "SpriteOutput/UI/Fonts/SDFFonts/PC/ES/es_0.asset",
    "LogoImgPath": "SpriteOutput/UI/Login/LOGO/LogoCB1_EN_White.png",
    "LanguageCultureCode": "es-MX"
  },
  "ru": {
    "TextLanguageKey": "ru",
    "SDKkey": "ru",
    "LanguageType": 10,
    "ShowString": {
      "hash": 746042362
    },
    "Font": "SpriteOutput/UI/Fonts/RPG_CN.ttf",
    "FontName": "RPG_CN",
    "SDFPath": "SpriteOutput/UI/Fonts/SDFFonts/RU_Partial_20/ru_0.asset",
    "PCSDFPath": "SpriteOutput/UI/Fonts/SDFFonts/PC/RU/ru_0.asset",
    "LogoImgPath": "SpriteOutput/UI/Login/LOGO/LogoCB1_EN_White.png",
    "LanguageCultureCode": "ru-RU"
  },
  "th": {
    "TextLanguageKey": "th",
    "SDKkey": "th",
    "LanguageType": 11,
    "ShowString": {
      "hash": -363821157
    },
    "Font": "SpriteOutput/UI/Fonts/RPG_TH.ttf",
    "FontName": "RPG_TH",
    "SDFPath": "SpriteOutput/UI/Fonts/SDFFonts/TH_Partial_20/th_0.asset",
    "PCSDFPath": "SpriteOutput/UI/Fonts/SDFFonts/PC/TH/th_0.asset",
    "LogoImgPath": "SpriteOutput/UI/Login/LOGO/LogoCB1_EN_White.png",
    "LanguageCultureCode": "th-TH"
  },
  "vi": {
    "TextLanguageKey": "vi",
    "SDKkey": "vi",
    "LanguageType": 12,
    "ShowString": {
      "hash": -368945552
    },
    "Font": "SpriteOutput/UI/Fonts/RPG_VI.ttf",
    "FontName": "RPG_VI",
    "SDFPath": "SpriteOutput/UI/Fonts/SDFFonts/VI_Partial_20/vi_0.asset",
    "PCSDFPath": "SpriteOutput/UI/Fonts/SDFFonts/PC/VI/vi_0.asset",
    "LogoImgPath": "SpriteOutput/UI/Login/LOGO/LogoCB1_EN_White.png",
    "LanguageCultureCode": "vi-VN"
  },
  "id": {
    "TextLanguageKey": "id",
    "SDKkey": "id",
    "LanguageType": 13,
    "ShowString": {
      "hash": 12093101
    },
    "Font": "SpriteOutput/UI/Fonts/RPG_CN.ttf",
    "FontName": "RPG_CN",
    "SDFPath": "SpriteOutput/UI/Fonts/SDFFonts/ID_Partial_20/id_0.asset",
    "PCSDFPath": "SpriteOutput/UI/Fonts/SDFFonts/PC/ID/id_0.asset",
    "LogoImgPath": "SpriteOutput/UI/Login/LOGO/LogoCB1_EN_White.png",
    "LanguageCultureCode": "id-ID"
  }
}