{
  "1": {
    "BattleEventID": 1,
    "EventSubType": "ChallengerEvent",
    "BattleEventName": "BattleEventName_1",
    "HeadIcon": "SpriteOutput/AvatarIconTeam/999.png",
    "AbilityList": [
      "BattleEventAbility_TargetAttack",
      "BattleEventAbility_TargetAttackInsert1",
      "BattleEventAbility_TargetAttackInsert2",
      "BattleEventAbility_ChallengeTurnLimit"
    ],
    "OverrideProperty": [
      {
        "PropertyType": "BaseAttack",
        "Value": {
          "RawValue": 77309411328
        }
      }
    ],
    "Speed": {
      "RawValue": 429496729600
    },
    "HardLevel": true,
    "EliteGroup": false,
    "Config": "",
    "Prefab": "Level/Maze/Puzzle/Challenge/ChallengeBattleEvent.prefab",
    "BasePoint": "BattleEventAnchor_1",
    "DescrptionText": "BattleEventDesc_1",
    "ParamList": []
  },
  "2": {
    "BattleEventID": 2,
    "EventSubType": "AssistEvent",
    "BattleEventName": "BattleEventName_2",
    "HeadIcon": "SpriteOutput/AvatarIconTeam/1204Shadow.png",
    "AbilityList": [
      "BattleEventAbility_JingYuan_Passive",
      "BattleEventAbility_JingYuan_Passive_Insert"
    ],
    "OverrideProperty": [
      {
        "PropertyType": "BaseAttack",
        "Value": {
          "RawValue": 429496729600
        }
      }
    ],
    "Speed": {
      "RawValue": 0
    },
    "HardLevel": false,
    "EliteGroup": false,
    "Config": "",
    "Prefab": "",
    "BasePoint": "",
    "DescrptionText": "BattleEventDesc_2",
    "ParamList": []
  },
  "3": {
    "BattleEventID": 3,
    "EventSubType": "ChallengerEvent",
    "BattleEventName": "BattleEventName_3",
    "HeadIcon": "SpriteOutput/AvatarIconTeam/999.png",
    "AbilityList": [
      "BattleEventAbility_Poison",
      "BattleEventAbility_Poison_Insert",
      "BattleEventAbility_ChallengeTurnLimit"
    ],
    "OverrideProperty": [
      {
        "PropertyType": "BaseAttack",
        "Value": {
          "RawValue": 77309411328
        }
      }
    ],
    "Speed": {
      "RawValue": 429496729600
    },
    "HardLevel": true,
    "EliteGroup": false,
    "Config": "",
    "Prefab": "",
    "BasePoint": "",
    "DescrptionText": "BattleEventDesc_3",
    "ParamList": []
  },
  "4": {
    "BattleEventID": 4,
    "EventSubType": "ChallengerEvent",
    "BattleEventName": "BattleEventName_4",
    "HeadIcon": "SpriteOutput/AvatarIconTeam/999.png",
    "AbilityList": [
      "BattleEventAbility_ThunderAttack",
      "BattleEventAbility_ThunderAttack_Insert",
      "BattleEventAbility_ChallengeTurnLimit"
    ],
    "OverrideProperty": [
      {
        "PropertyType": "BaseAttack",
        "Value": {
          "RawValue": 77309411328
        }
      }
    ],
    "Speed": {
      "RawValue": 429496729600
    },
    "HardLevel": true,
    "EliteGroup": false,
    "Config": "",
    "Prefab": "",
    "BasePoint": "",
    "DescrptionText": "BattleEventDesc_4",
    "ParamList": []
  },
  "5": {
    "BattleEventID": 5,
    "EventSubType": "ChallengerEvent",
    "BattleEventName": "BattleEventName_5",
    "HeadIcon": "SpriteOutput/AvatarIconTeam/999.png",
    "AbilityList": [
      "BattleEventAbility_629901"
    ],
    "OverrideProperty": [
      {
        "PropertyType": "BaseAttack",
        "Value": {
          "RawValue": 429496729600
        }
      }
    ],
    "Speed": {
      "RawValue": 429496729600
    },
    "HardLevel": false,
    "EliteGroup": false,
    "Config": "",
    "Prefab": "",
    "BasePoint": "",
    "DescrptionText": "BattleEventDesc_5",
    "ParamList": []
  },
  "6": {
    "BattleEventID": 6,
    "EventSubType": "ChallengerEvent",
    "BattleEventName": "BattleEventName_6",
    "HeadIcon": "SpriteOutput/AvatarIconTeam/999.png",
    "AbilityList": [
      "BattleEventAbility_629902"
    ],
    "OverrideProperty": [
      {
        "PropertyType": "BaseAttack",
        "Value": {
          "RawValue": 429496729600
        }
      }
    ],
    "Speed": {
      "RawValue": 429496729600
    },
    "HardLevel": false,
    "EliteGroup": false,
    "Config": "",
    "Prefab": "",
    "BasePoint": "",
    "DescrptionText": "BattleEventDesc_6",
    "ParamList": []
  },
  "7": {
    "BattleEventID": 7,
    "EventSubType": "ChallengerEvent",
    "BattleEventName": "BattleEventName_7",
    "HeadIcon": "SpriteOutput/AvatarIconTeam/999.png",
    "AbilityList": [
      "BattleEventAbility_629903"
    ],
    "OverrideProperty": [
      {
        "PropertyType": "BaseAttack",
        "Value": {
          "RawValue": 429496729600
        }
      }
    ],
    "Speed": {
      "RawValue": 429496729600
    },
    "HardLevel": false,
    "EliteGroup": false,
    "Config": "",
    "Prefab": "",
    "BasePoint": "",
    "DescrptionText": "BattleEventDesc_7",
    "ParamList": []
  },
  "8": {
    "BattleEventID": 8,
    "EventSubType": "ChallengerEvent",
    "BattleEventName": "BattleEventName_8",
    "HeadIcon": "SpriteOutput/AvatarIconTeam/999.png",
    "AbilityList": [
      "BattleEventAbility_629904"
    ],
    "OverrideProperty": [
      {
        "PropertyType": "BaseAttack",
        "Value": {
          "RawValue": 429496729600
        }
      }
    ],
    "Speed": {
      "RawValue": 429496729600
    },
    "HardLevel": false,
    "EliteGroup": false,
    "Config": "",
    "Prefab": "",
    "BasePoint": "",
    "DescrptionText": "BattleEventDesc_8",
    "ParamList": []
  },
  "9": {
    "BattleEventID": 9,
    "EventSubType": "ChallengerEvent",
    "BattleEventName": "BattleEventName_9",
    "HeadIcon": "SpriteOutput/AvatarIconTeam/999.png",
    "AbilityList": [
      "BattleEventAbility_629907"
    ],
    "OverrideProperty": [
      {
        "PropertyType": "BaseAttack",
        "Value": {
          "RawValue": 429496729600
        }
      }
    ],
    "Speed": {
      "RawValue": 515396075520
    },
    "HardLevel": false,
    "EliteGroup": false,
    "Config": "",
    "Prefab": "",
    "BasePoint": "",
    "DescrptionText": "BattleEventDesc_9",
    "ParamList": []
  },
  "10": {
    "BattleEventID": 10,
    "EventSubType": "ChallengerEvent",
    "BattleEventName": "BattleEventName_10",
    "HeadIcon": "SpriteOutput/AvatarIconTeam/999.png",
    "AbilityList": [
      "BattleEventAbility_629905"
    ],
    "OverrideProperty": [
      {
        "PropertyType": "BaseAttack",
        "Value": {
          "RawValue": 429496729600
        }
      }
    ],
    "Speed": {
      "RawValue": 429496729600
    },
    "HardLevel": false,
    "EliteGroup": false,
    "Config": "",
    "Prefab": "",
    "BasePoint": "",
    "DescrptionText": "BattleEventDesc_10",
    "ParamList": []
  },
  "11": {
    "BattleEventID": 11,
    "EventSubType": "ChallengerEvent",
    "BattleEventName": "BattleEventName_11",
    "HeadIcon": "SpriteOutput/AvatarIconTeam/999.png",
    "AbilityList": [
      "BattleEventAbility_629911"
    ],
    "OverrideProperty": [
      {
        "PropertyType": "BaseAttack",
        "Value": {
          "RawValue": 429496729600
        }
      }
    ],
    "Speed": {
      "RawValue": 515396075520
    },
    "HardLevel": false,
    "EliteGroup": false,
    "Config": "",
    "Prefab": "",
    "BasePoint": "",
    "DescrptionText": "BattleEventDesc_11",
    "ParamList": []
  },
  "12": {
    "BattleEventID": 12,
    "EventSubType": "ChallengerEvent",
    "BattleEventName": "BattleEventName_12",
    "HeadIcon": "SpriteOutput/AvatarIconTeam/999.png",
    "AbilityList": [
      "BattleEventAbility_629908"
    ],
    "OverrideProperty": [
      {
        "PropertyType": "BaseAttack",
        "Value": {
          "RawValue": 429496729600
        }
      }
    ],
    "Speed": {
      "RawValue": 515396075520
    },
    "HardLevel": false,
    "EliteGroup": false,
    "Config": "",
    "Prefab": "",
    "BasePoint": "",
    "DescrptionText": "BattleEventDesc_12",
    "ParamList": []
  },
  "13": {
    "BattleEventID": 13,
    "EventSubType": "ChallengerEvent",
    "BattleEventName": "BattleEventName_13",
    "HeadIcon": "SpriteOutput/AvatarIconTeam/999.png",
    "AbilityList": [
      "BattleEventAbility_629906"
    ],
    "OverrideProperty": [
      {
        "PropertyType": "BaseAttack",
        "Value": {
          "RawValue": 429496729600
        }
      }
    ],
    "Speed": {
      "RawValue": 429496729600
    },
    "HardLevel": false,
    "EliteGroup": false,
    "Config": "",
    "Prefab": "",
    "BasePoint": "",
    "DescrptionText": "BattleEventDesc_13",
    "ParamList": []
  },
  "14": {
    "BattleEventID": 14,
    "EventSubType": "ChallengerEvent",
    "BattleEventName": "BattleEventName_14",
    "HeadIcon": "SpriteOutput/AvatarIconTeam/999.png",
    "AbilityList": [
      "BattleEventAbility_Challenge_01"
    ],
    "OverrideProperty": [
      {
        "PropertyType": "BaseHP",
        "Value": {
          "RawValue": 386547056640
        }
      }
    ],
    "Speed": {
      "RawValue": 429496729600
    },
    "HardLevel": true,
    "EliteGroup": false,
    "Config": "",
    "Prefab": "",
    "BasePoint": "",
    "DescrptionText": "BattleEventDesc_14",
    "ParamList": [
      {
        "RawValue": 2147483650
      }
    ]
  },
  "15": {
    "BattleEventID": 15,
    "EventSubType": "ChallengerEvent",
    "BattleEventName": "BattleEventName_15",
    "HeadIcon": "SpriteOutput/AvatarIconTeam/999.png",
    "AbilityList": [
      "BattleEventAbility_Challenge_02"
    ],
    "OverrideProperty": [
      {
        "PropertyType": "BaseHP",
        "Value": {
          "RawValue": 386547056640
        }
      }
    ],
    "Speed": {
      "RawValue": 429496729600
    },
    "HardLevel": true,
    "EliteGroup": false,
    "Config": "",
    "Prefab": "",
    "BasePoint": "",
    "DescrptionText": "BattleEventDesc_15",
    "ParamList": [
      {
        "RawValue": 2147483650
      }
    ]
  },
  "16": {
    "BattleEventID": 16,
    "EventSubType": "ChallengerEvent",
    "BattleEventName": "BattleEventName_16",
    "HeadIcon": "SpriteOutput/AvatarIconTeam/999.png",
    "AbilityList": [
      "BattleEventAbility_Challenge_03"
    ],
    "OverrideProperty": [
      {
        "PropertyType": "BaseHP",
        "Value": {
          "RawValue": 386547056640
        }
      }
    ],
    "Speed": {
      "RawValue": 429496729600
    },
    "HardLevel": true,
    "EliteGroup": false,
    "Config": "",
    "Prefab": "",
    "BasePoint": "",
    "DescrptionText": "BattleEventDesc_16",
    "ParamList": [
      {
        "RawValue": 2147483650
      }
    ]
  },
  "17": {
    "BattleEventID": 17,
    "EventSubType": "ChallengerEvent",
    "BattleEventName": "BattleEventName_17",
    "HeadIcon": "SpriteOutput/AvatarIconTeam/999.png",
    "AbilityList": [
      "BattleEventAbility_Challenge_04"
    ],
    "OverrideProperty": [
      {
        "PropertyType": "BaseHP",
        "Value": {
          "RawValue": 386547056640
        }
      }
    ],
    "Speed": {
      "RawValue": 429496729600
    },
    "HardLevel": true,
    "EliteGroup": false,
    "Config": "",
    "Prefab": "",
    "BasePoint": "",
    "DescrptionText": "BattleEventDesc_17",
    "ParamList": [
      {
        "RawValue": 2147483650
      }
    ]
  },
  "18": {
    "BattleEventID": 18,
    "EventSubType": "ChallengerEvent",
    "BattleEventName": "BattleEventName_18",
    "HeadIcon": "SpriteOutput/AvatarIconTeam/999.png",
    "AbilityList": [
      "BattleEventAbility_Challenge_05"
    ],
    "OverrideProperty": [
      {
        "PropertyType": "BaseHP",
        "Value": {
          "RawValue": 386547056640
        }
      }
    ],
    "Speed": {
      "RawValue": 429496729600
    },
    "HardLevel": true,
    "EliteGroup": false,
    "Config": "",
    "Prefab": "",
    "BasePoint": "",
    "DescrptionText": "BattleEventDesc_18",
    "ParamList": [
      {
        "RawValue": 2147483650
      }
    ]
  },
  "19": {
    "BattleEventID": 19,
    "EventSubType": "ChallengerEvent",
    "BattleEventName": "BattleEventName_19",
    "HeadIcon": "SpriteOutput/AvatarIconTeam/999.png",
    "AbilityList": [
      "BattleEventAbility_Challenge_06"
    ],
    "OverrideProperty": [
      {
        "PropertyType": "BaseHP",
        "Value": {
          "RawValue": 386547056640
        }
      }
    ],
    "Speed": {
      "RawValue": 429496729600
    },
    "HardLevel": true,
    "EliteGroup": false,
    "Config": "",
    "Prefab": "",
    "BasePoint": "",
    "DescrptionText": "BattleEventDesc_19",
    "ParamList": [
      {
        "RawValue": 0
      },
      {
        "RawValue": 1717986920
      },
      {
        "RawValue": 8589934592
      }
    ]
  },
  "20": {
    "BattleEventID": 20,
    "EventSubType": "ChallengerEvent",
    "BattleEventName": "BattleEventName_20",
    "HeadIcon": "SpriteOutput/AvatarIconTeam/999.png",
    "AbilityList": [
      "BattleEventAbility_Challenge_07"
    ],
    "OverrideProperty": [
      {
        "PropertyType": "BaseHP",
        "Value": {
          "RawValue": 386547056640
        }
      }
    ],
    "Speed": {
      "RawValue": 429496729600
    },
    "HardLevel": true,
    "EliteGroup": false,
    "Config": "",
    "Prefab": "",
    "BasePoint": "",
    "DescrptionText": "BattleEventDesc_20",
    "ParamList": [
      {
        "RawValue": 0
      },
      {
        "RawValue": 1717986920
      },
      {
        "RawValue": 8589934592
      }
    ]
  },
  "21": {
    "BattleEventID": 21,
    "EventSubType": "ChallengerEvent",
    "BattleEventName": "BattleEventName_21",
    "HeadIcon": "SpriteOutput/AvatarIconTeam/999.png",
    "AbilityList": [
      "BattleEventAbility_Challenge_08"
    ],
    "OverrideProperty": [
      {
        "PropertyType": "BaseHP",
        "Value": {
          "RawValue": 386547056640
        }
      }
    ],
    "Speed": {
      "RawValue": 429496729600
    },
    "HardLevel": true,
    "EliteGroup": false,
    "Config": "",
    "Prefab": "",
    "BasePoint": "",
    "DescrptionText": "BattleEventDesc_21",
    "ParamList": [
      {
        "RawValue": 0
      },
      {
        "RawValue": 1717986920
      },
      {
        "RawValue": 8589934592
      }
    ]
  },
  "22": {
    "BattleEventID": 22,
    "EventSubType": "ChallengerEvent",
    "BattleEventName": "BattleEventName_22",
    "HeadIcon": "SpriteOutput/AvatarIconTeam/999.png",
    "AbilityList": [
      "BattleEventAbility_Challenge_09"
    ],
    "OverrideProperty": [
      {
        "PropertyType": "BaseHP",
        "Value": {
          "RawValue": 386547056640
        }
      }
    ],
    "Speed": {
      "RawValue": 429496729600
    },
    "HardLevel": true,
    "EliteGroup": false,
    "Config": "",
    "Prefab": "",
    "BasePoint": "",
    "DescrptionText": "BattleEventDesc_22",
    "ParamList": [
      {
        "RawValue": 0
      },
      {
        "RawValue": 1717986920
      },
      {
        "RawValue": 8589934592
      }
    ]
  },
  "23": {
    "BattleEventID": 23,
    "EventSubType": "ChallengerEvent",
    "BattleEventName": "BattleEventName_23",
    "HeadIcon": "SpriteOutput/AvatarIconTeam/999.png",
    "AbilityList": [
      "BattleEventAbility_629912"
    ],
    "OverrideProperty": [
      {
        "PropertyType": "BaseAttack",
        "Value": {
          "RawValue": 429496729600
        }
      }
    ],
    "Speed": {
      "RawValue": 515396075520
    },
    "HardLevel": false,
    "EliteGroup": false,
    "Config": "",
    "Prefab": "",
    "BasePoint": "",
    "DescrptionText": "BattleEventDesc_23",
    "ParamList": []
  },
  "24": {
    "BattleEventID": 24,
    "EventSubType": "ChallengerEvent",
    "BattleEventName": "BattleEventName_24",
    "HeadIcon": "SpriteOutput/AvatarIconTeam/999.png",
    "AbilityList": [
      "BattleEventAbility_629909"
    ],
    "OverrideProperty": [
      {
        "PropertyType": "BaseAttack",
        "Value": {
          "RawValue": 429496729600
        }
      }
    ],
    "Speed": {
      "RawValue": 429496729600
    },
    "HardLevel": false,
    "EliteGroup": false,
    "Config": "",
    "Prefab": "",
    "BasePoint": "",
    "DescrptionText": "BattleEventDesc_24",
    "ParamList": []
  },
  "25": {
    "BattleEventID": 25,
    "EventSubType": "ChallengerEvent",
    "BattleEventName": "BattleEventName_25",
    "HeadIcon": "SpriteOutput/AvatarIconTeam/999.png",
    "AbilityList": [
      "BattleEventAbility_629910"
    ],
    "OverrideProperty": [
      {
        "PropertyType": "BaseAttack",
        "Value": {
          "RawValue": 429496729600
        }
      }
    ],
    "Speed": {
      "RawValue": 429496729600
    },
    "HardLevel": false,
    "EliteGroup": false,
    "Config": "",
    "Prefab": "",
    "BasePoint": "",
    "DescrptionText": "BattleEventDesc_25",
    "ParamList": []
  },
  "26": {
    "BattleEventID": 26,
    "EventSubType": "ChallengerEvent",
    "BattleEventName": "BattleEventName_26",
    "HeadIcon": "SpriteOutput/AvatarIconTeam/999.png",
    "AbilityList": [
      "BattleEventAbility_Challenge_10"
    ],
    "OverrideProperty": [
      {
        "PropertyType": "BaseHP",
        "Value": {
          "RawValue": 386547056640
        }
      }
    ],
    "Speed": {
      "RawValue": 429496729600
    },
    "HardLevel": true,
    "EliteGroup": false,
    "Config": "",
    "Prefab": "",
    "BasePoint": "",
    "DescrptionText": "BattleEventDesc_26",
    "ParamList": [
      {
        "RawValue": 0
      },
      {
        "RawValue": 1717986920
      },
      {
        "RawValue": 8589934592
      }
    ]
  },
  "27": {
    "BattleEventID": 27,
    "EventSubType": "ChallengerEvent",
    "BattleEventName": "BattleEventName_27",
    "HeadIcon": "SpriteOutput/AvatarIconTeam/999.png",
    "AbilityList": [
      "BattleEventAbility_Challenge_11"
    ],
    "OverrideProperty": [
      {
        "PropertyType": "BaseHP",
        "Value": {
          "RawValue": 386547056640
        }
      }
    ],
    "Speed": {
      "RawValue": 429496729600
    },
    "HardLevel": true,
    "EliteGroup": false,
    "Config": "",
    "Prefab": "",
    "BasePoint": "",
    "DescrptionText": "BattleEventDesc_27",
    "ParamList": [
      {
        "RawValue": 343597384
      },
      {
        "RawValue": 21474836480
      }
    ]
  },
  "28": {
    "BattleEventID": 28,
    "EventSubType": "ChallengerEvent",
    "BattleEventName": "BattleEventName_28",
    "HeadIcon": "SpriteOutput/AvatarIconTeam/999.png",
    "AbilityList": [
      "BattleEventAbility_Challenge_12"
    ],
    "OverrideProperty": [
      {
        "PropertyType": "BaseHP",
        "Value": {
          "RawValue": 386547056640
        }
      }
    ],
    "Speed": {
      "RawValue": 429496729600
    },
    "HardLevel": true,
    "EliteGroup": false,
    "Config": "",
    "Prefab": "",
    "BasePoint": "",
    "DescrptionText": "BattleEventDesc_28",
    "ParamList": [
      {
        "RawValue": 644245095
      },
      {
        "RawValue": 21474836480
      }
    ]
  },
  "29": {
    "BattleEventID": 29,
    "EventSubType": "ChallengerEvent",
    "BattleEventName": "BattleEventName_29",
    "HeadIcon": "SpriteOutput/AvatarIconTeam/999.png",
    "AbilityList": [
      "BattleEventAbility_Challenge_13"
    ],
    "OverrideProperty": [
      {
        "PropertyType": "BaseHP",
        "Value": {
          "RawValue": 386547056640
        }
      }
    ],
    "Speed": {
      "RawValue": 429496729600
    },
    "HardLevel": true,
    "EliteGroup": false,
    "Config": "",
    "Prefab": "",
    "BasePoint": "",
    "DescrptionText": "BattleEventDesc_29",
    "ParamList": [
      {
        "RawValue": 25769803776
      },
      {
        "RawValue": 21474836480
      }
    ]
  },
  "30": {
    "BattleEventID": 30,
    "EventSubType": "ChallengerEvent",
    "BattleEventName": "BattleEventName_30",
    "HeadIcon": "SpriteOutput/AvatarIconTeam/999.png",
    "AbilityList": [
      "BattleEventAbility_Challenge_14"
    ],
    "OverrideProperty": [
      {
        "PropertyType": "BaseHP",
        "Value": {
          "RawValue": 386547056640
        }
      }
    ],
    "Speed": {
      "RawValue": 429496729600
    },
    "HardLevel": true,
    "EliteGroup": false,
    "Config": "",
    "Prefab": "",
    "BasePoint": "",
    "DescrptionText": "BattleEventDesc_30",
    "ParamList": [
      {
        "RawValue": 515396076
      },
      {
        "RawValue": 21474836480
      }
    ]
  },
  "31": {
    "BattleEventID": 31,
    "EventSubType": "ChallengerEvent",
    "BattleEventName": "BattleEventName_31",
    "HeadIcon": "SpriteOutput/AvatarIconTeam/999.png",
    "AbilityList": [
      "BattleEventAbility_Challenge_15"
    ],
    "OverrideProperty": [
      {
        "PropertyType": "BaseHP",
        "Value": {
          "RawValue": 386547056640
        }
      }
    ],
    "Speed": {
      "RawValue": 429496729600
    },
    "HardLevel": true,
    "EliteGroup": false,
    "Config": "",
    "Prefab": "",
    "BasePoint": "",
    "DescrptionText": "BattleEventDesc_31",
    "ParamList": [
      {
        "RawValue": 515396076
      },
      {
        "RawValue": 21474836480
      }
    ]
  },
  "32": {
    "BattleEventID": 32,
    "EventSubType": "ChallengerEvent",
    "BattleEventName": "BattleEventName_32",
    "HeadIcon": "SpriteOutput/AvatarIconTeam/999.png",
    "AbilityList": [
      "BattleEventAbility_Challenge_16",
      "BattleEventAbility_Challenge_Month_01"
    ],
    "OverrideProperty": [
      {
        "PropertyType": "BaseHP",
        "Value": {
          "RawValue": 386547056640
        }
      }
    ],
    "Speed": {
      "RawValue": 429496729600
    },
    "HardLevel": true,
    "EliteGroup": false,
    "Config": "",
    "Prefab": "",
    "BasePoint": "",
    "DescrptionText": "BattleEventDesc_32",
    "ParamList": [
      {
        "RawValue": 1288490190
      },
      {
        "RawValue": 0
      },
      {
        "RawValue": 0
      },
      {
        "RawValue": 0
      },
      {
        "RawValue": 429496730
      },
      {
        "RawValue": 858993460
      },
      {
        "RawValue": 12884901888
      },
      {
        "RawValue": 12884901888
      }
    ]
  },
  "33": {
    "BattleEventID": 33,
    "EventSubType": "ChallengerEvent",
    "BattleEventName": "BattleEventName_33",
    "HeadIcon": "SpriteOutput/AvatarIconTeam/999.png",
    "AbilityList": [
      "BattleEventAbility_Challenge_17",
      "BattleEventAbility_Challenge_Month_01"
    ],
    "OverrideProperty": [
      {
        "PropertyType": "BaseHP",
        "Value": {
          "RawValue": 386547056640
        }
      }
    ],
    "Speed": {
      "RawValue": 429496729600
    },
    "HardLevel": true,
    "EliteGroup": false,
    "Config": "",
    "Prefab": "",
    "BasePoint": "",
    "DescrptionText": "BattleEventDesc_33",
    "ParamList": [
      {
        "RawValue": 1288490190
      },
      {
        "RawValue": 0
      },
      {
        "RawValue": 0
      },
      {
        "RawValue": 0
      },
      {
        "RawValue": 429496730
      },
      {
        "RawValue": 858993460
      },
      {
        "RawValue": 12884901888
      },
      {
        "RawValue": 12884901888
      }
    ]
  },
  "34": {
    "BattleEventID": 34,
    "EventSubType": "ChallengerEvent",
    "BattleEventName": "BattleEventName_34",
    "HeadIcon": "SpriteOutput/AvatarIconTeam/999.png",
    "AbilityList": [
      "BattleEventAbility_Challenge_18",
      "BattleEventAbility_Challenge_Month_01"
    ],
    "OverrideProperty": [
      {
        "PropertyType": "BaseHP",
        "Value": {
          "RawValue": 386547056640
        }
      }
    ],
    "Speed": {
      "RawValue": 429496729600
    },
    "HardLevel": true,
    "EliteGroup": false,
    "Config": "",
    "Prefab": "",
    "BasePoint": "",
    "DescrptionText": "BattleEventDesc_34",
    "ParamList": [
      {
        "RawValue": 1288490190
      },
      {
        "RawValue": 0
      },
      {
        "RawValue": 0
      },
      {
        "RawValue": 0
      },
      {
        "RawValue": 429496730
      },
      {
        "RawValue": 858993460
      },
      {
        "RawValue": 12884901888
      },
      {
        "RawValue": 12884901888
      }
    ]
  },
  "35": {
    "BattleEventID": 35,
    "EventSubType": "ChallengerEvent",
    "BattleEventName": "BattleEventName_35",
    "HeadIcon": "SpriteOutput/AvatarIconTeam/999.png",
    "AbilityList": [
      "BattleEventAbility_Challenge_19",
      "BattleEventAbility_Challenge_Month_01"
    ],
    "OverrideProperty": [
      {
        "PropertyType": "BaseHP",
        "Value": {
          "RawValue": 386547056640
        }
      }
    ],
    "Speed": {
      "RawValue": 429496729600
    },
    "HardLevel": true,
    "EliteGroup": false,
    "Config": "",
    "Prefab": "",
    "BasePoint": "",
    "DescrptionText": "BattleEventDesc_35",
    "ParamList": [
      {
        "RawValue": 1288490190
      },
      {
        "RawValue": 0
      },
      {
        "RawValue": 0
      },
      {
        "RawValue": 0
      },
      {
        "RawValue": 429496730
      },
      {
        "RawValue": 858993460
      },
      {
        "RawValue": 12884901888
      },
      {
        "RawValue": 12884901888
      }
    ]
  },
  "36": {
    "BattleEventID": 36,
    "EventSubType": "ChallengerEvent",
    "BattleEventName": "BattleEventName_36",
    "HeadIcon": "SpriteOutput/AvatarIconTeam/999.png",
    "AbilityList": [
      "BattleEventAbility_Challenge_20",
      "BattleEventAbility_Challenge_Month_01"
    ],
    "OverrideProperty": [
      {
        "PropertyType": "BaseHP",
        "Value": {
          "RawValue": 386547056640
        }
      }
    ],
    "Speed": {
      "RawValue": 429496729600
    },
    "HardLevel": true,
    "EliteGroup": false,
    "Config": "",
    "Prefab": "",
    "BasePoint": "",
    "DescrptionText": "BattleEventDesc_36",
    "ParamList": [
      {
        "RawValue": 1288490190
      },
      {
        "RawValue": 0
      },
      {
        "RawValue": 0
      },
      {
        "RawValue": 0
      },
      {
        "RawValue": 429496730
      },
      {
        "RawValue": 858993460
      },
      {
        "RawValue": 12884901888
      },
      {
        "RawValue": 12884901888
      }
    ]
  },
  "37": {
    "BattleEventID": 37,
    "EventSubType": "ChallengerEvent",
    "BattleEventName": "BattleEventName_37",
    "HeadIcon": "SpriteOutput/AvatarIconTeam/999.png",
    "AbilityList": [
      "BattleEventAbility_Challenge_21",
      "BattleEventAbility_Challenge_Month_01"
    ],
    "OverrideProperty": [
      {
        "PropertyType": "BaseHP",
        "Value": {
          "RawValue": 386547056640
        }
      }
    ],
    "Speed": {
      "RawValue": 429496729600
    },
    "HardLevel": true,
    "EliteGroup": false,
    "Config": "",
    "Prefab": "",
    "BasePoint": "",
    "DescrptionText": "BattleEventDesc_37",
    "ParamList": [
      {
        "RawValue": 1288490190
      },
      {
        "RawValue": 0
      },
      {
        "RawValue": 0
      },
      {
        "RawValue": 0
      },
      {
        "RawValue": 429496730
      },
      {
        "RawValue": 858993460
      },
      {
        "RawValue": 12884901888
      },
      {
        "RawValue": 12884901888
      }
    ]
  },
  "38": {
    "BattleEventID": 38,
    "EventSubType": "ChallengerEvent",
    "BattleEventName": "BattleEventName_38",
    "HeadIcon": "SpriteOutput/AvatarIconTeam/999.png",
    "AbilityList": [
      "BattleEventAbility_Challenge_22",
      "BattleEventAbility_Challenge_Month_01"
    ],
    "OverrideProperty": [
      {
        "PropertyType": "BaseHP",
        "Value": {
          "RawValue": 386547056640
        }
      }
    ],
    "Speed": {
      "RawValue": 429496729600
    },
    "HardLevel": true,
    "EliteGroup": false,
    "Config": "",
    "Prefab": "",
    "BasePoint": "",
    "DescrptionText": "BattleEventDesc_38",
    "ParamList": [
      {
        "RawValue": 1288490190
      },
      {
        "RawValue": 0
      },
      {
        "RawValue": 0
      },
      {
        "RawValue": 0
      },
      {
        "RawValue": 429496730
      },
      {
        "RawValue": 858993460
      },
      {
        "RawValue": 12884901888
      },
      {
        "RawValue": 12884901888
      }
    ]
  },
  "39": {
    "BattleEventID": 39,
    "EventSubType": "ChallengerEvent",
    "BattleEventName": "BattleEventName_39",
    "HeadIcon": "SpriteOutput/AvatarIconTeam/999.png",
    "AbilityList": [
      "BattleEventAbility_Challenge_23",
      "BattleEventAbility_Challenge_Month_01"
    ],
    "OverrideProperty": [
      {
        "PropertyType": "BaseHP",
        "Value": {
          "RawValue": 386547056640
        }
      }
    ],
    "Speed": {
      "RawValue": 429496729600
    },
    "HardLevel": true,
    "EliteGroup": false,
    "Config": "",
    "Prefab": "",
    "BasePoint": "",
    "DescrptionText": "BattleEventDesc_39",
    "ParamList": [
      {
        "RawValue": 1288490190
      },
      {
        "RawValue": 0
      },
      {
        "RawValue": 0
      },
      {
        "RawValue": 0
      },
      {
        "RawValue": 429496730
      },
      {
        "RawValue": 858993460
      },
      {
        "RawValue": 12884901888
      },
      {
        "RawValue": 12884901888
      }
    ]
  },
  "40": {
    "BattleEventID": 40,
    "EventSubType": "ChallengerEvent",
    "BattleEventName": "BattleEventName_40",
    "HeadIcon": "SpriteOutput/AvatarIconTeam/999.png",
    "AbilityList": [
      "BattleEventAbility_Challenge_24",
      "BattleEventAbility_Challenge_Month_01"
    ],
    "OverrideProperty": [
      {
        "PropertyType": "BaseHP",
        "Value": {
          "RawValue": 386547056640
        }
      }
    ],
    "Speed": {
      "RawValue": 429496729600
    },
    "HardLevel": true,
    "EliteGroup": false,
    "Config": "",
    "Prefab": "",
    "BasePoint": "",
    "DescrptionText": "BattleEventDesc_40",
    "ParamList": [
      {
        "RawValue": 1288490190
      },
      {
        "RawValue": 0
      },
      {
        "RawValue": 0
      },
      {
        "RawValue": 0
      },
      {
        "RawValue": 429496730
      },
      {
        "RawValue": 858993460
      },
      {
        "RawValue": 12884901888
      },
      {
        "RawValue": 12884901888
      }
    ]
  },
  "41": {
    "BattleEventID": 41,
    "EventSubType": "ChallengerEvent",
    "BattleEventName": "BattleEventName_41",
    "HeadIcon": "SpriteOutput/AvatarIconTeam/999.png",
    "AbilityList": [
      "BattleEventAbility_Challenge_25",
      "BattleEventAbility_Challenge_Month_01"
    ],
    "OverrideProperty": [
      {
        "PropertyType": "BaseHP",
        "Value": {
          "RawValue": 386547056640
        }
      }
    ],
    "Speed": {
      "RawValue": 429496729600
    },
    "HardLevel": true,
    "EliteGroup": false,
    "Config": "",
    "Prefab": "",
    "BasePoint": "",
    "DescrptionText": "BattleEventDesc_41",
    "ParamList": [
      {
        "RawValue": 2147483650
      },
      {
        "RawValue": 0
      },
      {
        "RawValue": 0
      },
      {
        "RawValue": 0
      },
      {
        "RawValue": 429496730
      },
      {
        "RawValue": 858993460
      },
      {
        "RawValue": 12884901888
      },
      {
        "RawValue": 12884901888
      }
    ]
  },
  "42": {
    "BattleEventID": 42,
    "EventSubType": "AssistEvent",
    "BattleEventName": "BattleEventName_42",
    "HeadIcon": "SpriteOutput/BattleEventIcon/HoshinoKami_001.png",
    "AbilityList": [
      "BattleEventAbility_620101",
      "BattleEventAbility_620101_Camera"
    ],
    "OverrideProperty": [
      {
        "PropertyType": "BaseHP",
        "Value": {
          "RawValue": 386547056640
        }
      }
    ],
    "Speed": {
      "RawValue": 356482285568
    },
    "HardLevel": true,
    "EliteGroup": true,
    "Config": "",
    "Prefab": "",
    "BasePoint": "",
    "DescrptionText": "BattleEventDesc_42",
    "ParamList": []
  },
  "43": {
    "BattleEventID": 43,
    "EventSubType": "AssistEvent",
    "BattleEventName": "BattleEventName_43",
    "HeadIcon": "SpriteOutput/BattleEventIcon/HoshinoKami_000.png",
    "AbilityList": [
      "BattleEventAbility_620201",
      "BattleEventAbility_620201_Camera"
    ],
    "OverrideProperty": [
      {
        "PropertyType": "BaseHP",
        "Value": {
          "RawValue": 386547056640
        }
      }
    ],
    "Speed": {
      "RawValue": 429496729600
    },
    "HardLevel": true,
    "EliteGroup": true,
    "Config": "",
    "Prefab": "",
    "BasePoint": "",
    "DescrptionText": "BattleEventDesc_43",
    "ParamList": []
  },
  "44": {
    "BattleEventID": 44,
    "EventSubType": "AssistEvent",
    "BattleEventName": "BattleEventName_44",
    "HeadIcon": "SpriteOutput/AvatarIconTeam/999.png",
    "AbilityList": [
      "BattleEventAbility_620301"
    ],
    "OverrideProperty": [
      {
        "PropertyType": "BaseHP",
        "Value": {
          "RawValue": 386547056640
        }
      }
    ],
    "Speed": {
      "RawValue": 343597383680
    },
    "HardLevel": true,
    "EliteGroup": true,
    "Config": "",
    "Prefab": "",
    "BasePoint": "",
    "DescrptionText": "BattleEventDesc_44",
    "ParamList": []
  },
  "45": {
    "BattleEventID": 45,
    "EventSubType": "AssistEvent",
    "BattleEventName": "BattleEventName_45",
    "HeadIcon": "SpriteOutput/AvatarIconTeam/999.png",
    "AbilityList": [
      "BattleEventAbility_620401"
    ],
    "OverrideProperty": [
      {
        "PropertyType": "BaseHP",
        "Value": {
          "RawValue": 386547056640
        }
      }
    ],
    "Speed": {
      "RawValue": 257698037760
    },
    "HardLevel": true,
    "EliteGroup": true,
    "Config": "",
    "Prefab": "",
    "BasePoint": "",
    "DescrptionText": "BattleEventDesc_45",
    "ParamList": []
  },
  "46": {
    "BattleEventID": 46,
    "EventSubType": "ChallengerEvent",
    "BattleEventName": "BattleEventName_46",
    "HeadIcon": "SpriteOutput/AvatarIconTeam/999.png",
    "AbilityList": [
      "BattleEventAbility_ChallengeTurnLimit",
      "BattleEventAbility_Challenge_03_temp",
      "BattleEventAbility_Camear_SelectLightTeamEntity"
    ],
    "OverrideProperty": [
      {
        "PropertyType": "BaseHP",
        "Value": {
          "RawValue": 386547056640
        }
      }
    ],
    "Speed": {
      "RawValue": 429496729600
    },
    "HardLevel": true,
    "EliteGroup": false,
    "Config": "",
    "Prefab": "",
    "BasePoint": "",
    "DescrptionText": "BattleEventDesc_46",
    "ParamList": []
  },
  "47": {
    "BattleEventID": 47,
    "EventSubType": "ChallengerEvent",
    "BattleEventName": "BattleEventName_47",
    "HeadIcon": "SpriteOutput/AvatarIconTeam/999.png",
    "AbilityList": [
      "BattleEventAbility_ChallengeTurnLimit",
      "BattleEventAbility_Challenge_04_temp",
      "BattleEventAbility_Camear_SelectDarkTeamEntity"
    ],
    "OverrideProperty": [
      {
        "PropertyType": "BaseHP",
        "Value": {
          "RawValue": 386547056640
        }
      }
    ],
    "Speed": {
      "RawValue": 429496729600
    },
    "HardLevel": true,
    "EliteGroup": false,
    "Config": "",
    "Prefab": "",
    "BasePoint": "",
    "DescrptionText": "BattleEventDesc_47",
    "ParamList": []
  },
  "48": {
    "BattleEventID": 48,
    "EventSubType": "AssistEvent",
    "BattleEventName": "BattleEventName_48",
    "HeadIcon": "SpriteOutput/AvatarIconTeam/999.png",
    "AbilityList": [
      "BattleEventAbility_620501"
    ],
    "OverrideProperty": [
      {
        "PropertyType": "BaseHP",
        "Value": {
          "RawValue": 386547056640
        }
      }
    ],
    "Speed": {
      "RawValue": 429496729600
    },
    "HardLevel": true,
    "EliteGroup": true,
    "Config": "",
    "Prefab": "",
    "BasePoint": "",
    "DescrptionText": "BattleEventDesc_48",
    "ParamList": []
  },
  "49": {
    "BattleEventID": 49,
    "EventSubType": "AssistEvent",
    "BattleEventName": "BattleEventName_49",
    "HeadIcon": "SpriteOutput/AvatarIconTeam/999.png",
    "AbilityList": [
      "BattleEventAbility_620601"
    ],
    "OverrideProperty": [
      {
        "PropertyType": "BaseHP",
        "Value": {
          "RawValue": 386547056640
        }
      }
    ],
    "Speed": {
      "RawValue": 429496729600
    },
    "HardLevel": true,
    "EliteGroup": true,
    "Config": "",
    "Prefab": "",
    "BasePoint": "",
    "DescrptionText": "BattleEventDesc_49",
    "ParamList": []
  },
  "50": {
    "BattleEventID": 50,
    "EventSubType": "AssistEvent",
    "BattleEventName": "BattleEventName_50",
    "HeadIcon": "SpriteOutput/BattleEventIcon/Monster_Flag.png",
    "AbilityList": [
      "BattleEventAbility_CocoliaP1_00_RL",
      "BattleEventAbility_CocoliaP1_00_RL_Insert"
    ],
    "OverrideProperty": [
      {
        "PropertyType": "BaseAttack",
        "Value": {
          "RawValue": 429496729600
        }
      },
      {
        "PropertyType": "Level",
        "Value": {
          "RawValue": 4294967296
        }
      },
      {
        "PropertyType": "CriticalChance",
        "Value": {
          "RawValue": 4294967296
        }
      },
      {
        "PropertyType": "CriticalDamage",
        "Value": {
          "RawValue": 4294967296
        }
      }
    ],
    "Speed": {
      "RawValue": 0
    },
    "HardLevel": false,
    "EliteGroup": false,
    "Config": "",
    "Prefab": "",
    "BasePoint": "",
    "DescrptionText": "BattleEventDesc_50",
    "ParamList": []
  },
  "100": {
    "BattleEventID": 100,
    "EventSubType": "AssistEvent",
    "BattleEventName": "BattleEventName_100",
    "HeadIcon": "SpriteOutput/AvatarIconTeam/999.png",
    "AbilityList": [
      "BattleEventAbility_900100"
    ],
    "OverrideProperty": [
      {
        "PropertyType": "BaseHP",
        "Value": {
          "RawValue": 386547056640
        }
      },
      {
        "PropertyType": "BaseAttack",
        "Value": {
          "RawValue": 429496729600
        }
      }
    ],
    "Speed": {
      "RawValue": 858993459200
    },
    "HardLevel": true,
    "EliteGroup": false,
    "Config": "",
    "Prefab": "",
    "BasePoint": "",
    "DescrptionText": "BattleEventDesc_100",
    "ParamList": []
  },
  "101": {
    "BattleEventID": 101,
    "EventSubType": "AssistEvent",
    "BattleEventName": "BattleEventName_101",
    "HeadIcon": "SpriteOutput/AvatarIconTeam/999.png",
    "AbilityList": [
      "BattleEventAbility_900101"
    ],
    "OverrideProperty": [
      {
        "PropertyType": "BaseHP",
        "Value": {
          "RawValue": 386547056640
        }
      },
      {
        "PropertyType": "BaseAttack",
        "Value": {
          "RawValue": 429496729600
        }
      }
    ],
    "Speed": {
      "RawValue": 858993459200
    },
    "HardLevel": true,
    "EliteGroup": false,
    "Config": "",
    "Prefab": "",
    "BasePoint": "",
    "DescrptionText": "BattleEventDesc_101",
    "ParamList": []
  }
}