{
  "5001": {
    "ChallengeID": 5001,
    "ScheduleDataID": 705001,
    "MonsterList": [
      1022020,
      1023010,
      8003020,
      1022020
    ],
    "ScoringGroupID": 5001,
    "IconPath": "SpriteOutput/UI/Quest/Challenge/FrozenIcon.png"
  },
  "5002": {
    "ChallengeID": 5002,
    "ScheduleDataID": 705002,
    "MonsterList": [
      1003010,
      1003010
    ],
    "ScoringGroupID": 5002,
    "IconPath": "SpriteOutput/UI/Quest/Challenge/PursuitIcon.png"
  },
  "5003": {
    "ChallengeID": 5003,
    "ScheduleDataID": 705003,
    "MonsterList": [
      1013020,
      1013010
    ],
    "ScoringGroupID": 5003,
    "IconPath": "SpriteOutput/UI/Quest/Challenge/FinalIcon.png"
  },
  "5004": {
    "ChallengeID": 5004,
    "ScheduleDataID": 705004,
    "MonsterList": [
      1012010,
      1014010,
      1012010
    ],
    "ScoringGroupID": 5004,
    "IconPath": "SpriteOutput/UI/Quest/Challenge/ContinueDamgeIcon.png"
  },
  "5005": {
    "ChallengeID": 5005,
    "ScheduleDataID": 705005,
    "MonsterList": [
      8013010,
      8013010
    ],
    "ScoringGroupID": 5005,
    "IconPath": "SpriteOutput/UI/Quest/Challenge/ShieldIcon.png"
  },
  "5006": {
    "ChallengeID": 5006,
    "ScheduleDataID": 705006,
    "MonsterList": [
      1022010,
      1004010,
      1022010
    ],
    "ScoringGroupID": 5006,
    "IconPath": "SpriteOutput/UI/Quest/Challenge/ContinueOperationIcon.png"
  },
  "5007": {
    "ChallengeID": 5007,
    "ScheduleDataID": 705007,
    "MonsterList": [
      8003010,
      1023010
    ],
    "ScoringGroupID": 5007,
    "IconPath": "SpriteOutput/UI/Quest/Challenge/BackWaterIcon.png"
  },
  "5008": {
    "ChallengeID": 5008,
    "ScheduleDataID": 705008,
    "MonsterList": [
      8003030,
      8003030
    ],
    "ScoringGroupID": 5008,
    "IconPath": "SpriteOutput/UI/Quest/Challenge/CriticalStrikeIcon.png"
  }
}