{
  "UseLess": {
    "ConstValueName": "UseLess",
    "Value": "1"
  },
  "CheckServerStatusInterval": {
    "ConstValueName": "CheckServerStatusInterval",
    "Value": "60"
  },
  "DisplayMaxAvatarPromotion": {
    "ConstValueName": "DisplayMaxAvatarPromotion",
    "Value": "5"
  },
  "DisplayMaxEquipmentPromotion": {
    "ConstValueName": "DisplayMaxEquipmentPromotion",
    "Value": "5"
  },
  "VTeamCreateConfirmDialog": {
    "ConstValueName": "VTeamCreateConfirmDialog",
    "Value": "0"
  },
  "VTeamDelConfirmDialog": {
    "ConstValueName": "VTeamDelConfirmDialog",
    "Value": "0"
  },
  "Update_Bounds_Frequency": {
    "ConstValueName": "Update_Bounds_Frequency",
    "Value": "20"
  },
  "Update_Bounds_Enable": {
    "ConstValueName": "Update_Bounds_Enable",
    "Value": "1"
  },
  "GachaTokenID": {
    "ConstValueName": "GachaTokenID",
    "Value": "252,251"
  },
  "GachaShopID": {
    "ConstValueName": "GachaShopID",
    "Value": "999"
  },
  "GachaResultDelayTime": {
    "ConstValueName": "GachaResultDelayTime",
    "Value": "0.15"
  },
  "GachaConnectDelay": {
    "ConstValueName": "GachaConnectDelay",
    "Value": "3"
  },
  "Recharge_Enable": {
    "ConstValueName": "Recharge_Enable",
    "Value": "0"
  },
  "Prestige_Reward_LockedLevelLater": {
    "ConstValueName": "Prestige_Reward_LockedLevelLater",
    "Value": "999999"
  },
  "SkillMaxLevel": {
    "ConstValueName": "SkillMaxLevel",
    "Value": "6,10,10,10"
  },
  "HeroPath_Enable": {
    "ConstValueName": "HeroPath_Enable",
    "Value": "0"
  },
  "NPC_Billboard_Fix_Size_Factor": {
    "ConstValueName": "NPC_Billboard_Fix_Size_Factor",
    "Value": "0.003"
  },
  "NPC_Billboard_Height_Min": {
    "ConstValueName": "NPC_Billboard_Height_Min",
    "Value": "-0.15"
  },
  "NPC_Billboard_Height_Max": {
    "ConstValueName": "NPC_Billboard_Height_Max",
    "Value": "0.3"
  },
  "NPC_Billboard_IconContainer_Scale": {
    "ConstValueName": "NPC_Billboard_IconContainer_Scale",
    "Value": "0.5"
  },
  "Rank_Shadow_Enable": {
    "ConstValueName": "Rank_Shadow_Enable",
    "Value": "0"
  },
  "GachaSkipBegin": {
    "ConstValueName": "GachaSkipBegin",
    "Value": "1"
  },
  "GachaSkipEnd": {
    "ConstValueName": "GachaSkipEnd",
    "Value": "7"
  },
  "MappingInfo_Track_RangeMin": {
    "ConstValueName": "MappingInfo_Track_RangeMin",
    "Value": "10"
  }
}