{
  "Equipment_Exp_Recyle_Ratio": {
    "ConstValueName": "Equipment_Exp_Recyle_Ratio",
    "Value": "80"
  },
  "Equipment_Material_Select_Limit": {
    "ConstValueName": "Equipment_Material_Select_Limit",
    "Value": "4"
  },
  "Exp_SoftCoin_Cost": {
    "ConstValueName": "Exp_SoftCoin_Cost",
    "Value": "10"
  },
  "SimpleTalk_Text_IntervalTime": {
    "ConstValueName": "SimpleTalk_Text_IntervalTime",
    "Value": "1.5"
  },
  "SimpleTalk_Voice_IntervalTime": {
    "ConstValueName": "SimpleTalk_Voice_IntervalTime",
    "Value": "1"
  },
  "SimpleTalk_ProtectTime": {
    "ConstValueName": "SimpleTalk_ProtectTime",
    "Value": "15"
  },
  "Dialogue_Button_CD": {
    "ConstValueName": "Dialogue_Button_CD",
    "Value": "2"
  },
  "Prop_Button_CD": {
    "ConstValueName": "Prop_Button_CD",
    "Value": "1"
  },
  "FrameItemRarityPath": {
    "ConstValueName": "FrameItemRarityPath",
    "Value": "SpriteOutput/ItemIcon/Rarity/FrameItemRarity0#1.png"
  },
  "Equipment_Maximum_Num": {
    "ConstValueName": "Equipment_Maximum_Num",
    "Value": "2000"
  },
  "PlayerName_Max": {
    "ConstValueName": "PlayerName_Max",
    "Value": "14"
  },
  "Stamina_Auto_Recover_Interval": {
    "ConstValueName": "Stamina_Auto_Recover_Interval",
    "Value": "360"
  },
  "Maze_MP_Max": {
    "ConstValueName": "Maze_MP_Max",
    "Value": "4"
  },
  "Maze_MP_Init": {
    "ConstValueName": "Maze_MP_Init",
    "Value": "4"
  },
  "Maze_MP_Count": {
    "ConstValueName": "Maze_MP_Count",
    "Value": "4"
  },
  "Maze_Refresh_CD": {
    "ConstValueName": "Maze_Refresh_CD",
    "Value": "4"
  },
  "Maze_Recover_Refresh_CD": {
    "ConstValueName": "Maze_Recover_Refresh_CD",
    "Value": "600"
  },
  "Maze_Recover_Refresh_Times": {
    "ConstValueName": "Maze_Recover_Refresh_Times",
    "Value": "5"
  },
  "Maze_Recover_Refresh_InitialTimes": {
    "ConstValueName": "Maze_Recover_Refresh_InitialTimes",
    "Value": "5"
  },
  "Maze_FastRunRatio": {
    "ConstValueName": "Maze_FastRunRatio",
    "Value": "1.3"
  },
  "FrameAvatarDamageTypePath": {
    "ConstValueName": "FrameAvatarDamageTypePath",
    "Value": "SpriteOutput/ItemIcon/ItemType/FrameItem0%s.png"
  },
  "FrameAvatarRarityPath": {
    "ConstValueName": "FrameAvatarRarityPath",
    "Value": "SpriteOutput/ItemIcon/Rarity/FrameIconRarity0%s.png"
  },
  "Food_SatietyValue_Limit": {
    "ConstValueName": "Food_SatietyValue_Limit",
    "Value": "5"
  },
  "Food_SatietyValue_Reduce_PerBattle": {
    "ConstValueName": "Food_SatietyValue_Reduce_PerBattle",
    "Value": "1"
  },
  "Food_SatietyValue_Reduce_Interval": {
    "ConstValueName": "Food_SatietyValue_Reduce_Interval",
    "Value": "300"
  },
  "Maze_MonsterAlert_DisplayRange": {
    "ConstValueName": "Maze_MonsterAlert_DisplayRange",
    "Value": "40"
  },
  "UI_SortMomory_Open": {
    "ConstValueName": "UI_SortMomory_Open",
    "Value": "1"
  },
  "TeamName_Max": {
    "ConstValueName": "TeamName_Max",
    "Value": "14"
  },
  "TextID_TeamDefaltName": {
    "ConstValueName": "TextID_TeamDefaltName",
    "Value": "Team_Default_Name_0%d"
  },
  "Maze_FPS_Upload_Time_Interval": {
    "ConstValueName": "Maze_FPS_Upload_Time_Interval",
    "Value": "60"
  },
  "Battle_FPS_Upload_Time_Interval": {
    "ConstValueName": "Battle_FPS_Upload_Time_Interval",
    "Value": "5"
  },
  "Story_Skip_Close": {
    "ConstValueName": "Story_Skip_Close",
    "Value": "1"
  },
  "Text_Format_Symbol": {
    "ConstValueName": "Text_Format_Symbol",
    "Value": "，。；：？！’” ＞》）」』】〕}%…@#$&^*-+•"
  },
  "HangUpConstTime": {
    "ConstValueName": "HangUpConstTime",
    "Value": "180"
  },
  "Combat_Power_Avatar_Base": {
    "ConstValueName": "Combat_Power_Avatar_Base",
    "Value": "138"
  },
  "Combat_Power_Avatar_PerLevel": {
    "ConstValueName": "Combat_Power_Avatar_PerLevel",
    "Value": "12"
  },
  "Combat_Power_Avatar_PerPromotion": {
    "ConstValueName": "Combat_Power_Avatar_PerPromotion",
    "Value": "120"
  },
  "Combat_Power_Avatar_Rarity4": {
    "ConstValueName": "Combat_Power_Avatar_Rarity4",
    "Value": "1"
  },
  "Combat_Power_Avatar_Rarity5": {
    "ConstValueName": "Combat_Power_Avatar_Rarity5",
    "Value": "1.1"
  },
  "Combat_Power_Avatar_Rank": {
    "ConstValueName": "Combat_Power_Avatar_Rank",
    "Value": "58"
  },
  "Combat_Power_PerSkillTree_Level": {
    "ConstValueName": "Combat_Power_PerSkillTree_Level",
    "Value": "20"
  },
  "Combat_Power_LightCone_Base": {
    "ConstValueName": "Combat_Power_LightCone_Base",
    "Value": "38"
  },
  "Combat_Power_LightCone_PerLevel": {
    "ConstValueName": "Combat_Power_LightCone_PerLevel",
    "Value": "12"
  },
  "Combat_Power_LightCone_PerPromotion": {
    "ConstValueName": "Combat_Power_LightCone_PerPromotion",
    "Value": "140"
  },
  "Combat_Power_LightCone_Rarity3": {
    "ConstValueName": "Combat_Power_LightCone_Rarity3",
    "Value": "0.642857"
  },
  "Combat_Power_LightCone_Rarity4": {
    "ConstValueName": "Combat_Power_LightCone_Rarity4",
    "Value": "0.821429"
  },
  "Combat_Power_LightCone_Rarity5": {
    "ConstValueName": "Combat_Power_LightCone_Rarity5",
    "Value": "1"
  },
  "Combat_Power_LightCone_SkillPerRank": {
    "ConstValueName": "Combat_Power_LightCone_SkillPerRank",
    "Value": "0.25"
  },
  "Combat_Power_LightCone_SkillRarity3": {
    "ConstValueName": "Combat_Power_LightCone_SkillRarity3",
    "Value": "77.333333"
  },
  "Combat_Power_LightCone_SkillRarity4": {
    "ConstValueName": "Combat_Power_LightCone_SkillRarity4",
    "Value": "135.333333"
  },
  "Combat_Power_LightCone_SkillRarity5": {
    "ConstValueName": "Combat_Power_LightCone_SkillRarity5",
    "Value": "193.333333"
  },
  "Combat_Power_Relic_Base": {
    "ConstValueName": "Combat_Power_Relic_Base",
    "Value": "78.069841"
  },
  "Combat_Power_Relic_PerLevel": {
    "ConstValueName": "Combat_Power_Relic_PerLevel",
    "Value": "13.01164"
  },
  "Combat_Power_Relic_Rarity1": {
    "ConstValueName": "Combat_Power_Relic_Rarity1",
    "Value": "0.2"
  },
  "Combat_Power_Relic_Rarity2": {
    "ConstValueName": "Combat_Power_Relic_Rarity2",
    "Value": "0.4"
  },
  "Combat_Power_Relic_Rarity3": {
    "ConstValueName": "Combat_Power_Relic_Rarity3",
    "Value": "0.6"
  },
  "Combat_Power_Relic_Rarity4": {
    "ConstValueName": "Combat_Power_Relic_Rarity4",
    "Value": "0.8"
  },
  "Combat_Power_Relic_Rarity5": {
    "ConstValueName": "Combat_Power_Relic_Rarity5",
    "Value": "1"
  },
  "Combat_Power_Relic_SkillSet2": {
    "ConstValueName": "Combat_Power_Relic_SkillSet2",
    "Value": "78"
  },
  "Combat_Power_Relic_SkillSet4": {
    "ConstValueName": "Combat_Power_Relic_SkillSet4",
    "Value": "156"
  },
  "Combat_Power_Relic_SkillSet5": {
    "ConstValueName": "Combat_Power_Relic_SkillSet5",
    "Value": "78"
  },
  "Relic_Bonus_Level": {
    "ConstValueName": "Relic_Bonus_Level",
    "Value": "3,6,9,12,15"
  },
  "Relic_Max_SubAffix": {
    "ConstValueName": "Relic_Max_SubAffix",
    "Value": "4"
  },
  "Relic_Max_Count": {
    "ConstValueName": "Relic_Max_Count",
    "Value": "2000"
  },
  "Relic_Exp_ConversionRate": {
    "ConstValueName": "Relic_Exp_ConversionRate",
    "Value": "70"
  },
  "Relic_ReturnItemID": {
    "ConstValueName": "Relic_ReturnItemID",
    "Value": "232,231"
  },
  "MissonTalk_ProtectTime": {
    "ConstValueName": "MissonTalk_ProtectTime",
    "Value": "2"
  },
  "Item_Sell_Max_Count": {
    "ConstValueName": "Item_Sell_Max_Count",
    "Value": "100"
  },
  "LuaDataTickSpan": {
    "ConstValueName": "LuaDataTickSpan",
    "Value": "300"
  },
  "Cocoon_Weekly_Limit_Times": {
    "ConstValueName": "Cocoon_Weekly_Limit_Times",
    "Value": "3"
  },
  "Newbie_Gacha_Num": {
    "ConstValueName": "Newbie_Gacha_Num",
    "Value": "50"
  },
  "Newbie_Gacha_Discount_Num": {
    "ConstValueName": "Newbie_Gacha_Discount_Num",
    "Value": "8"
  },
  "Activity_Day_Time_Offset": {
    "ConstValueName": "Activity_Day_Time_Offset",
    "Value": "14400"
  },
  "Player_Max_Level": {
    "ConstValueName": "Player_Max_Level",
    "Value": "70"
  },
  "Login_Ready_Delay": {
    "ConstValueName": "Login_Ready_Delay",
    "Value": "2.3"
  },
  "Login_Start_Delay": {
    "ConstValueName": "Login_Start_Delay",
    "Value": "0"
  }
}