{
  "Rogue_Entrance_Cost": {
    "ConstRogueName": "Rogue_Entrance_Cost",
    "ConstValue": ""
  },
  "Roll_Buff_Cost": {
    "ConstRogueName": "Roll_Buff_Cost",
    "ConstValue": "[31:30],[31:50],[31:100]"
  },
  "Random_Buff_Cost": {
    "ConstRogueName": "Random_Buff_Cost",
    "ConstValue": "50"
  },
  "Random_Buff_Max_Times": {
    "ConstRogueName": "Random_Buff_Max_Times",
    "ConstValue": "1"
  },
  "Rogue_Start_Avatar_ID": {
    "ConstRogueName": "Rogue_Start_Avatar_ID",
    "ConstValue": "8001"
  },
  "Rogue_Stamina_Start": {
    "ConstRogueName": "Rogue_Stamina_Start",
    "ConstValue": "0"
  },
  "Rogue_Stamina_Max": {
    "ConstRogueName": "Rogue_Stamina_Max",
    "ConstValue": "100"
  },
  "Rogue_Recover_Times": {
    "ConstRogueName": "Rogue_Recover_Times",
    "ConstValue": "3"
  },
  "Rogue_Recover_Cost": {
    "ConstRogueName": "Rogue_Recover_Cost",
    "ConstValue": "3,5,8"
  },
  "Rogue_Recover_Effect": {
    "ConstRogueName": "Rogue_Recover_Effect",
    "ConstValue": "0.3"
  },
  "Rogue_Recover_ItemCost": {
    "ConstRogueName": "Rogue_Recover_ItemCost",
    "ConstValue": "[31:30],[31:50],[31:80]"
  },
  "Rogue_Heal_Stamina": {
    "ConstRogueName": "Rogue_Heal_Stamina",
    "ConstValue": "2"
  },
  "Rogue_Heal_Stamina_Cost": {
    "ConstRogueName": "Rogue_Heal_Stamina_Cost",
    "ConstValue": "0,80,200"
  },
  "Rogue_Heal_Stamina_Times": {
    "ConstRogueName": "Rogue_Heal_Stamina_Times",
    "ConstValue": "3"
  },
  "Rogue_Battle_Stamina_Cost": {
    "ConstRogueName": "Rogue_Battle_Stamina_Cost",
    "ConstValue": "0"
  },
  "Recommend_Nature": {
    "ConstRogueName": "Recommend_Nature",
    "ConstValue": "Physical,Ice,Wind"
  },
  "Rogue_Challenge_Normal": {
    "ConstRogueName": "Rogue_Challenge_Normal",
    "ConstValue": "1,2,3,4,5,6"
  },
  "Rogue_StanceLevelEffect": {
    "ConstRogueName": "Rogue_StanceLevelEffect",
    "ConstValue": "1"
  },
  "Rogue_Default_Buff": {
    "ConstRogueName": "Rogue_Default_Buff",
    "ConstValue": "[600000:1]"
  },
  "Rogue_Leave_Map_Entrance": {
    "ConstRogueName": "Rogue_Leave_Map_Entrance",
    "ConstValue": "9999812"
  },
  "Rogue_Start_Avatar_Number": {
    "ConstRogueName": "Rogue_Start_Avatar_Number",
    "ConstValue": "3"
  },
  "Rogue_Stamina_Room_Cost": {
    "ConstRogueName": "Rogue_Stamina_Room_Cost",
    "ConstValue": "0"
  },
  "Rogue_Stamina_Offset": {
    "ConstRogueName": "Rogue_Stamina_Offset",
    "ConstValue": "0"
  },
  "Rogue_First_Explore_Season": {
    "ConstRogueName": "Rogue_First_Explore_Season",
    "ConstValue": "100"
  },
  "Rogue_First_Explore_Level_List": {
    "ConstRogueName": "Rogue_First_Explore_Level_List",
    "ConstValue": "2001,2002,2003,2004,2005,2006,2007,2008,2009,2010"
  },
  "Rogue_First_Explore_Reward_List": {
    "ConstRogueName": "Rogue_First_Explore_Reward_List",
    "ConstValue": ""
  },
  "Rogue_Bless_Max_Level": {
    "ConstRogueName": "Rogue_Bless_Max_Level",
    "ConstValue": "5"
  },
  "Rogue_Record_Max_Number": {
    "ConstRogueName": "Rogue_Record_Max_Number",
    "ConstValue": "3"
  },
  "Rogue_Hall_Plane_ID": {
    "ConstRogueName": "Rogue_Hall_Plane_ID",
    "ConstValue": "80112"
  },
  "Rogue_Hall_Floor_ID": {
    "ConstRogueName": "Rogue_Hall_Floor_ID",
    "ConstValue": "80112001"
  },
  "Rogue_Hall_Refresh_Level": {
    "ConstRogueName": "Rogue_Hall_Refresh_Level",
    "ConstValue": "1"
  },
  "Rogue_Hall_Refresh_Weight": {
    "ConstRogueName": "Rogue_Hall_Refresh_Weight",
    "ConstValue": "0:10"
  },
  "Rogue_Appraisal_Max_Number": {
    "ConstRogueName": "Rogue_Appraisal_Max_Number",
    "ConstValue": "3"
  },
  "Rogue_Recommend_Level_First": {
    "ConstRogueName": "Rogue_Recommend_Level_First",
    "ConstValue": "3"
  },
  "Rogue_Recommend_Level": {
    "ConstRogueName": "Rogue_Recommend_Level",
    "ConstValue": "[0:15],[1:34],[2:46],[3:56],[4:66],[5:76],[6:80]"
  },
  "Rogue_Season_Clean_Item_List": {
    "ConstRogueName": "Rogue_Season_Clean_Item_List",
    "ConstValue": "502"
  },
  "Rogue_Gacha_Item_ID": {
    "ConstRogueName": "Rogue_Gacha_Item_ID",
    "ConstValue": "502"
  },
  "Rogue_Max_Gacha_OneTime": {
    "ConstRogueName": "Rogue_Max_Gacha_OneTime",
    "ConstValue": "100"
  },
  "Rogue_Season_Change_Mail_ID": {
    "ConstRogueName": "Rogue_Season_Change_Mail_ID",
    "ConstValue": "102"
  },
  "Rogue_Stone_Default_Perfect_Buff_Group": {
    "ConstRogueName": "Rogue_Stone_Default_Perfect_Buff_Group",
    "ConstValue": "100920"
  },
  "Rogue_Stone_Default_Normal_Buff_Group": {
    "ConstRogueName": "Rogue_Stone_Default_Normal_Buff_Group",
    "ConstValue": "100910"
  },
  "Rogue_Event_Default_Buff_Group": {
    "ConstRogueName": "Rogue_Event_Default_Buff_Group",
    "ConstValue": "100004"
  },
  "Rogue_Bless_Default_Level": {
    "ConstRogueName": "Rogue_Bless_Default_Level",
    "ConstValue": "1"
  },
  "Rogue_Reward_Item_List": {
    "ConstRogueName": "Rogue_Reward_Item_List",
    "ConstValue": "1,501,502,22"
  }
}