{
  "0:1": {
    "WorldLevel": 0,
    "FinishCount": 1,
    "RewardID": 102000,
    "ExtraRewardID": 0
  },
  "0:2": {
    "WorldLevel": 0,
    "FinishCount": 2,
    "RewardID": 102000,
    "ExtraRewardID": 0
  },
  "0:3": {
    "WorldLevel": 0,
    "FinishCount": 3,
    "RewardID": 102000,
    "ExtraRewardID": 102100
  },
  "1:1": {
    "WorldLevel": 1,
    "FinishCount": 1,
    "RewardID": 102001,
    "ExtraRewardID": 0
  },
  "1:2": {
    "WorldLevel": 1,
    "FinishCount": 2,
    "RewardID": 102001,
    "ExtraRewardID": 0
  },
  "1:3": {
    "WorldLevel": 1,
    "FinishCount": 3,
    "RewardID": 102001,
    "ExtraRewardID": 102101
  },
  "2:1": {
    "WorldLevel": 2,
    "FinishCount": 1,
    "RewardID": 102002,
    "ExtraRewardID": 0
  },
  "2:2": {
    "WorldLevel": 2,
    "FinishCount": 2,
    "RewardID": 102002,
    "ExtraRewardID": 0
  },
  "2:3": {
    "WorldLevel": 2,
    "FinishCount": 3,
    "RewardID": 102002,
    "ExtraRewardID": 102102
  },
  "3:1": {
    "WorldLevel": 3,
    "FinishCount": 1,
    "RewardID": 102003,
    "ExtraRewardID": 0
  },
  "3:2": {
    "WorldLevel": 3,
    "FinishCount": 2,
    "RewardID": 102003,
    "ExtraRewardID": 0
  },
  "3:3": {
    "WorldLevel": 3,
    "FinishCount": 3,
    "RewardID": 102003,
    "ExtraRewardID": 102103
  },
  "4:1": {
    "WorldLevel": 4,
    "FinishCount": 1,
    "RewardID": 102004,
    "ExtraRewardID": 0
  },
  "4:2": {
    "WorldLevel": 4,
    "FinishCount": 2,
    "RewardID": 102004,
    "ExtraRewardID": 0
  },
  "4:3": {
    "WorldLevel": 4,
    "FinishCount": 3,
    "RewardID": 102004,
    "ExtraRewardID": 102104
  },
  "5:1": {
    "WorldLevel": 5,
    "FinishCount": 1,
    "RewardID": 102005,
    "ExtraRewardID": 0
  },
  "5:2": {
    "WorldLevel": 5,
    "FinishCount": 2,
    "RewardID": 102005,
    "ExtraRewardID": 0
  },
  "5:3": {
    "WorldLevel": 5,
    "FinishCount": 3,
    "RewardID": 102005,
    "ExtraRewardID": 102105
  },
  "6:1": {
    "WorldLevel": 6,
    "FinishCount": 1,
    "RewardID": 102006,
    "ExtraRewardID": 0
  },
  "6:2": {
    "WorldLevel": 6,
    "FinishCount": 2,
    "RewardID": 102006,
    "ExtraRewardID": 0
  },
  "6:3": {
    "WorldLevel": 6,
    "FinishCount": 3,
    "RewardID": 102006,
    "ExtraRewardID": 102106
  }
}