{
  "ChatMissionIcon": {
    "Type": "ChatMissionIcon",
    "IconPath": "SpriteOutput/TalkIcon/ChatMissionIcon.png"
  },
  "ChatLoopIcon": {
    "Type": "ChatLoopIcon",
    "IconPath": "SpriteOutput/TalkIcon/ChatIcon.png"
  },
  "ChatContinueIcon": {
    "Type": "ChatContinueIcon",
    "IconPath": "SpriteOutput/TalkIcon/ChatContinueIcon.png"
  },
  "ChatBackIcon": {
    "Type": "ChatBackIcon",
    "IconPath": "SpriteOutput/TalkIcon/ChatBackIcon.png"
  },
  "ChatOutIcon": {
    "Type": "ChatOutIcon",
    "IconPath": "SpriteOutput/TalkIcon/ChatOutIcon.png"
  },
  "ShopIcon": {
    "Type": "ShopIcon",
    "IconPath": "SpriteOutput/TalkIcon/ShopIcon.png"
  },
  "BoxIcon": {
    "Type": "BoxIcon",
    "IconPath": "SpriteOutput/TalkIcon/BoxIcon.png"
  },
  "CheckIcon": {
    "Type": "CheckIcon",
    "IconPath": "SpriteOutput/TalkIcon/CheckIcon.png"
  },
  "HealHPIcon": {
    "Type": "HealHPIcon",
    "IconPath": "SpriteOutput/TalkIcon/HealHPIcon.png"
  },
  "LevelIcon": {
    "Type": "LevelIcon",
    "IconPath": "SpriteOutput/TalkIcon/LevelIcon.png"
  },
  "ChatIcon": {
    "Type": "ChatIcon",
    "IconPath": "SpriteOutput/TalkIcon/ChatIcon.png"
  },
  "SpecialChatIcon": {
    "Type": "SpecialChatIcon",
    "IconPath": "SpriteOutput/TalkIcon/SpecialChatIcon.png"
  },
  "Synthesis": {
    "Type": "Synthesis",
    "IconPath": "SpriteOutput/TalkIcon/Synthesis.png"
  },
  "TriggerProp": {
    "Type": "TriggerProp",
    "IconPath": "SpriteOutput/TalkIcon/TriggerProp.png"
  }
}