{
  "1": {
    "EliteGroup": 1,
    "AttackRatio": {
      "RawValue": 4294967296
    },
    "DefenceRatio": {
      "RawValue": 4294967296
    },
    "HPRatio": {
      "RawValue": 4294967296
    },
    "SpeedRatio": {
      "RawValue": 4294967296
    },
    "StanceRatio": {
      "RawValue": 4294967296
    }
  },
  "2": {
    "EliteGroup": 2,
    "AttackRatio": {
      "RawValue": 3435973840
    },
    "DefenceRatio": {
      "RawValue": 4294967296
    },
    "HPRatio": {
      "RawValue": 7301444406
    },
    "SpeedRatio": {
      "RawValue": 4294967296
    },
    "StanceRatio": {
      "RawValue": 4294967296
    }
  },
  "3": {
    "EliteGroup": 3,
    "AttackRatio": {
      "RawValue": 3435973840
    },
    "DefenceRatio": {
      "RawValue": 4294967296
    },
    "HPRatio": {
      "RawValue": 5583457486
    },
    "SpeedRatio": {
      "RawValue": 4294967296
    },
    "StanceRatio": {
      "RawValue": 4294967296
    }
  },
  "4": {
    "EliteGroup": 4,
    "AttackRatio": {
      "RawValue": 3435973840
    },
    "DefenceRatio": {
      "RawValue": 4294967296
    },
    "HPRatio": {
      "RawValue": 4294967296
    },
    "SpeedRatio": {
      "RawValue": 4294967296
    },
    "StanceRatio": {
      "RawValue": 4294967296
    }
  },
  "5": {
    "EliteGroup": 5,
    "AttackRatio": {
      "RawValue": 4724464026
    },
    "DefenceRatio": {
      "RawValue": 4294967296
    },
    "HPRatio": {
      "RawValue": 6442450946
    },
    "SpeedRatio": {
      "RawValue": 4294967296
    },
    "StanceRatio": {
      "RawValue": 4294967296
    }
  },
  "6": {
    "EliteGroup": 6,
    "AttackRatio": {
      "RawValue": 4294967296
    },
    "DefenceRatio": {
      "RawValue": 4294967296
    },
    "HPRatio": {
      "RawValue": 6442450946
    },
    "SpeedRatio": {
      "RawValue": 4294967296
    },
    "StanceRatio": {
      "RawValue": 4294967296
    }
  },
  "101": {
    "EliteGroup": 101,
    "AttackRatio": {
      "RawValue": 4269197495
    },
    "DefenceRatio": {
      "RawValue": 4294967296
    },
    "HPRatio": {
      "RawValue": 4123168608
    },
    "SpeedRatio": {
      "RawValue": 4294967296
    },
    "StanceRatio": {
      "RawValue": 4294967296
    }
  },
  "102": {
    "EliteGroup": 102,
    "AttackRatio": {
      "RawValue": 4423816315
    },
    "DefenceRatio": {
      "RawValue": 4294967296
    },
    "HPRatio": {
      "RawValue": 4466765988
    },
    "SpeedRatio": {
      "RawValue": 4294967296
    },
    "StanceRatio": {
      "RawValue": 4294967296
    }
  },
  "103": {
    "EliteGroup": 103,
    "AttackRatio": {
      "RawValue": 5158255723
    },
    "DefenceRatio": {
      "RawValue": 4294967296
    },
    "HPRatio": {
      "RawValue": 5411658794
    },
    "SpeedRatio": {
      "RawValue": 4294967296
    },
    "StanceRatio": {
      "RawValue": 4294967296
    }
  },
  "104": {
    "EliteGroup": 104,
    "AttackRatio": {
      "RawValue": 4900557685
    },
    "DefenceRatio": {
      "RawValue": 4294967296
    },
    "HPRatio": {
      "RawValue": 5497558140
    },
    "SpeedRatio": {
      "RawValue": 4294967296
    },
    "StanceRatio": {
      "RawValue": 4294967296
    }
  },
  "105": {
    "EliteGroup": 105,
    "AttackRatio": {
      "RawValue": 5059471473
    },
    "DefenceRatio": {
      "RawValue": 4294967296
    },
    "HPRatio": {
      "RawValue": 5841155524
    },
    "SpeedRatio": {
      "RawValue": 4294967296
    },
    "StanceRatio": {
      "RawValue": 4294967296
    }
  },
  "106": {
    "EliteGroup": 106,
    "AttackRatio": {
      "RawValue": 5866925326
    },
    "DefenceRatio": {
      "RawValue": 4294967296
    },
    "HPRatio": {
      "RawValue": 6957847022
    },
    "SpeedRatio": {
      "RawValue": 4294967296
    },
    "StanceRatio": {
      "RawValue": 4294967296
    }
  },
  "107": {
    "EliteGroup": 107,
    "AttackRatio": {
      "RawValue": 6734508720
    },
    "DefenceRatio": {
      "RawValue": 4294967296
    },
    "HPRatio": {
      "RawValue": 6871947676
    },
    "SpeedRatio": {
      "RawValue": 4294967296
    },
    "StanceRatio": {
      "RawValue": 4294967296
    }
  },
  "201": {
    "EliteGroup": 201,
    "AttackRatio": {
      "RawValue": 4380866642
    },
    "DefenceRatio": {
      "RawValue": 4294967296
    },
    "HPRatio": {
      "RawValue": 5583457486
    },
    "SpeedRatio": {
      "RawValue": 4380866642
    },
    "StanceRatio": {
      "RawValue": 5669356832
    }
  },
  "202": {
    "EliteGroup": 202,
    "AttackRatio": {
      "RawValue": 4466765988
    },
    "DefenceRatio": {
      "RawValue": 4294967296
    },
    "HPRatio": {
      "RawValue": 6012954216
    },
    "SpeedRatio": {
      "RawValue": 4466765988
    },
    "StanceRatio": {
      "RawValue": 5755256178
    }
  },
  "203": {
    "EliteGroup": 203,
    "AttackRatio": {
      "RawValue": 4552665334
    },
    "DefenceRatio": {
      "RawValue": 4294967296
    },
    "HPRatio": {
      "RawValue": 6442450946
    },
    "SpeedRatio": {
      "RawValue": 4552665334
    },
    "StanceRatio": {
      "RawValue": 5841155524
    }
  },
  "204": {
    "EliteGroup": 204,
    "AttackRatio": {
      "RawValue": 4638564680
    },
    "DefenceRatio": {
      "RawValue": 4294967296
    },
    "HPRatio": {
      "RawValue": 6871947676
    },
    "SpeedRatio": {
      "RawValue": 4638564680
    },
    "StanceRatio": {
      "RawValue": 5927054870
    }
  },
  "205": {
    "EliteGroup": 205,
    "AttackRatio": {
      "RawValue": 4724464026
    },
    "DefenceRatio": {
      "RawValue": 4294967296
    },
    "HPRatio": {
      "RawValue": 7301444406
    },
    "SpeedRatio": {
      "RawValue": 4724464026
    },
    "StanceRatio": {
      "RawValue": 6012954216
    }
  },
  "206": {
    "EliteGroup": 206,
    "AttackRatio": {
      "RawValue": 4810363372
    },
    "DefenceRatio": {
      "RawValue": 4294967296
    },
    "HPRatio": {
      "RawValue": 7730941136
    },
    "SpeedRatio": {
      "RawValue": 4810363372
    },
    "StanceRatio": {
      "RawValue": 6098853562
    }
  },
  "207": {
    "EliteGroup": 207,
    "AttackRatio": {
      "RawValue": 4896262718
    },
    "DefenceRatio": {
      "RawValue": 4294967296
    },
    "HPRatio": {
      "RawValue": 8160437866
    },
    "SpeedRatio": {
      "RawValue": 4896262718
    },
    "StanceRatio": {
      "RawValue": 6184752908
    }
  },
  "208": {
    "EliteGroup": 208,
    "AttackRatio": {
      "RawValue": 4982162064
    },
    "DefenceRatio": {
      "RawValue": 4294967296
    },
    "HPRatio": {
      "RawValue": 8589934592
    },
    "SpeedRatio": {
      "RawValue": 4982162064
    },
    "StanceRatio": {
      "RawValue": 6270652254
    }
  },
  "209": {
    "EliteGroup": 209,
    "AttackRatio": {
      "RawValue": 5068061410
    },
    "DefenceRatio": {
      "RawValue": 4294967296
    },
    "HPRatio": {
      "RawValue": 9019431322
    },
    "SpeedRatio": {
      "RawValue": 5068061410
    },
    "StanceRatio": {
      "RawValue": 6356551600
    }
  },
  "210": {
    "EliteGroup": 210,
    "AttackRatio": {
      "RawValue": 5153960756
    },
    "DefenceRatio": {
      "RawValue": 4294967296
    },
    "HPRatio": {
      "RawValue": 9448928052
    },
    "SpeedRatio": {
      "RawValue": 5153960756
    },
    "StanceRatio": {
      "RawValue": 6442450946
    }
  },
  "30001": {
    "EliteGroup": 30001,
    "AttackRatio": {
      "RawValue": 1932735285
    },
    "DefenceRatio": {
      "RawValue": 4294967296
    },
    "HPRatio": {
      "RawValue": 6012954216
    },
    "SpeedRatio": {
      "RawValue": 4294967296
    },
    "StanceRatio": {
      "RawValue": 4294967296
    }
  },
  "30002": {
    "EliteGroup": 30002,
    "AttackRatio": {
      "RawValue": 1932735285
    },
    "DefenceRatio": {
      "RawValue": 4294967296
    },
    "HPRatio": {
      "RawValue": 6528350292
    },
    "SpeedRatio": {
      "RawValue": 4294967296
    },
    "StanceRatio": {
      "RawValue": 4294967296
    }
  },
  "30003": {
    "EliteGroup": 30003,
    "AttackRatio": {
      "RawValue": 2448131361
    },
    "DefenceRatio": {
      "RawValue": 4294967296
    },
    "HPRatio": {
      "RawValue": 8203387539
    },
    "SpeedRatio": {
      "RawValue": 4294967296
    },
    "StanceRatio": {
      "RawValue": 4294967296
    }
  },
  "30004": {
    "EliteGroup": 30004,
    "AttackRatio": {
      "RawValue": 4896262718
    },
    "DefenceRatio": {
      "RawValue": 4294967296
    },
    "HPRatio": {
      "RawValue": 10436770531
    },
    "SpeedRatio": {
      "RawValue": 4294967296
    },
    "StanceRatio": {
      "RawValue": 4294967296
    }
  },
  "30005": {
    "EliteGroup": 30005,
    "AttackRatio": {
      "RawValue": 5239860102
    },
    "DefenceRatio": {
      "RawValue": 4294967296
    },
    "HPRatio": {
      "RawValue": 11209864645
    },
    "SpeedRatio": {
      "RawValue": 4294967296
    },
    "StanceRatio": {
      "RawValue": 4294967296
    }
  },
  "30006": {
    "EliteGroup": 30006,
    "AttackRatio": {
      "RawValue": 5626407159
    },
    "DefenceRatio": {
      "RawValue": 4294967296
    },
    "HPRatio": {
      "RawValue": 12068858105
    },
    "SpeedRatio": {
      "RawValue": 4294967296
    },
    "StanceRatio": {
      "RawValue": 4294967296
    }
  },
  "30007": {
    "EliteGroup": 30007,
    "AttackRatio": {
      "RawValue": 6055903889
    },
    "DefenceRatio": {
      "RawValue": 4294967296
    },
    "HPRatio": {
      "RawValue": 14946486192
    },
    "SpeedRatio": {
      "RawValue": 4294967296
    },
    "StanceRatio": {
      "RawValue": 4294967296
    }
  },
  "30008": {
    "EliteGroup": 30008,
    "AttackRatio": {
      "RawValue": 5755256178
    },
    "DefenceRatio": {
      "RawValue": 4294967296
    },
    "HPRatio": {
      "RawValue": 12927851561
    },
    "SpeedRatio": {
      "RawValue": 4509715661
    },
    "StanceRatio": {
      "RawValue": 4294967296
    }
  },
  "30009": {
    "EliteGroup": 30009,
    "AttackRatio": {
      "RawValue": 5755256178
    },
    "DefenceRatio": {
      "RawValue": 4294967296
    },
    "HPRatio": {
      "RawValue": 14946486192
    },
    "SpeedRatio": {
      "RawValue": 4509715661
    },
    "StanceRatio": {
      "RawValue": 4294967296
    }
  },
  "30010": {
    "EliteGroup": 30010,
    "AttackRatio": {
      "RawValue": 5755256178
    },
    "DefenceRatio": {
      "RawValue": 4294967296
    },
    "HPRatio": {
      "RawValue": 15977278344
    },
    "SpeedRatio": {
      "RawValue": 4509715661
    },
    "StanceRatio": {
      "RawValue": 4294967296
    }
  },
  "30011": {
    "EliteGroup": 30011,
    "AttackRatio": {
      "RawValue": 5884105197
    },
    "DefenceRatio": {
      "RawValue": 4294967296
    },
    "HPRatio": {
      "RawValue": 17093969842
    },
    "SpeedRatio": {
      "RawValue": 4724464026
    },
    "StanceRatio": {
      "RawValue": 4294967296
    }
  },
  "30012": {
    "EliteGroup": 30012,
    "AttackRatio": {
      "RawValue": 6700148984
    },
    "DefenceRatio": {
      "RawValue": 4294967296
    },
    "HPRatio": {
      "RawValue": 19542101199
    },
    "SpeedRatio": {
      "RawValue": 4724464026
    },
    "StanceRatio": {
      "RawValue": 4294967296
    }
  },
  "30061": {
    "EliteGroup": 30061,
    "AttackRatio": {
      "RawValue": 5626407159
    },
    "DefenceRatio": {
      "RawValue": 4294967296
    },
    "HPRatio": {
      "RawValue": 9277129360
    },
    "SpeedRatio": {
      "RawValue": 4294967296
    },
    "StanceRatio": {
      "RawValue": 4294967296
    }
  },
  "30062": {
    "EliteGroup": 30062,
    "AttackRatio": {
      "RawValue": 6055903889
    },
    "DefenceRatio": {
      "RawValue": 4294967296
    },
    "HPRatio": {
      "RawValue": 12283606470
    },
    "SpeedRatio": {
      "RawValue": 4294967296
    },
    "StanceRatio": {
      "RawValue": 4294967296
    }
  },
  "30063": {
    "EliteGroup": 30063,
    "AttackRatio": {
      "RawValue": 6442450946
    },
    "DefenceRatio": {
      "RawValue": 4294967296
    },
    "HPRatio": {
      "RawValue": 15032385538
    },
    "SpeedRatio": {
      "RawValue": 4939212391
    },
    "StanceRatio": {
      "RawValue": 4294967296
    }
  },
  "30041": {
    "EliteGroup": 30041,
    "AttackRatio": {
      "RawValue": 2576980380
    },
    "DefenceRatio": {
      "RawValue": 4294967296
    },
    "HPRatio": {
      "RawValue": 6313601927
    },
    "SpeedRatio": {
      "RawValue": 4294967296
    },
    "StanceRatio": {
      "RawValue": 4294967296
    }
  },
  "30042": {
    "EliteGroup": 30042,
    "AttackRatio": {
      "RawValue": 5798205851
    },
    "DefenceRatio": {
      "RawValue": 4294967296
    },
    "HPRatio": {
      "RawValue": 12283606470
    },
    "SpeedRatio": {
      "RawValue": 4724464026
    },
    "StanceRatio": {
      "RawValue": 4294967296
    }
  },
  "30043": {
    "EliteGroup": 30043,
    "AttackRatio": {
      "RawValue": 7902739828
    },
    "DefenceRatio": {
      "RawValue": 4294967296
    },
    "HPRatio": {
      "RawValue": 20572893351
    },
    "SpeedRatio": {
      "RawValue": 5239860102
    },
    "StanceRatio": {
      "RawValue": 4294967296
    }
  },
  "30044": {
    "EliteGroup": 30044,
    "AttackRatio": {
      "RawValue": 7902739828
    },
    "DefenceRatio": {
      "RawValue": 4294967296
    },
    "HPRatio": {
      "RawValue": 20572893351
    },
    "SpeedRatio": {
      "RawValue": 5239860102
    },
    "StanceRatio": {
      "RawValue": 4294967296
    }
  },
  "30080": {
    "EliteGroup": 30080,
    "AttackRatio": {
      "RawValue": 8589934592
    },
    "DefenceRatio": {
      "RawValue": 4294967296
    },
    "HPRatio": {
      "RawValue": 25812753449
    },
    "SpeedRatio": {
      "RawValue": 5411658794
    },
    "StanceRatio": {
      "RawValue": 4294967296
    }
  },
  "30090": {
    "EliteGroup": 30090,
    "AttackRatio": {
      "RawValue": 8589934592
    },
    "DefenceRatio": {
      "RawValue": 4294967296
    },
    "HPRatio": {
      "RawValue": 34359738368
    },
    "SpeedRatio": {
      "RawValue": 5153960756
    },
    "StanceRatio": {
      "RawValue": 4294967296
    }
  },
  "30141": {
    "EliteGroup": 30141,
    "AttackRatio": {
      "RawValue": 2147483650
    },
    "DefenceRatio": {
      "RawValue": 4294967296
    },
    "HPRatio": {
      "RawValue": 5841155524
    },
    "SpeedRatio": {
      "RawValue": 4294967296
    },
    "StanceRatio": {
      "RawValue": 4294967296
    }
  },
  "30142": {
    "EliteGroup": 30142,
    "AttackRatio": {
      "RawValue": 5798205851
    },
    "DefenceRatio": {
      "RawValue": 4294967296
    },
    "HPRatio": {
      "RawValue": 12283606470
    },
    "SpeedRatio": {
      "RawValue": 4724464026
    },
    "StanceRatio": {
      "RawValue": 4294967296
    }
  },
  "30145": {
    "EliteGroup": 30145,
    "AttackRatio": {
      "RawValue": 5798205851
    },
    "DefenceRatio": {
      "RawValue": 4294967296
    },
    "HPRatio": {
      "RawValue": 9964324128
    },
    "SpeedRatio": {
      "RawValue": 4724464026
    },
    "StanceRatio": {
      "RawValue": 4294967296
    }
  },
  "30143": {
    "EliteGroup": 30143,
    "AttackRatio": {
      "RawValue": 7902739828
    },
    "DefenceRatio": {
      "RawValue": 4294967296
    },
    "HPRatio": {
      "RawValue": 20572893351
    },
    "SpeedRatio": {
      "RawValue": 5239860102
    },
    "StanceRatio": {
      "RawValue": 4294967296
    }
  },
  "30144": {
    "EliteGroup": 30144,
    "AttackRatio": {
      "RawValue": 7902739828
    },
    "DefenceRatio": {
      "RawValue": 4294967296
    },
    "HPRatio": {
      "RawValue": 20572893351
    },
    "SpeedRatio": {
      "RawValue": 5239860102
    },
    "StanceRatio": {
      "RawValue": 4294967296
    }
  },
  "30180": {
    "EliteGroup": 30180,
    "AttackRatio": {
      "RawValue": 8675833938
    },
    "DefenceRatio": {
      "RawValue": 4294967296
    },
    "HPRatio": {
      "RawValue": 29033978924
    },
    "SpeedRatio": {
      "RawValue": 6012954216
    },
    "StanceRatio": {
      "RawValue": 4294967296
    }
  },
  "30190": {
    "EliteGroup": 30190,
    "AttackRatio": {
      "RawValue": 6442450946
    },
    "DefenceRatio": {
      "RawValue": 4294967296
    },
    "HPRatio": {
      "RawValue": 32641751452
    },
    "SpeedRatio": {
      "RawValue": 4724464026
    },
    "StanceRatio": {
      "RawValue": 4294967296
    }
  },
  "39001": {
    "EliteGroup": 39001,
    "AttackRatio": {
      "RawValue": 1288490190
    },
    "DefenceRatio": {
      "RawValue": 4294967296
    },
    "HPRatio": {
      "RawValue": 3435973840
    },
    "SpeedRatio": {
      "RawValue": 4294967296
    },
    "StanceRatio": {
      "RawValue": 4294967296
    }
  },
  "39002": {
    "EliteGroup": 39002,
    "AttackRatio": {
      "RawValue": 1717986920
    },
    "DefenceRatio": {
      "RawValue": 4294967296
    },
    "HPRatio": {
      "RawValue": 4294967296
    },
    "SpeedRatio": {
      "RawValue": 4294967296
    },
    "StanceRatio": {
      "RawValue": 4294967296
    }
  },
  "39003": {
    "EliteGroup": 39003,
    "AttackRatio": {
      "RawValue": 2147483650
    },
    "DefenceRatio": {
      "RawValue": 4294967296
    },
    "HPRatio": {
      "RawValue": 5153960756
    },
    "SpeedRatio": {
      "RawValue": 4294967296
    },
    "StanceRatio": {
      "RawValue": 4294967296
    }
  },
  "39004": {
    "EliteGroup": 39004,
    "AttackRatio": {
      "RawValue": 2576980380
    },
    "DefenceRatio": {
      "RawValue": 4294967296
    },
    "HPRatio": {
      "RawValue": 6012954216
    },
    "SpeedRatio": {
      "RawValue": 4294967296
    },
    "StanceRatio": {
      "RawValue": 4294967296
    }
  },
  "39005": {
    "EliteGroup": 39005,
    "AttackRatio": {
      "RawValue": 5153960756
    },
    "DefenceRatio": {
      "RawValue": 4294967296
    },
    "HPRatio": {
      "RawValue": 8203387539
    },
    "SpeedRatio": {
      "RawValue": 4294967296
    },
    "StanceRatio": {
      "RawValue": 4294967296
    }
  },
  "39006": {
    "EliteGroup": 39006,
    "AttackRatio": {
      "RawValue": 5540507813
    },
    "DefenceRatio": {
      "RawValue": 4294967296
    },
    "HPRatio": {
      "RawValue": 11209864645
    },
    "SpeedRatio": {
      "RawValue": 4294967296
    },
    "StanceRatio": {
      "RawValue": 4294967296
    }
  },
  "39007": {
    "EliteGroup": 39007,
    "AttackRatio": {
      "RawValue": 5927054870
    },
    "DefenceRatio": {
      "RawValue": 4294967296
    },
    "HPRatio": {
      "RawValue": 12068858105
    },
    "SpeedRatio": {
      "RawValue": 4294967296
    },
    "StanceRatio": {
      "RawValue": 4294967296
    }
  },
  "39008": {
    "EliteGroup": 39008,
    "AttackRatio": {
      "RawValue": 6356551600
    },
    "DefenceRatio": {
      "RawValue": 4294967296
    },
    "HPRatio": {
      "RawValue": 12927851561
    },
    "SpeedRatio": {
      "RawValue": 4294967296
    },
    "StanceRatio": {
      "RawValue": 4294967296
    }
  },
  "39009": {
    "EliteGroup": 39009,
    "AttackRatio": {
      "RawValue": 2576980380
    },
    "DefenceRatio": {
      "RawValue": 4294967296
    },
    "HPRatio": {
      "RawValue": 5583457486
    },
    "SpeedRatio": {
      "RawValue": 4294967296
    },
    "StanceRatio": {
      "RawValue": 4294967296
    }
  },
  "39010": {
    "EliteGroup": 39010,
    "AttackRatio": {
      "RawValue": 5153960756
    },
    "DefenceRatio": {
      "RawValue": 4294967296
    },
    "HPRatio": {
      "RawValue": 7215545060
    },
    "SpeedRatio": {
      "RawValue": 4294967296
    },
    "StanceRatio": {
      "RawValue": 4294967296
    }
  },
  "39011": {
    "EliteGroup": 39011,
    "AttackRatio": {
      "RawValue": 6055903889
    },
    "DefenceRatio": {
      "RawValue": 4294967296
    },
    "HPRatio": {
      "RawValue": 8976481649
    },
    "SpeedRatio": {
      "RawValue": 4509715661
    },
    "StanceRatio": {
      "RawValue": 4294967296
    }
  },
  "39012": {
    "EliteGroup": 39012,
    "AttackRatio": {
      "RawValue": 2576980380
    },
    "DefenceRatio": {
      "RawValue": 4294967296
    },
    "HPRatio": {
      "RawValue": 5583457486
    },
    "SpeedRatio": {
      "RawValue": 4294967296
    },
    "StanceRatio": {
      "RawValue": 4294967296
    }
  }
}