{
  "1:1": {
    "ExpType": 1,
    "Level": 1,
    "Exp": 40
  },
  "1:2": {
    "ExpType": 1,
    "Level": 2,
    "Exp": 60
  },
  "1:3": {
    "ExpType": 1,
    "Level": 3,
    "Exp": 110
  },
  "1:4": {
    "ExpType": 1,
    "Level": 4,
    "Exp": 170
  },
  "1:5": {
    "ExpType": 1,
    "Level": 5,
    "Exp": 240
  },
  "1:6": {
    "ExpType": 1,
    "Level": 6,
    "Exp": 320
  },
  "1:7": {
    "ExpType": 1,
    "Level": 7,
    "Exp": 420
  },
  "1:8": {
    "ExpType": 1,
    "Level": 8,
    "Exp": 530
  },
  "1:9": {
    "ExpType": 1,
    "Level": 9,
    "Exp": 650
  },
  "1:10": {
    "ExpType": 1,
    "Level": 10,
    "Exp": 780
  },
  "1:11": {
    "ExpType": 1,
    "Level": 11,
    "Exp": 920
  },
  "1:12": {
    "ExpType": 1,
    "Level": 12,
    "Exp": 1070
  },
  "1:13": {
    "ExpType": 1,
    "Level": 13,
    "Exp": 1240
  },
  "1:14": {
    "ExpType": 1,
    "Level": 14,
    "Exp": 1410
  },
  "1:15": {
    "ExpType": 1,
    "Level": 15,
    "Exp": 1590
  },
  "1:16": {
    "ExpType": 1,
    "Level": 16,
    "Exp": 1790
  },
  "1:17": {
    "ExpType": 1,
    "Level": 17,
    "Exp": 1990
  },
  "1:18": {
    "ExpType": 1,
    "Level": 18,
    "Exp": 2200
  },
  "1:19": {
    "ExpType": 1,
    "Level": 19,
    "Exp": 2420
  },
  "1:20": {
    "ExpType": 1,
    "Level": 20,
    "Exp": 2540
  },
  "1:21": {
    "ExpType": 1,
    "Level": 21,
    "Exp": 2640
  },
  "1:22": {
    "ExpType": 1,
    "Level": 22,
    "Exp": 2740
  },
  "1:23": {
    "ExpType": 1,
    "Level": 23,
    "Exp": 2850
  },
  "1:24": {
    "ExpType": 1,
    "Level": 24,
    "Exp": 2960
  },
  "1:25": {
    "ExpType": 1,
    "Level": 25,
    "Exp": 3070
  },
  "1:26": {
    "ExpType": 1,
    "Level": 26,
    "Exp": 3190
  },
  "1:27": {
    "ExpType": 1,
    "Level": 27,
    "Exp": 3300
  },
  "1:28": {
    "ExpType": 1,
    "Level": 28,
    "Exp": 3420
  },
  "1:29": {
    "ExpType": 1,
    "Level": 29,
    "Exp": 3540
  },
  "1:30": {
    "ExpType": 1,
    "Level": 30,
    "Exp": 3660
  },
  "1:31": {
    "ExpType": 1,
    "Level": 31,
    "Exp": 3790
  },
  "1:32": {
    "ExpType": 1,
    "Level": 32,
    "Exp": 3910
  },
  "1:33": {
    "ExpType": 1,
    "Level": 33,
    "Exp": 4040
  },
  "1:34": {
    "ExpType": 1,
    "Level": 34,
    "Exp": 4170
  },
  "1:35": {
    "ExpType": 1,
    "Level": 35,
    "Exp": 4300
  },
  "1:36": {
    "ExpType": 1,
    "Level": 36,
    "Exp": 4440
  },
  "1:37": {
    "ExpType": 1,
    "Level": 37,
    "Exp": 4570
  },
  "1:38": {
    "ExpType": 1,
    "Level": 38,
    "Exp": 4710
  },
  "1:39": {
    "ExpType": 1,
    "Level": 39,
    "Exp": 4850
  },
  "1:40": {
    "ExpType": 1,
    "Level": 40,
    "Exp": 4990
  },
  "1:41": {
    "ExpType": 1,
    "Level": 41,
    "Exp": 5150
  },
  "1:42": {
    "ExpType": 1,
    "Level": 42,
    "Exp": 5480
  },
  "1:43": {
    "ExpType": 1,
    "Level": 43,
    "Exp": 5810
  },
  "1:44": {
    "ExpType": 1,
    "Level": 44,
    "Exp": 6160
  },
  "1:45": {
    "ExpType": 1,
    "Level": 45,
    "Exp": 6500
  },
  "1:46": {
    "ExpType": 1,
    "Level": 46,
    "Exp": 6850
  },
  "1:47": {
    "ExpType": 1,
    "Level": 47,
    "Exp": 7220
  },
  "1:48": {
    "ExpType": 1,
    "Level": 48,
    "Exp": 7580
  },
  "1:49": {
    "ExpType": 1,
    "Level": 49,
    "Exp": 7960
  },
  "1:50": {
    "ExpType": 1,
    "Level": 50,
    "Exp": 8340
  },
  "1:51": {
    "ExpType": 1,
    "Level": 51,
    "Exp": 8730
  },
  "1:52": {
    "ExpType": 1,
    "Level": 52,
    "Exp": 9130
  },
  "1:53": {
    "ExpType": 1,
    "Level": 53,
    "Exp": 9530
  },
  "1:54": {
    "ExpType": 1,
    "Level": 54,
    "Exp": 9940
  },
  "1:55": {
    "ExpType": 1,
    "Level": 55,
    "Exp": 10360
  },
  "1:56": {
    "ExpType": 1,
    "Level": 56,
    "Exp": 10780
  },
  "1:57": {
    "ExpType": 1,
    "Level": 57,
    "Exp": 11210
  },
  "1:58": {
    "ExpType": 1,
    "Level": 58,
    "Exp": 11650
  },
  "1:59": {
    "ExpType": 1,
    "Level": 59,
    "Exp": 12090
  },
  "1:60": {
    "ExpType": 1,
    "Level": 60,
    "Exp": 12540
  },
  "1:61": {
    "ExpType": 1,
    "Level": 61,
    "Exp": 13150
  },
  "1:62": {
    "ExpType": 1,
    "Level": 62,
    "Exp": 13880
  },
  "1:63": {
    "ExpType": 1,
    "Level": 63,
    "Exp": 14630
  },
  "1:64": {
    "ExpType": 1,
    "Level": 64,
    "Exp": 15400
  },
  "1:65": {
    "ExpType": 1,
    "Level": 65,
    "Exp": 16170
  },
  "1:66": {
    "ExpType": 1,
    "Level": 66,
    "Exp": 16960
  },
  "1:67": {
    "ExpType": 1,
    "Level": 67,
    "Exp": 17750
  },
  "1:68": {
    "ExpType": 1,
    "Level": 68,
    "Exp": 18560
  },
  "1:69": {
    "ExpType": 1,
    "Level": 69,
    "Exp": 19390
  },
  "1:70": {
    "ExpType": 1,
    "Level": 70,
    "Exp": 20220
  },
  "1:71": {
    "ExpType": 1,
    "Level": 71,
    "Exp": 21910
  },
  "1:72": {
    "ExpType": 1,
    "Level": 72,
    "Exp": 24120
  },
  "1:73": {
    "ExpType": 1,
    "Level": 73,
    "Exp": 26360
  },
  "1:74": {
    "ExpType": 1,
    "Level": 74,
    "Exp": 28640
  },
  "1:75": {
    "ExpType": 1,
    "Level": 75,
    "Exp": 30950
  },
  "1:76": {
    "ExpType": 1,
    "Level": 76,
    "Exp": 33300
  },
  "1:77": {
    "ExpType": 1,
    "Level": 77,
    "Exp": 35680
  },
  "1:78": {
    "ExpType": 1,
    "Level": 78,
    "Exp": 38090
  },
  "1:79": {
    "ExpType": 1,
    "Level": 79,
    "Exp": 40540
  },
  "1:80": {
    "ExpType": 1,
    "Level": 80,
    "Exp": 0
  },
  "2:1": {
    "ExpType": 2,
    "Level": 1,
    "Exp": 50
  },
  "2:2": {
    "ExpType": 2,
    "Level": 2,
    "Exp": 80
  },
  "2:3": {
    "ExpType": 2,
    "Level": 3,
    "Exp": 140
  },
  "2:4": {
    "ExpType": 2,
    "Level": 4,
    "Exp": 220
  },
  "2:5": {
    "ExpType": 2,
    "Level": 5,
    "Exp": 320
  },
  "2:6": {
    "ExpType": 2,
    "Level": 6,
    "Exp": 430
  },
  "2:7": {
    "ExpType": 2,
    "Level": 7,
    "Exp": 560
  },
  "2:8": {
    "ExpType": 2,
    "Level": 8,
    "Exp": 700
  },
  "2:9": {
    "ExpType": 2,
    "Level": 9,
    "Exp": 860
  },
  "2:10": {
    "ExpType": 2,
    "Level": 10,
    "Exp": 1040
  },
  "2:11": {
    "ExpType": 2,
    "Level": 11,
    "Exp": 1220
  },
  "2:12": {
    "ExpType": 2,
    "Level": 12,
    "Exp": 1430
  },
  "2:13": {
    "ExpType": 2,
    "Level": 13,
    "Exp": 1650
  },
  "2:14": {
    "ExpType": 2,
    "Level": 14,
    "Exp": 1880
  },
  "2:15": {
    "ExpType": 2,
    "Level": 15,
    "Exp": 2120
  },
  "2:16": {
    "ExpType": 2,
    "Level": 16,
    "Exp": 2380
  },
  "2:17": {
    "ExpType": 2,
    "Level": 17,
    "Exp": 2650
  },
  "2:18": {
    "ExpType": 2,
    "Level": 18,
    "Exp": 2940
  },
  "2:19": {
    "ExpType": 2,
    "Level": 19,
    "Exp": 3230
  },
  "2:20": {
    "ExpType": 2,
    "Level": 20,
    "Exp": 3380
  },
  "2:21": {
    "ExpType": 2,
    "Level": 21,
    "Exp": 3520
  },
  "2:22": {
    "ExpType": 2,
    "Level": 22,
    "Exp": 3660
  },
  "2:23": {
    "ExpType": 2,
    "Level": 23,
    "Exp": 3800
  },
  "2:24": {
    "ExpType": 2,
    "Level": 24,
    "Exp": 3940
  },
  "2:25": {
    "ExpType": 2,
    "Level": 25,
    "Exp": 4100
  },
  "2:26": {
    "ExpType": 2,
    "Level": 26,
    "Exp": 4250
  },
  "2:27": {
    "ExpType": 2,
    "Level": 27,
    "Exp": 4400
  },
  "2:28": {
    "ExpType": 2,
    "Level": 28,
    "Exp": 4560
  },
  "2:29": {
    "ExpType": 2,
    "Level": 29,
    "Exp": 4720
  },
  "2:30": {
    "ExpType": 2,
    "Level": 30,
    "Exp": 4880
  },
  "2:31": {
    "ExpType": 2,
    "Level": 31,
    "Exp": 5050
  },
  "2:32": {
    "ExpType": 2,
    "Level": 32,
    "Exp": 5220
  },
  "2:33": {
    "ExpType": 2,
    "Level": 33,
    "Exp": 5380
  },
  "2:34": {
    "ExpType": 2,
    "Level": 34,
    "Exp": 5560
  },
  "2:35": {
    "ExpType": 2,
    "Level": 35,
    "Exp": 5740
  },
  "2:36": {
    "ExpType": 2,
    "Level": 36,
    "Exp": 5920
  },
  "2:37": {
    "ExpType": 2,
    "Level": 37,
    "Exp": 6100
  },
  "2:38": {
    "ExpType": 2,
    "Level": 38,
    "Exp": 6280
  },
  "2:39": {
    "ExpType": 2,
    "Level": 39,
    "Exp": 6460
  },
  "2:40": {
    "ExpType": 2,
    "Level": 40,
    "Exp": 6660
  },
  "2:41": {
    "ExpType": 2,
    "Level": 41,
    "Exp": 6870
  },
  "2:42": {
    "ExpType": 2,
    "Level": 42,
    "Exp": 7300
  },
  "2:43": {
    "ExpType": 2,
    "Level": 43,
    "Exp": 7750
  },
  "2:44": {
    "ExpType": 2,
    "Level": 44,
    "Exp": 8210
  },
  "2:45": {
    "ExpType": 2,
    "Level": 45,
    "Exp": 8660
  },
  "2:46": {
    "ExpType": 2,
    "Level": 46,
    "Exp": 9140
  },
  "2:47": {
    "ExpType": 2,
    "Level": 47,
    "Exp": 9620
  },
  "2:48": {
    "ExpType": 2,
    "Level": 48,
    "Exp": 10110
  },
  "2:49": {
    "ExpType": 2,
    "Level": 49,
    "Exp": 10610
  },
  "2:50": {
    "ExpType": 2,
    "Level": 50,
    "Exp": 11120
  },
  "2:51": {
    "ExpType": 2,
    "Level": 51,
    "Exp": 11640
  },
  "2:52": {
    "ExpType": 2,
    "Level": 52,
    "Exp": 12170
  },
  "2:53": {
    "ExpType": 2,
    "Level": 53,
    "Exp": 12700
  },
  "2:54": {
    "ExpType": 2,
    "Level": 54,
    "Exp": 13250
  },
  "2:55": {
    "ExpType": 2,
    "Level": 55,
    "Exp": 13810
  },
  "2:56": {
    "ExpType": 2,
    "Level": 56,
    "Exp": 14370
  },
  "2:57": {
    "ExpType": 2,
    "Level": 57,
    "Exp": 14940
  },
  "2:58": {
    "ExpType": 2,
    "Level": 58,
    "Exp": 15530
  },
  "2:59": {
    "ExpType": 2,
    "Level": 59,
    "Exp": 16120
  },
  "2:60": {
    "ExpType": 2,
    "Level": 60,
    "Exp": 16720
  },
  "2:61": {
    "ExpType": 2,
    "Level": 61,
    "Exp": 17530
  },
  "2:62": {
    "ExpType": 2,
    "Level": 62,
    "Exp": 18510
  },
  "2:63": {
    "ExpType": 2,
    "Level": 63,
    "Exp": 19510
  },
  "2:64": {
    "ExpType": 2,
    "Level": 64,
    "Exp": 20530
  },
  "2:65": {
    "ExpType": 2,
    "Level": 65,
    "Exp": 21560
  },
  "2:66": {
    "ExpType": 2,
    "Level": 66,
    "Exp": 22610
  },
  "2:67": {
    "ExpType": 2,
    "Level": 67,
    "Exp": 23670
  },
  "2:68": {
    "ExpType": 2,
    "Level": 68,
    "Exp": 24750
  },
  "2:69": {
    "ExpType": 2,
    "Level": 69,
    "Exp": 25850
  },
  "2:70": {
    "ExpType": 2,
    "Level": 70,
    "Exp": 26960
  },
  "2:71": {
    "ExpType": 2,
    "Level": 71,
    "Exp": 29220
  },
  "2:72": {
    "ExpType": 2,
    "Level": 72,
    "Exp": 32160
  },
  "2:73": {
    "ExpType": 2,
    "Level": 73,
    "Exp": 35150
  },
  "2:74": {
    "ExpType": 2,
    "Level": 74,
    "Exp": 38190
  },
  "2:75": {
    "ExpType": 2,
    "Level": 75,
    "Exp": 41270
  },
  "2:76": {
    "ExpType": 2,
    "Level": 76,
    "Exp": 44400
  },
  "2:77": {
    "ExpType": 2,
    "Level": 77,
    "Exp": 47580
  },
  "2:78": {
    "ExpType": 2,
    "Level": 78,
    "Exp": 50790
  },
  "2:79": {
    "ExpType": 2,
    "Level": 79,
    "Exp": 54060
  },
  "2:80": {
    "ExpType": 2,
    "Level": 80,
    "Exp": 0
  },
  "3:1": {
    "ExpType": 3,
    "Level": 1,
    "Exp": 60
  },
  "3:2": {
    "ExpType": 3,
    "Level": 2,
    "Exp": 100
  },
  "3:3": {
    "ExpType": 3,
    "Level": 3,
    "Exp": 180
  },
  "3:4": {
    "ExpType": 3,
    "Level": 4,
    "Exp": 280
  },
  "3:5": {
    "ExpType": 3,
    "Level": 5,
    "Exp": 400
  },
  "3:6": {
    "ExpType": 3,
    "Level": 6,
    "Exp": 540
  },
  "3:7": {
    "ExpType": 3,
    "Level": 7,
    "Exp": 700
  },
  "3:8": {
    "ExpType": 3,
    "Level": 8,
    "Exp": 880
  },
  "3:9": {
    "ExpType": 3,
    "Level": 9,
    "Exp": 1080
  },
  "3:10": {
    "ExpType": 3,
    "Level": 10,
    "Exp": 1300
  },
  "3:11": {
    "ExpType": 3,
    "Level": 11,
    "Exp": 1530
  },
  "3:12": {
    "ExpType": 3,
    "Level": 12,
    "Exp": 1790
  },
  "3:13": {
    "ExpType": 3,
    "Level": 13,
    "Exp": 2060
  },
  "3:14": {
    "ExpType": 3,
    "Level": 14,
    "Exp": 2350
  },
  "3:15": {
    "ExpType": 3,
    "Level": 15,
    "Exp": 2650
  },
  "3:16": {
    "ExpType": 3,
    "Level": 16,
    "Exp": 2980
  },
  "3:17": {
    "ExpType": 3,
    "Level": 17,
    "Exp": 3310
  },
  "3:18": {
    "ExpType": 3,
    "Level": 18,
    "Exp": 3670
  },
  "3:19": {
    "ExpType": 3,
    "Level": 19,
    "Exp": 4040
  },
  "3:20": {
    "ExpType": 3,
    "Level": 20,
    "Exp": 4230
  },
  "3:21": {
    "ExpType": 3,
    "Level": 21,
    "Exp": 4400
  },
  "3:22": {
    "ExpType": 3,
    "Level": 22,
    "Exp": 4570
  },
  "3:23": {
    "ExpType": 3,
    "Level": 23,
    "Exp": 4750
  },
  "3:24": {
    "ExpType": 3,
    "Level": 24,
    "Exp": 4930
  },
  "3:25": {
    "ExpType": 3,
    "Level": 25,
    "Exp": 5120
  },
  "3:26": {
    "ExpType": 3,
    "Level": 26,
    "Exp": 5310
  },
  "3:27": {
    "ExpType": 3,
    "Level": 27,
    "Exp": 5500
  },
  "3:28": {
    "ExpType": 3,
    "Level": 28,
    "Exp": 5700
  },
  "3:29": {
    "ExpType": 3,
    "Level": 29,
    "Exp": 5900
  },
  "3:30": {
    "ExpType": 3,
    "Level": 30,
    "Exp": 6100
  },
  "3:31": {
    "ExpType": 3,
    "Level": 31,
    "Exp": 6310
  },
  "3:32": {
    "ExpType": 3,
    "Level": 32,
    "Exp": 6520
  },
  "3:33": {
    "ExpType": 3,
    "Level": 33,
    "Exp": 6730
  },
  "3:34": {
    "ExpType": 3,
    "Level": 34,
    "Exp": 6950
  },
  "3:35": {
    "ExpType": 3,
    "Level": 35,
    "Exp": 7170
  },
  "3:36": {
    "ExpType": 3,
    "Level": 36,
    "Exp": 7400
  },
  "3:37": {
    "ExpType": 3,
    "Level": 37,
    "Exp": 7620
  },
  "3:38": {
    "ExpType": 3,
    "Level": 38,
    "Exp": 7850
  },
  "3:39": {
    "ExpType": 3,
    "Level": 39,
    "Exp": 8080
  },
  "3:40": {
    "ExpType": 3,
    "Level": 40,
    "Exp": 8320
  },
  "3:41": {
    "ExpType": 3,
    "Level": 41,
    "Exp": 8590
  },
  "3:42": {
    "ExpType": 3,
    "Level": 42,
    "Exp": 9130
  },
  "3:43": {
    "ExpType": 3,
    "Level": 43,
    "Exp": 9690
  },
  "3:44": {
    "ExpType": 3,
    "Level": 44,
    "Exp": 10260
  },
  "3:45": {
    "ExpType": 3,
    "Level": 45,
    "Exp": 10830
  },
  "3:46": {
    "ExpType": 3,
    "Level": 46,
    "Exp": 11420
  },
  "3:47": {
    "ExpType": 3,
    "Level": 47,
    "Exp": 12030
  },
  "3:48": {
    "ExpType": 3,
    "Level": 48,
    "Exp": 12640
  },
  "3:49": {
    "ExpType": 3,
    "Level": 49,
    "Exp": 13260
  },
  "3:50": {
    "ExpType": 3,
    "Level": 50,
    "Exp": 13900
  },
  "3:51": {
    "ExpType": 3,
    "Level": 51,
    "Exp": 14550
  },
  "3:52": {
    "ExpType": 3,
    "Level": 52,
    "Exp": 15210
  },
  "3:53": {
    "ExpType": 3,
    "Level": 53,
    "Exp": 15880
  },
  "3:54": {
    "ExpType": 3,
    "Level": 54,
    "Exp": 16560
  },
  "3:55": {
    "ExpType": 3,
    "Level": 55,
    "Exp": 17260
  },
  "3:56": {
    "ExpType": 3,
    "Level": 56,
    "Exp": 17960
  },
  "3:57": {
    "ExpType": 3,
    "Level": 57,
    "Exp": 18680
  },
  "3:58": {
    "ExpType": 3,
    "Level": 58,
    "Exp": 19410
  },
  "3:59": {
    "ExpType": 3,
    "Level": 59,
    "Exp": 20150
  },
  "3:60": {
    "ExpType": 3,
    "Level": 60,
    "Exp": 20900
  },
  "3:61": {
    "ExpType": 3,
    "Level": 61,
    "Exp": 21910
  },
  "3:62": {
    "ExpType": 3,
    "Level": 62,
    "Exp": 23140
  },
  "3:63": {
    "ExpType": 3,
    "Level": 63,
    "Exp": 24390
  },
  "3:64": {
    "ExpType": 3,
    "Level": 64,
    "Exp": 25660
  },
  "3:65": {
    "ExpType": 3,
    "Level": 65,
    "Exp": 26950
  },
  "3:66": {
    "ExpType": 3,
    "Level": 66,
    "Exp": 28260
  },
  "3:67": {
    "ExpType": 3,
    "Level": 67,
    "Exp": 29590
  },
  "3:68": {
    "ExpType": 3,
    "Level": 68,
    "Exp": 30940
  },
  "3:69": {
    "ExpType": 3,
    "Level": 69,
    "Exp": 32310
  },
  "3:70": {
    "ExpType": 3,
    "Level": 70,
    "Exp": 33700
  },
  "3:71": {
    "ExpType": 3,
    "Level": 71,
    "Exp": 36520
  },
  "3:72": {
    "ExpType": 3,
    "Level": 72,
    "Exp": 40200
  },
  "3:73": {
    "ExpType": 3,
    "Level": 73,
    "Exp": 43940
  },
  "3:74": {
    "ExpType": 3,
    "Level": 74,
    "Exp": 47740
  },
  "3:75": {
    "ExpType": 3,
    "Level": 75,
    "Exp": 51590
  },
  "3:76": {
    "ExpType": 3,
    "Level": 76,
    "Exp": 55500
  },
  "3:77": {
    "ExpType": 3,
    "Level": 77,
    "Exp": 59470
  },
  "3:78": {
    "ExpType": 3,
    "Level": 78,
    "Exp": 63490
  },
  "3:79": {
    "ExpType": 3,
    "Level": 79,
    "Exp": 67570
  },
  "3:80": {
    "ExpType": 3,
    "Level": 80,
    "Exp": 0
  }
}