{
  "1:1": {
    "TypeID": 1,
    "Level": 1,
    "Exp": 200
  },
  "1:2": {
    "TypeID": 1,
    "Level": 2,
    "Exp": 300
  },
  "1:3": {
    "TypeID": 1,
    "Level": 3,
    "Exp": 500
  },
  "1:4": {
    "TypeID": 1,
    "Level": 4,
    "Exp": 600
  },
  "1:5": {
    "TypeID": 1,
    "Level": 5,
    "Exp": 1050
  },
  "1:6": {
    "TypeID": 1,
    "Level": 6,
    "Exp": 1860
  },
  "1:7": {
    "TypeID": 1,
    "Level": 7,
    "Exp": 2580
  },
  "1:8": {
    "TypeID": 1,
    "Level": 8,
    "Exp": 3400
  },
  "1:9": {
    "TypeID": 1,
    "Level": 9,
    "Exp": 4290
  },
  "1:10": {
    "TypeID": 1,
    "Level": 10,
    "Exp": 5270
  },
  "1:11": {
    "TypeID": 1,
    "Level": 11,
    "Exp": 6340
  },
  "1:12": {
    "TypeID": 1,
    "Level": 12,
    "Exp": 7480
  },
  "1:13": {
    "TypeID": 1,
    "Level": 13,
    "Exp": 8700
  },
  "1:14": {
    "TypeID": 1,
    "Level": 14,
    "Exp": 10000
  },
  "1:15": {
    "TypeID": 1,
    "Level": 15,
    "Exp": 11380
  },
  "1:16": {
    "TypeID": 1,
    "Level": 16,
    "Exp": 12830
  },
  "1:17": {
    "TypeID": 1,
    "Level": 17,
    "Exp": 14350
  },
  "1:18": {
    "TypeID": 1,
    "Level": 18,
    "Exp": 15950
  },
  "1:19": {
    "TypeID": 1,
    "Level": 19,
    "Exp": 17630
  },
  "1:20": {
    "TypeID": 1,
    "Level": 20,
    "Exp": 18420
  },
  "1:21": {
    "TypeID": 1,
    "Level": 21,
    "Exp": 18710
  },
  "1:22": {
    "TypeID": 1,
    "Level": 22,
    "Exp": 19000
  },
  "1:23": {
    "TypeID": 1,
    "Level": 23,
    "Exp": 19300
  },
  "1:24": {
    "TypeID": 1,
    "Level": 24,
    "Exp": 19600
  },
  "1:25": {
    "TypeID": 1,
    "Level": 25,
    "Exp": 19900
  },
  "1:26": {
    "TypeID": 1,
    "Level": 26,
    "Exp": 20210
  },
  "1:27": {
    "TypeID": 1,
    "Level": 27,
    "Exp": 20530
  },
  "1:28": {
    "TypeID": 1,
    "Level": 28,
    "Exp": 20840
  },
  "1:29": {
    "TypeID": 1,
    "Level": 29,
    "Exp": 21160
  },
  "1:30": {
    "TypeID": 1,
    "Level": 30,
    "Exp": 21490
  },
  "1:31": {
    "TypeID": 1,
    "Level": 31,
    "Exp": 21810
  },
  "1:32": {
    "TypeID": 1,
    "Level": 32,
    "Exp": 22140
  },
  "1:33": {
    "TypeID": 1,
    "Level": 33,
    "Exp": 22470
  },
  "1:34": {
    "TypeID": 1,
    "Level": 34,
    "Exp": 22810
  },
  "1:35": {
    "TypeID": 1,
    "Level": 35,
    "Exp": 23150
  },
  "1:36": {
    "TypeID": 1,
    "Level": 36,
    "Exp": 23490
  },
  "1:37": {
    "TypeID": 1,
    "Level": 37,
    "Exp": 23830
  },
  "1:38": {
    "TypeID": 1,
    "Level": 38,
    "Exp": 24180
  },
  "1:39": {
    "TypeID": 1,
    "Level": 39,
    "Exp": 24530
  },
  "1:40": {
    "TypeID": 1,
    "Level": 40,
    "Exp": 24880
  },
  "1:41": {
    "TypeID": 1,
    "Level": 41,
    "Exp": 30420
  },
  "1:42": {
    "TypeID": 1,
    "Level": 42,
    "Exp": 34690
  },
  "1:43": {
    "TypeID": 1,
    "Level": 43,
    "Exp": 39080
  },
  "1:44": {
    "TypeID": 1,
    "Level": 44,
    "Exp": 43570
  },
  "1:45": {
    "TypeID": 1,
    "Level": 45,
    "Exp": 48180
  },
  "1:46": {
    "TypeID": 1,
    "Level": 46,
    "Exp": 52890
  },
  "1:47": {
    "TypeID": 1,
    "Level": 47,
    "Exp": 57720
  },
  "1:48": {
    "TypeID": 1,
    "Level": 48,
    "Exp": 62650
  },
  "1:49": {
    "TypeID": 1,
    "Level": 49,
    "Exp": 67700
  },
  "1:50": {
    "TypeID": 1,
    "Level": 50,
    "Exp": 72850
  },
  "1:51": {
    "TypeID": 1,
    "Level": 51,
    "Exp": 78120
  },
  "1:52": {
    "TypeID": 1,
    "Level": 52,
    "Exp": 83490
  },
  "1:53": {
    "TypeID": 1,
    "Level": 53,
    "Exp": 88980
  },
  "1:54": {
    "TypeID": 1,
    "Level": 54,
    "Exp": 94580
  },
  "1:55": {
    "TypeID": 1,
    "Level": 55,
    "Exp": 100280
  },
  "1:56": {
    "TypeID": 1,
    "Level": 56,
    "Exp": 106100
  },
  "1:57": {
    "TypeID": 1,
    "Level": 57,
    "Exp": 112030
  },
  "1:58": {
    "TypeID": 1,
    "Level": 58,
    "Exp": 118080
  },
  "1:59": {
    "TypeID": 1,
    "Level": 59,
    "Exp": 124230
  },
  "1:60": {
    "TypeID": 1,
    "Level": 60,
    "Exp": 132800
  },
  "1:61": {
    "TypeID": 1,
    "Level": 61,
    "Exp": 139790
  },
  "1:62": {
    "TypeID": 1,
    "Level": 62,
    "Exp": 146910
  },
  "1:63": {
    "TypeID": 1,
    "Level": 63,
    "Exp": 154150
  },
  "1:64": {
    "TypeID": 1,
    "Level": 64,
    "Exp": 161510
  },
  "1:65": {
    "TypeID": 1,
    "Level": 65,
    "Exp": 169000
  },
  "1:66": {
    "TypeID": 1,
    "Level": 66,
    "Exp": 176610
  },
  "1:67": {
    "TypeID": 1,
    "Level": 67,
    "Exp": 184350
  },
  "1:68": {
    "TypeID": 1,
    "Level": 68,
    "Exp": 192220
  },
  "1:69": {
    "TypeID": 1,
    "Level": 69,
    "Exp": 200210
  },
  "1:70": {
    "TypeID": 1,
    "Level": 70,
    "Exp": 224070
  },
  "1:71": {
    "TypeID": 1,
    "Level": 71,
    "Exp": 249900
  },
  "1:72": {
    "TypeID": 1,
    "Level": 72,
    "Exp": 276150
  },
  "1:73": {
    "TypeID": 1,
    "Level": 73,
    "Exp": 302820
  },
  "1:74": {
    "TypeID": 1,
    "Level": 74,
    "Exp": 329910
  },
  "1:75": {
    "TypeID": 1,
    "Level": 75,
    "Exp": 357440
  },
  "1:76": {
    "TypeID": 1,
    "Level": 76,
    "Exp": 385380
  },
  "1:77": {
    "TypeID": 1,
    "Level": 77,
    "Exp": 413750
  },
  "1:78": {
    "TypeID": 1,
    "Level": 78,
    "Exp": 442550
  },
  "1:79": {
    "TypeID": 1,
    "Level": 79,
    "Exp": 471780
  },
  "1:80": {
    "TypeID": 1,
    "Level": 80,
    "Exp": 517940
  },
  "1:81": {
    "TypeID": 1,
    "Level": 81,
    "Exp": 544680
  },
  "1:82": {
    "TypeID": 1,
    "Level": 82,
    "Exp": 571810
  },
  "1:83": {
    "TypeID": 1,
    "Level": 83,
    "Exp": 599320
  },
  "1:84": {
    "TypeID": 1,
    "Level": 84,
    "Exp": 627210
  },
  "1:85": {
    "TypeID": 1,
    "Level": 85,
    "Exp": 655480
  },
  "1:86": {
    "TypeID": 1,
    "Level": 86,
    "Exp": 684140
  },
  "1:87": {
    "TypeID": 1,
    "Level": 87,
    "Exp": 713190
  },
  "1:88": {
    "TypeID": 1,
    "Level": 88,
    "Exp": 742620
  },
  "1:89": {
    "TypeID": 1,
    "Level": 89,
    "Exp": 772440
  },
  "1:90": {
    "TypeID": 1,
    "Level": 90,
    "Exp": 802650
  },
  "1:91": {
    "TypeID": 1,
    "Level": 91,
    "Exp": 833250
  },
  "1:92": {
    "TypeID": 1,
    "Level": 92,
    "Exp": 864230
  },
  "1:93": {
    "TypeID": 1,
    "Level": 93,
    "Exp": 895610
  },
  "1:94": {
    "TypeID": 1,
    "Level": 94,
    "Exp": 927380
  },
  "1:95": {
    "TypeID": 1,
    "Level": 95,
    "Exp": 959530
  },
  "1:96": {
    "TypeID": 1,
    "Level": 96,
    "Exp": 992080
  },
  "1:97": {
    "TypeID": 1,
    "Level": 97,
    "Exp": 1025020
  },
  "1:98": {
    "TypeID": 1,
    "Level": 98,
    "Exp": 1058360
  },
  "1:99": {
    "TypeID": 1,
    "Level": 99,
    "Exp": 1092080
  },
  "1:100": {
    "TypeID": 1,
    "Level": 100,
    "Exp": 0
  },
  "2:1": {
    "TypeID": 2,
    "Level": 1,
    "Exp": 200
  },
  "2:2": {
    "TypeID": 2,
    "Level": 2,
    "Exp": 300
  },
  "2:3": {
    "TypeID": 2,
    "Level": 3,
    "Exp": 500
  },
  "2:4": {
    "TypeID": 2,
    "Level": 4,
    "Exp": 600
  },
  "2:5": {
    "TypeID": 2,
    "Level": 5,
    "Exp": 1050
  },
  "2:6": {
    "TypeID": 2,
    "Level": 6,
    "Exp": 1400
  },
  "2:7": {
    "TypeID": 2,
    "Level": 7,
    "Exp": 1810
  },
  "2:8": {
    "TypeID": 2,
    "Level": 8,
    "Exp": 2260
  },
  "2:9": {
    "TypeID": 2,
    "Level": 9,
    "Exp": 2750
  },
  "2:10": {
    "TypeID": 2,
    "Level": 10,
    "Exp": 3300
  },
  "2:11": {
    "TypeID": 2,
    "Level": 11,
    "Exp": 3890
  },
  "2:12": {
    "TypeID": 2,
    "Level": 12,
    "Exp": 4530
  },
  "2:13": {
    "TypeID": 2,
    "Level": 13,
    "Exp": 5200
  },
  "2:14": {
    "TypeID": 2,
    "Level": 14,
    "Exp": 5930
  },
  "2:15": {
    "TypeID": 2,
    "Level": 15,
    "Exp": 6690
  },
  "2:16": {
    "TypeID": 2,
    "Level": 16,
    "Exp": 7500
  },
  "2:17": {
    "TypeID": 2,
    "Level": 17,
    "Exp": 8340
  },
  "2:18": {
    "TypeID": 2,
    "Level": 18,
    "Exp": 9230
  },
  "2:19": {
    "TypeID": 2,
    "Level": 19,
    "Exp": 10160
  },
  "2:20": {
    "TypeID": 2,
    "Level": 20,
    "Exp": 11130
  },
  "2:21": {
    "TypeID": 2,
    "Level": 21,
    "Exp": 12140
  },
  "2:22": {
    "TypeID": 2,
    "Level": 22,
    "Exp": 13190
  },
  "2:23": {
    "TypeID": 2,
    "Level": 23,
    "Exp": 14270
  },
  "2:24": {
    "TypeID": 2,
    "Level": 24,
    "Exp": 15400
  },
  "2:25": {
    "TypeID": 2,
    "Level": 25,
    "Exp": 16560
  },
  "2:26": {
    "TypeID": 2,
    "Level": 26,
    "Exp": 17760
  },
  "2:27": {
    "TypeID": 2,
    "Level": 27,
    "Exp": 19000
  },
  "2:28": {
    "TypeID": 2,
    "Level": 28,
    "Exp": 20280
  },
  "2:29": {
    "TypeID": 2,
    "Level": 29,
    "Exp": 21590
  },
  "2:30": {
    "TypeID": 2,
    "Level": 30,
    "Exp": 22940
  },
  "2:31": {
    "TypeID": 2,
    "Level": 31,
    "Exp": 24320
  },
  "2:32": {
    "TypeID": 2,
    "Level": 32,
    "Exp": 25750
  },
  "2:33": {
    "TypeID": 2,
    "Level": 33,
    "Exp": 27200
  },
  "2:34": {
    "TypeID": 2,
    "Level": 34,
    "Exp": 28700
  },
  "2:35": {
    "TypeID": 2,
    "Level": 35,
    "Exp": 30230
  },
  "2:36": {
    "TypeID": 2,
    "Level": 36,
    "Exp": 31790
  },
  "2:37": {
    "TypeID": 2,
    "Level": 37,
    "Exp": 33390
  },
  "2:38": {
    "TypeID": 2,
    "Level": 38,
    "Exp": 35030
  },
  "2:39": {
    "TypeID": 2,
    "Level": 39,
    "Exp": 36690
  },
  "2:40": {
    "TypeID": 2,
    "Level": 40,
    "Exp": 38400
  },
  "2:41": {
    "TypeID": 2,
    "Level": 41,
    "Exp": 40420
  },
  "2:42": {
    "TypeID": 2,
    "Level": 42,
    "Exp": 44690
  },
  "2:43": {
    "TypeID": 2,
    "Level": 43,
    "Exp": 49080
  },
  "2:44": {
    "TypeID": 2,
    "Level": 44,
    "Exp": 53570
  },
  "2:45": {
    "TypeID": 2,
    "Level": 45,
    "Exp": 58180
  },
  "2:46": {
    "TypeID": 2,
    "Level": 46,
    "Exp": 62890
  },
  "2:47": {
    "TypeID": 2,
    "Level": 47,
    "Exp": 67720
  },
  "2:48": {
    "TypeID": 2,
    "Level": 48,
    "Exp": 72650
  },
  "2:49": {
    "TypeID": 2,
    "Level": 49,
    "Exp": 77700
  },
  "2:50": {
    "TypeID": 2,
    "Level": 50,
    "Exp": 82850
  },
  "2:51": {
    "TypeID": 2,
    "Level": 51,
    "Exp": 88120
  },
  "2:52": {
    "TypeID": 2,
    "Level": 52,
    "Exp": 93490
  },
  "2:53": {
    "TypeID": 2,
    "Level": 53,
    "Exp": 98980
  },
  "2:54": {
    "TypeID": 2,
    "Level": 54,
    "Exp": 104580
  },
  "2:55": {
    "TypeID": 2,
    "Level": 55,
    "Exp": 110280
  },
  "2:56": {
    "TypeID": 2,
    "Level": 56,
    "Exp": 116100
  },
  "2:57": {
    "TypeID": 2,
    "Level": 57,
    "Exp": 122030
  },
  "2:58": {
    "TypeID": 2,
    "Level": 58,
    "Exp": 128080
  },
  "2:59": {
    "TypeID": 2,
    "Level": 59,
    "Exp": 134230
  },
  "2:60": {
    "TypeID": 2,
    "Level": 60,
    "Exp": 143200
  },
  "2:61": {
    "TypeID": 2,
    "Level": 61,
    "Exp": 150190
  },
  "2:62": {
    "TypeID": 2,
    "Level": 62,
    "Exp": 157310
  },
  "2:63": {
    "TypeID": 2,
    "Level": 63,
    "Exp": 164550
  },
  "2:64": {
    "TypeID": 2,
    "Level": 64,
    "Exp": 171910
  },
  "2:65": {
    "TypeID": 2,
    "Level": 65,
    "Exp": 179400
  },
  "2:66": {
    "TypeID": 2,
    "Level": 66,
    "Exp": 187010
  },
  "2:67": {
    "TypeID": 2,
    "Level": 67,
    "Exp": 194750
  },
  "2:68": {
    "TypeID": 2,
    "Level": 68,
    "Exp": 202620
  },
  "2:69": {
    "TypeID": 2,
    "Level": 69,
    "Exp": 210610
  },
  "2:70": {
    "TypeID": 2,
    "Level": 70,
    "Exp": 224070
  },
  "2:71": {
    "TypeID": 2,
    "Level": 71,
    "Exp": 249900
  },
  "2:72": {
    "TypeID": 2,
    "Level": 72,
    "Exp": 276150
  },
  "2:73": {
    "TypeID": 2,
    "Level": 73,
    "Exp": 302820
  },
  "2:74": {
    "TypeID": 2,
    "Level": 74,
    "Exp": 329910
  },
  "2:75": {
    "TypeID": 2,
    "Level": 75,
    "Exp": 357440
  },
  "2:76": {
    "TypeID": 2,
    "Level": 76,
    "Exp": 385380
  },
  "2:77": {
    "TypeID": 2,
    "Level": 77,
    "Exp": 413750
  },
  "2:78": {
    "TypeID": 2,
    "Level": 78,
    "Exp": 442550
  },
  "2:79": {
    "TypeID": 2,
    "Level": 79,
    "Exp": 471780
  },
  "2:80": {
    "TypeID": 2,
    "Level": 80,
    "Exp": 517940
  },
  "2:81": {
    "TypeID": 2,
    "Level": 81,
    "Exp": 544680
  },
  "2:82": {
    "TypeID": 2,
    "Level": 82,
    "Exp": 571810
  },
  "2:83": {
    "TypeID": 2,
    "Level": 83,
    "Exp": 599320
  },
  "2:84": {
    "TypeID": 2,
    "Level": 84,
    "Exp": 627210
  },
  "2:85": {
    "TypeID": 2,
    "Level": 85,
    "Exp": 655480
  },
  "2:86": {
    "TypeID": 2,
    "Level": 86,
    "Exp": 684140
  },
  "2:87": {
    "TypeID": 2,
    "Level": 87,
    "Exp": 713190
  },
  "2:88": {
    "TypeID": 2,
    "Level": 88,
    "Exp": 742620
  },
  "2:89": {
    "TypeID": 2,
    "Level": 89,
    "Exp": 772440
  },
  "2:90": {
    "TypeID": 2,
    "Level": 90,
    "Exp": 802650
  },
  "2:91": {
    "TypeID": 2,
    "Level": 91,
    "Exp": 833250
  },
  "2:92": {
    "TypeID": 2,
    "Level": 92,
    "Exp": 864230
  },
  "2:93": {
    "TypeID": 2,
    "Level": 93,
    "Exp": 895610
  },
  "2:94": {
    "TypeID": 2,
    "Level": 94,
    "Exp": 927380
  },
  "2:95": {
    "TypeID": 2,
    "Level": 95,
    "Exp": 959530
  },
  "2:96": {
    "TypeID": 2,
    "Level": 96,
    "Exp": 992080
  },
  "2:97": {
    "TypeID": 2,
    "Level": 97,
    "Exp": 1025020
  },
  "2:98": {
    "TypeID": 2,
    "Level": 98,
    "Exp": 1058360
  },
  "2:99": {
    "TypeID": 2,
    "Level": 99,
    "Exp": 1092080
  },
  "2:100": {
    "TypeID": 2,
    "Level": 100,
    "Exp": 0
  }
}