{
  "1001": {
    "ID": 1001,
    "Name": {
      "hash": -1126160188
    },
    "IconPath": "SpriteOutput/ItemIcon/2.png"
  },
  "1002": {
    "ID": 1002,
    "Name": {
      "hash": -1126160189
    },
    "IconPath": "SpriteOutput/ItemIcon/110111.png"
  },
  "1003": {
    "ID": 1003,
    "Name": {
      "hash": -1126160190
    },
    "IconPath": "SpriteOutput/ItemIcon/110002.png"
  },
  "1004": {
    "ID": 1004,
    "Name": {
      "hash": -1126160183
    },
    "IconPath": "SpriteOutput/ItemIcon/RelicIcons/IconRelic_110_1.png"
  },
  "1005": {
    "ID": 1005,
    "Name": {
      "hash": -1126160184
    },
    "IconPath": "SpriteOutput/ItemIcon/110501.png"
  }
}