{
  "200": {
    "ID": 200,
    "GotoType": 2,
    "ParamIntList": [],
    "ParamStringList": [],
    "UnlockMainMission": 1010301,
    "UnlockID": 200
  },
  "300": {
    "ID": 300,
    "GotoType": 3,
    "ParamIntList": [],
    "ParamStringList": [],
    "UnlockMainMission": 1010401,
    "UnlockID": 300
  },
  "400": {
    "ID": 400,
    "GotoType": 4,
    "ParamIntList": [],
    "ParamStringList": [],
    "UnlockMainMission": 0,
    "UnlockID": 400
  },
  "500": {
    "ID": 500,
    "GotoType": 5,
    "ParamIntList": [],
    "ParamStringList": [],
    "UnlockMainMission": 0,
    "UnlockID": 500
  },
  "600": {
    "ID": 600,
    "GotoType": 6,
    "ParamIntList": [],
    "ParamStringList": [],
    "UnlockMainMission": 1010401,
    "UnlockID": 600
  },
  "700": {
    "ID": 700,
    "GotoType": 7,
    "ParamIntList": [],
    "ParamStringList": [],
    "UnlockMainMission": 0,
    "UnlockID": 700
  },
  "800": {
    "ID": 800,
    "GotoType": 8,
    "ParamIntList": [],
    "ParamStringList": [],
    "UnlockMainMission": 1010503,
    "UnlockID": 800
  },
  "900": {
    "ID": 900,
    "GotoType": 9,
    "ParamIntList": [],
    "ParamStringList": [],
    "UnlockMainMission": 0,
    "UnlockID": 900
  },
  "1000": {
    "ID": 1000,
    "GotoType": 10,
    "ParamIntList": [],
    "ParamStringList": [],
    "UnlockMainMission": 0,
    "UnlockID": 0
  },
  "1100": {
    "ID": 1100,
    "GotoType": 11,
    "ParamIntList": [],
    "ParamStringList": [],
    "UnlockMainMission": 0,
    "UnlockID": 0
  },
  "1200": {
    "ID": 1200,
    "GotoType": 12,
    "ParamIntList": [],
    "ParamStringList": [
      "OpenURL6",
      "operation_feedback_url"
    ],
    "UnlockMainMission": 0,
    "UnlockID": 0
  },
  "1300": {
    "ID": 1300,
    "GotoType": 13,
    "ParamIntList": [],
    "ParamStringList": [],
    "UnlockMainMission": 0,
    "UnlockID": 0
  },
  "1400": {
    "ID": 1400,
    "GotoType": 14,
    "ParamIntList": [],
    "ParamStringList": [],
    "UnlockMainMission": 0,
    "UnlockID": 1400
  },
  "1500": {
    "ID": 1500,
    "GotoType": 15,
    "ParamIntList": [],
    "ParamStringList": [],
    "UnlockMainMission": 1010503,
    "UnlockID": 1500
  },
  "1600": {
    "ID": 1600,
    "GotoType": 16,
    "ParamIntList": [],
    "ParamStringList": [],
    "UnlockMainMission": 0,
    "UnlockID": 0
  },
  "1700": {
    "ID": 1700,
    "GotoType": 17,
    "ParamIntList": [],
    "ParamStringList": [],
    "UnlockMainMission": 0,
    "UnlockID": 0
  },
  "1800": {
    "ID": 1800,
    "GotoType": 18,
    "ParamIntList": [],
    "ParamStringList": [],
    "UnlockMainMission": 1010301,
    "UnlockID": 1800
  },
  "1900": {
    "ID": 1900,
    "GotoType": 19,
    "ParamIntList": [],
    "ParamStringList": [],
    "UnlockMainMission": 0,
    "UnlockID": 1900
  },
  "2000": {
    "ID": 2000,
    "GotoType": 20,
    "ParamIntList": [],
    "ParamStringList": [],
    "UnlockMainMission": 0,
    "UnlockID": 0
  },
  "2100": {
    "ID": 2100,
    "GotoType": 21,
    "ParamIntList": [],
    "ParamStringList": [],
    "UnlockMainMission": 0,
    "UnlockID": 2100
  },
  "2200": {
    "ID": 2200,
    "GotoType": 22,
    "ParamIntList": [],
    "ParamStringList": [],
    "UnlockMainMission": 0,
    "UnlockID": 0
  },
  "2300": {
    "ID": 2300,
    "GotoType": 23,
    "ParamIntList": [],
    "ParamStringList": [],
    "UnlockMainMission": 0,
    "UnlockID": 2300
  },
  "2400": {
    "ID": 2400,
    "GotoType": 24,
    "ParamIntList": [],
    "ParamStringList": [],
    "UnlockMainMission": 0,
    "UnlockID": 2400
  },
  "2500": {
    "ID": 2500,
    "GotoType": 25,
    "ParamIntList": [],
    "ParamStringList": [],
    "UnlockMainMission": 0,
    "UnlockID": 2500
  },
  "2600": {
    "ID": 2600,
    "GotoType": 12,
    "ParamIntList": [],
    "ParamStringList": [
      "OpenURL7",
      "custom_service_url"
    ],
    "UnlockMainMission": 0,
    "UnlockID": 0
  },
  "2700": {
    "ID": 2700,
    "GotoType": 26,
    "ParamIntList": [],
    "ParamStringList": [],
    "UnlockMainMission": 0,
    "UnlockID": 0
  },
  "2800": {
    "ID": 2800,
    "GotoType": 27,
    "ParamIntList": [],
    "ParamStringList": [],
    "UnlockMainMission": 0,
    "UnlockID": 0
  },
  "2900": {
    "ID": 2900,
    "GotoType": 28,
    "ParamIntList": [],
    "ParamStringList": [],
    "UnlockMainMission": 0,
    "UnlockID": 0
  },
  "3000": {
    "ID": 3000,
    "GotoType": 29,
    "ParamIntList": [],
    "ParamStringList": [],
    "UnlockMainMission": 0,
    "UnlockID": 3000
  },
  "3100": {
    "ID": 3100,
    "GotoType": 30,
    "ParamIntList": [],
    "ParamStringList": [],
    "UnlockMainMission": 0,
    "UnlockID": 3100
  },
  "201": {
    "ID": 201,
    "GotoType": 2,
    "ParamIntList": [
      1000001,
      0
    ],
    "ParamStringList": [],
    "UnlockMainMission": 1010301,
    "UnlockID": 200
  },
  "202": {
    "ID": 202,
    "GotoType": 2,
    "ParamIntList": [
      1010101,
      0
    ],
    "ParamStringList": [],
    "UnlockMainMission": 1010301,
    "UnlockID": 200
  },
  "203": {
    "ID": 203,
    "GotoType": 2,
    "ParamIntList": [
      1010201,
      0
    ],
    "ParamStringList": [],
    "UnlockMainMission": 1010301,
    "UnlockID": 200
  },
  "204": {
    "ID": 204,
    "GotoType": 2,
    "ParamIntList": [
      2010101,
      0
    ],
    "ParamStringList": [],
    "UnlockMainMission": 0,
    "UnlockID": 200
  },
  "205": {
    "ID": 205,
    "GotoType": 2,
    "ParamIntList": [
      2011101,
      0
    ],
    "ParamStringList": [],
    "UnlockMainMission": 0,
    "UnlockID": 200
  },
  "206": {
    "ID": 206,
    "GotoType": 2,
    "ParamIntList": [
      2012101,
      0
    ],
    "ParamStringList": [],
    "UnlockMainMission": 0,
    "UnlockID": 200
  },
  "207": {
    "ID": 207,
    "GotoType": 2,
    "ParamIntList": [
      2012201,
      0
    ],
    "ParamStringList": [],
    "UnlockMainMission": 0,
    "UnlockID": 200
  },
  "208": {
    "ID": 208,
    "GotoType": 2,
    "ParamIntList": [
      2012301,
      0
    ],
    "ParamStringList": [],
    "UnlockMainMission": 0,
    "UnlockID": 200
  },
  "209": {
    "ID": 209,
    "GotoType": 2,
    "ParamIntList": [
      2013101,
      0
    ],
    "ParamStringList": [],
    "UnlockMainMission": 0,
    "UnlockID": 200
  },
  "210": {
    "ID": 210,
    "GotoType": 2,
    "ParamIntList": [
      2013201,
      0
    ],
    "ParamStringList": [],
    "UnlockMainMission": 0,
    "UnlockID": 200
  },
  "211": {
    "ID": 211,
    "GotoType": 2,
    "ParamIntList": [
      1000101,
      0
    ],
    "ParamStringList": [],
    "UnlockMainMission": 0,
    "UnlockID": 200
  },
  "212": {
    "ID": 212,
    "GotoType": 2,
    "ParamIntList": [
      2000101,
      0
    ],
    "ParamStringList": [],
    "UnlockMainMission": 0,
    "UnlockID": 200
  },
  "213": {
    "ID": 213,
    "GotoType": 2,
    "ParamIntList": [
      2000201,
      0
    ],
    "ParamStringList": [],
    "UnlockMainMission": 0,
    "UnlockID": 200
  },
  "214": {
    "ID": 214,
    "GotoType": 2,
    "ParamIntList": [
      2000301,
      0
    ],
    "ParamStringList": [],
    "UnlockMainMission": 0,
    "UnlockID": 200
  },
  "215": {
    "ID": 215,
    "GotoType": 2,
    "ParamIntList": [
      1000102,
      0
    ],
    "ParamStringList": [],
    "UnlockMainMission": 0,
    "UnlockID": 200
  },
  "216": {
    "ID": 216,
    "GotoType": 2,
    "ParamIntList": [
      2013401,
      0
    ],
    "ParamStringList": [],
    "UnlockMainMission": 0,
    "UnlockID": 200
  },
  "217": {
    "ID": 217,
    "GotoType": 2,
    "ParamIntList": [
      1000001,
      2215
    ],
    "ParamStringList": [],
    "UnlockMainMission": 0,
    "UnlockID": 200
  },
  "218": {
    "ID": 218,
    "GotoType": 2,
    "ParamIntList": [
      1010201,
      2206
    ],
    "ParamStringList": [],
    "UnlockMainMission": 0,
    "UnlockID": 200
  },
  "301": {
    "ID": 301,
    "GotoType": 3,
    "ParamIntList": [
      2
    ],
    "ParamStringList": [],
    "UnlockMainMission": 0,
    "UnlockID": 0
  },
  "302": {
    "ID": 302,
    "GotoType": 3,
    "ParamIntList": [
      5
    ],
    "ParamStringList": [],
    "UnlockMainMission": 0,
    "UnlockID": 0
  },
  "404": {
    "ID": 404,
    "GotoType": 4,
    "ParamIntList": [
      0,
      1
    ],
    "ParamStringList": [],
    "UnlockMainMission": 0,
    "UnlockID": 400
  },
  "405": {
    "ID": 405,
    "GotoType": 4,
    "ParamIntList": [
      0,
      2
    ],
    "ParamStringList": [],
    "UnlockMainMission": 0,
    "UnlockID": 9906
  },
  "406": {
    "ID": 406,
    "GotoType": 4,
    "ParamIntList": [
      0,
      3
    ],
    "ParamStringList": [],
    "UnlockMainMission": 0,
    "UnlockID": 400
  },
  "407": {
    "ID": 407,
    "GotoType": 4,
    "ParamIntList": [
      0,
      5
    ],
    "ParamStringList": [],
    "UnlockMainMission": 0,
    "UnlockID": 400
  },
  "505": {
    "ID": 505,
    "GotoType": 5,
    "ParamIntList": [
      2
    ],
    "ParamStringList": [],
    "UnlockMainMission": 0,
    "UnlockID": 0
  },
  "601": {
    "ID": 601,
    "GotoType": 6,
    "ParamIntList": [
      1,
      101
    ],
    "ParamStringList": [],
    "UnlockMainMission": 0,
    "UnlockID": 600
  },
  "602": {
    "ID": 602,
    "GotoType": 6,
    "ParamIntList": [
      1,
      102
    ],
    "ParamStringList": [],
    "UnlockMainMission": 0,
    "UnlockID": 600
  },
  "603": {
    "ID": 603,
    "GotoType": 6,
    "ParamIntList": [
      1,
      999
    ],
    "ParamStringList": [],
    "UnlockMainMission": 0,
    "UnlockID": 600
  },
  "604": {
    "ID": 604,
    "GotoType": 6,
    "ParamIntList": [
      1,
      504
    ],
    "ParamStringList": [],
    "UnlockMainMission": 0,
    "UnlockID": 604
  },
  "605": {
    "ID": 605,
    "GotoType": 6,
    "ParamIntList": [
      1,
      998
    ],
    "ParamStringList": [],
    "UnlockMainMission": 0,
    "UnlockID": 600
  },
  "607": {
    "ID": 607,
    "GotoType": 6,
    "ParamIntList": [
      1,
      504
    ],
    "ParamStringList": [],
    "UnlockMainMission": 0,
    "UnlockID": 607
  },
  "701": {
    "ID": 701,
    "GotoType": 7,
    "ParamIntList": [
      1
    ],
    "ParamStringList": [],
    "UnlockMainMission": 0,
    "UnlockID": 700
  },
  "702": {
    "ID": 702,
    "GotoType": 7,
    "ParamIntList": [
      2
    ],
    "ParamStringList": [],
    "UnlockMainMission": 0,
    "UnlockID": 700
  },
  "703": {
    "ID": 703,
    "GotoType": 7,
    "ParamIntList": [
      3
    ],
    "ParamStringList": [],
    "UnlockMainMission": 0,
    "UnlockID": 700
  },
  "1501": {
    "ID": 1501,
    "GotoType": 15,
    "ParamIntList": [
      1
    ],
    "ParamStringList": [],
    "UnlockMainMission": 0,
    "UnlockID": 1500
  },
  "1502": {
    "ID": 1502,
    "GotoType": 15,
    "ParamIntList": [
      2
    ],
    "ParamStringList": [],
    "UnlockMainMission": 0,
    "UnlockID": 1500
  },
  "1503": {
    "ID": 1503,
    "GotoType": 15,
    "ParamIntList": [
      3
    ],
    "ParamStringList": [],
    "UnlockMainMission": 0,
    "UnlockID": 1500
  },
  "21001": {
    "ID": 21001,
    "GotoType": 2,
    "ParamIntList": [
      2011101,
      0
    ],
    "ParamStringList": [],
    "UnlockMainMission": 0,
    "UnlockID": 21001
  },
  "21002": {
    "ID": 21002,
    "GotoType": 2,
    "ParamIntList": [
      2012201,
      0
    ],
    "ParamStringList": [],
    "UnlockMainMission": 0,
    "UnlockID": 21002
  },
  "21003": {
    "ID": 21003,
    "GotoType": 2,
    "ParamIntList": [
      2012301,
      0
    ],
    "ParamStringList": [],
    "UnlockMainMission": 0,
    "UnlockID": 21003
  },
  "21004": {
    "ID": 21004,
    "GotoType": 2,
    "ParamIntList": [
      2013201,
      0
    ],
    "ParamStringList": [],
    "UnlockMainMission": 0,
    "UnlockID": 21004
  },
  "22001": {
    "ID": 22001,
    "GotoType": 2,
    "ParamIntList": [
      2010101,
      0
    ],
    "ParamStringList": [],
    "UnlockMainMission": 0,
    "UnlockID": 22001
  },
  "22002": {
    "ID": 22002,
    "GotoType": 2,
    "ParamIntList": [
      2011101,
      0
    ],
    "ParamStringList": [],
    "UnlockMainMission": 0,
    "UnlockID": 22002
  },
  "22003": {
    "ID": 22003,
    "GotoType": 2,
    "ParamIntList": [
      2012101,
      0
    ],
    "ParamStringList": [],
    "UnlockMainMission": 0,
    "UnlockID": 22003
  },
  "22004": {
    "ID": 22004,
    "GotoType": 2,
    "ParamIntList": [
      2012201,
      0
    ],
    "ParamStringList": [],
    "UnlockMainMission": 0,
    "UnlockID": 22004
  },
  "22005": {
    "ID": 22005,
    "GotoType": 2,
    "ParamIntList": [
      2012301,
      0
    ],
    "ParamStringList": [],
    "UnlockMainMission": 0,
    "UnlockID": 22005
  },
  "22006": {
    "ID": 22006,
    "GotoType": 2,
    "ParamIntList": [
      2013101,
      0
    ],
    "ParamStringList": [],
    "UnlockMainMission": 0,
    "UnlockID": 22006
  },
  "22007": {
    "ID": 22007,
    "GotoType": 2,
    "ParamIntList": [
      2013201,
      0
    ],
    "ParamStringList": [],
    "UnlockMainMission": 0,
    "UnlockID": 22007
  },
  "23001": {
    "ID": 23001,
    "GotoType": 2,
    "ParamIntList": [
      2012101,
      1105
    ],
    "ParamStringList": [],
    "UnlockMainMission": 0,
    "UnlockID": 23001
  },
  "23002": {
    "ID": 23002,
    "GotoType": 2,
    "ParamIntList": [
      2000101,
      1104
    ],
    "ParamStringList": [],
    "UnlockMainMission": 0,
    "UnlockID": 23002
  },
  "23003": {
    "ID": 23003,
    "GotoType": 2,
    "ParamIntList": [
      2012301,
      1106
    ],
    "ParamStringList": [],
    "UnlockMainMission": 0,
    "UnlockID": 23003
  },
  "23004": {
    "ID": 23004,
    "GotoType": 2,
    "ParamIntList": [
      2011101,
      1103
    ],
    "ParamStringList": [],
    "UnlockMainMission": 0,
    "UnlockID": 23004
  },
  "23005": {
    "ID": 23005,
    "GotoType": 2,
    "ParamIntList": [
      2000301,
      1102
    ],
    "ParamStringList": [],
    "UnlockMainMission": 0,
    "UnlockID": 23005
  },
  "23006": {
    "ID": 23006,
    "GotoType": 2,
    "ParamIntList": [
      2013201,
      1107
    ],
    "ParamStringList": [],
    "UnlockMainMission": 0,
    "UnlockID": 23006
  },
  "23007": {
    "ID": 23007,
    "GotoType": 2,
    "ParamIntList": [
      2000201,
      1101
    ],
    "ParamStringList": [],
    "UnlockMainMission": 0,
    "UnlockID": 23007
  },
  "23008": {
    "ID": 23008,
    "GotoType": 2,
    "ParamIntList": [
      2010101,
      1001
    ],
    "ParamStringList": [],
    "UnlockMainMission": 0,
    "UnlockID": 23008
  },
  "23009": {
    "ID": 23009,
    "GotoType": 2,
    "ParamIntList": [
      2011101,
      1002
    ],
    "ParamStringList": [],
    "UnlockMainMission": 0,
    "UnlockID": 23009
  },
  "23010": {
    "ID": 23010,
    "GotoType": 2,
    "ParamIntList": [
      2012101,
      1003
    ],
    "ParamStringList": [],
    "UnlockMainMission": 0,
    "UnlockID": 23010
  },
  "23101": {
    "ID": 23101,
    "GotoType": 2,
    "ParamIntList": [
      2000101,
      1004
    ],
    "ParamStringList": [],
    "UnlockMainMission": 0,
    "UnlockID": 23101
  },
  "23102": {
    "ID": 23102,
    "GotoType": 2,
    "ParamIntList": [
      2000301,
      1005
    ],
    "ParamStringList": [],
    "UnlockMainMission": 0,
    "UnlockID": 23102
  },
  "23103": {
    "ID": 23103,
    "GotoType": 2,
    "ParamIntList": [
      2010101,
      1006
    ],
    "ParamStringList": [],
    "UnlockMainMission": 0,
    "UnlockID": 23103
  },
  "23104": {
    "ID": 23104,
    "GotoType": 2,
    "ParamIntList": [
      2011101,
      1007
    ],
    "ParamStringList": [],
    "UnlockMainMission": 0,
    "UnlockID": 23104
  },
  "23105": {
    "ID": 23105,
    "GotoType": 2,
    "ParamIntList": [
      2012201,
      1008
    ],
    "ParamStringList": [],
    "UnlockMainMission": 0,
    "UnlockID": 23105
  },
  "23106": {
    "ID": 23106,
    "GotoType": 2,
    "ParamIntList": [
      2012301,
      1009
    ],
    "ParamStringList": [],
    "UnlockMainMission": 0,
    "UnlockID": 23106
  },
  "23107": {
    "ID": 23107,
    "GotoType": 2,
    "ParamIntList": [
      2013101,
      1010
    ],
    "ParamStringList": [],
    "UnlockMainMission": 0,
    "UnlockID": 23107
  },
  "23108": {
    "ID": 23108,
    "GotoType": 2,
    "ParamIntList": [
      2000201,
      1201
    ],
    "ParamStringList": [],
    "UnlockMainMission": 0,
    "UnlockID": 23108
  },
  "23109": {
    "ID": 23109,
    "GotoType": 2,
    "ParamIntList": [
      2012101,
      1202
    ],
    "ParamStringList": [],
    "UnlockMainMission": 0,
    "UnlockID": 23109
  },
  "23110": {
    "ID": 23110,
    "GotoType": 2,
    "ParamIntList": [
      2012201,
      1203
    ],
    "ParamStringList": [],
    "UnlockMainMission": 0,
    "UnlockID": 23110
  },
  "23111": {
    "ID": 23111,
    "GotoType": 2,
    "ParamIntList": [
      2013101,
      1204
    ],
    "ParamStringList": [],
    "UnlockMainMission": 0,
    "UnlockID": 23111
  },
  "23112": {
    "ID": 23112,
    "GotoType": 2,
    "ParamIntList": [
      2013201,
      1205
    ],
    "ParamStringList": [],
    "UnlockMainMission": 0,
    "UnlockID": 23112
  },
  "23113": {
    "ID": 23113,
    "GotoType": 2,
    "ParamIntList": [
      2013401,
      1206
    ],
    "ParamStringList": [],
    "UnlockMainMission": 0,
    "UnlockID": 23113
  },
  "24001": {
    "ID": 24001,
    "GotoType": 2,
    "ParamIntList": [
      2000301,
      1301
    ],
    "ParamStringList": [],
    "UnlockMainMission": 0,
    "UnlockID": 24001
  }
}