{
  "A": {
    "key": "A",
    "isSettingKey": true,
    "keyString": {
      "hash": -216179283
    }
  },
  "B": {
    "key": "B",
    "isSettingKey": true,
    "keyString": {
      "hash": 1349904658
    }
  },
  "C": {
    "key": "C",
    "isSettingKey": true,
    "keyString": {
      "hash": -1378978697
    }
  },
  "D": {
    "key": "D",
    "isSettingKey": true,
    "keyString": {
      "hash": 187105244
    }
  },
  "E": {
    "key": "E",
    "isSettingKey": true,
    "keyString": {
      "hash": 1753189185
    }
  },
  "F": {
    "key": "F",
    "isSettingKey": true,
    "keyString": {
      "hash": -975694170
    }
  },
  "G": {
    "key": "G",
    "isSettingKey": true,
    "keyString": {
      "hash": 590389771
    }
  },
  "H": {
    "key": "H",
    "isSettingKey": true,
    "keyString": {
      "hash": -1426032864
    }
  },
  "I": {
    "key": "I",
    "isSettingKey": true,
    "keyString": {
      "hash": 140051077
    }
  },
  "J": {
    "key": "J",
    "isSettingKey": true,
    "keyString": {
      "hash": 1706135018
    }
  },
  "K": {
    "key": "K",
    "isSettingKey": true,
    "keyString": {
      "hash": -1022748337
    }
  },
  "L": {
    "key": "L",
    "isSettingKey": true,
    "keyString": {
      "hash": 543335604
    }
  },
  "M": {
    "key": "M",
    "isSettingKey": true,
    "keyString": {
      "hash": 2109419545
    }
  },
  "N": {
    "key": "N",
    "isSettingKey": true,
    "keyString": {
      "hash": -619463810
    }
  },
  "O": {
    "key": "O",
    "isSettingKey": true,
    "keyString": {
      "hash": 946620131
    }
  },
  "P": {
    "key": "P",
    "isSettingKey": true,
    "keyString": {
      "hash": -1069802504
    }
  },
  "Q": {
    "key": "Q",
    "isSettingKey": true,
    "keyString": {
      "hash": 496281437
    }
  },
  "R": {
    "key": "R",
    "isSettingKey": true,
    "keyString": {
      "hash": 2062365378
    }
  },
  "S": {
    "key": "S",
    "isSettingKey": true,
    "keyString": {
      "hash": -666517977
    }
  },
  "T": {
    "key": "T",
    "isSettingKey": true,
    "keyString": {
      "hash": 899565964
    }
  },
  "U": {
    "key": "U",
    "isSettingKey": true,
    "keyString": {
      "hash": -1829317391
    }
  },
  "V": {
    "key": "V",
    "isSettingKey": true,
    "keyString": {
      "hash": -263233450
    }
  },
  "W": {
    "key": "W",
    "isSettingKey": true,
    "keyString": {
      "hash": 1302850491
    }
  },
  "X": {
    "key": "X",
    "isSettingKey": true,
    "keyString": {
      "hash": -713572144
    }
  },
  "Y": {
    "key": "Y",
    "isSettingKey": true,
    "keyString": {
      "hash": 852511797
    }
  },
  "Z": {
    "key": "Z",
    "isSettingKey": true,
    "keyString": {
      "hash": -1876371558
    }
  },
  "F1": {
    "key": "F1",
    "isSettingKey": true,
    "keyString": {
      "hash": -128097161
    }
  },
  "F2": {
    "key": "F2",
    "isSettingKey": true,
    "keyString": {
      "hash": -128097160
    }
  },
  "F3": {
    "key": "F3",
    "isSettingKey": true,
    "keyString": {
      "hash": -128097159
    }
  },
  "F4": {
    "key": "F4",
    "isSettingKey": true,
    "keyString": {
      "hash": -128097158
    }
  },
  "F5": {
    "key": "F5",
    "isSettingKey": true,
    "keyString": {
      "hash": -128097157
    }
  },
  "F6": {
    "key": "F6",
    "isSettingKey": true,
    "keyString": {
      "hash": -128097156
    }
  },
  "F7": {
    "key": "F7",
    "isSettingKey": true,
    "keyString": {
      "hash": -128097155
    }
  },
  "F8": {
    "key": "F8",
    "isSettingKey": true,
    "keyString": {
      "hash": -128097154
    }
  },
  "F9": {
    "key": "F9",
    "isSettingKey": true,
    "keyString": {
      "hash": -128097153
    }
  },
  "F10": {
    "key": "F10",
    "isSettingKey": true,
    "keyString": {
      "hash": 4245575
    }
  },
  "F11": {
    "key": "F11",
    "isSettingKey": true,
    "keyString": {
      "hash": 1570329516
    }
  },
  "F12": {
    "key": "F12",
    "isSettingKey": true,
    "keyString": {
      "hash": 1167044989
    }
  },
  "Key0": {
    "key": "Key0",
    "isSettingKey": true,
    "keyString": {
      "hash": -1269960169
    }
  },
  "Key1": {
    "key": "Key1",
    "isSettingKey": true,
    "keyString": {
      "hash": -1269960170
    }
  },
  "Key2": {
    "key": "Key2",
    "isSettingKey": true,
    "keyString": {
      "hash": -1269960167
    }
  },
  "Key3": {
    "key": "Key3",
    "isSettingKey": true,
    "keyString": {
      "hash": -1269960168
    }
  },
  "Key4": {
    "key": "Key4",
    "isSettingKey": true,
    "keyString": {
      "hash": -1269960173
    }
  },
  "Key5": {
    "key": "Key5",
    "isSettingKey": true,
    "keyString": {
      "hash": -1269960174
    }
  },
  "Key6": {
    "key": "Key6",
    "isSettingKey": true,
    "keyString": {
      "hash": -1269960171
    }
  },
  "Key7": {
    "key": "Key7",
    "isSettingKey": true,
    "keyString": {
      "hash": -1269960172
    }
  },
  "Key8": {
    "key": "Key8",
    "isSettingKey": true,
    "keyString": {
      "hash": -1269960161
    }
  },
  "Key9": {
    "key": "Key9",
    "isSettingKey": true,
    "keyString": {
      "hash": -1269960162
    }
  },
  "Space": {
    "key": "Space",
    "isSettingKey": true,
    "keyString": {
      "hash": -1131720626
    }
  },
  "Minus": {
    "key": "Minus",
    "isSettingKey": true,
    "keyString": {
      "hash": -1696818156
    }
  },
  "Equals": {
    "key": "Equals",
    "isSettingKey": true,
    "keyString": {
      "hash": 1880330055
    }
  },
  "Backspace": {
    "key": "Backspace",
    "isSettingKey": true,
    "keyString": {
      "hash": 984837679
    }
  },
  "LeftBracket": {
    "key": "LeftBracket",
    "isSettingKey": true,
    "keyString": {
      "hash": -776142149
    }
  },
  "RightBracket": {
    "key": "RightBracket",
    "isSettingKey": true,
    "keyString": {
      "hash": 1890043086
    }
  },
  "Semicolon": {
    "key": "Semicolon",
    "isSettingKey": true,
    "keyString": {
      "hash": -761882945
    }
  },
  "Quote": {
    "key": "Quote",
    "isSettingKey": true,
    "keyString": {
      "hash": 1994574144
    }
  },
  "Backslash": {
    "key": "Backslash",
    "isSettingKey": true,
    "keyString": {
      "hash": 937783892
    }
  },
  "Comma": {
    "key": "Comma",
    "isSettingKey": true,
    "keyString": {
      "hash": -2146381787
    }
  },
  "Period": {
    "key": "Period",
    "isSettingKey": true,
    "keyString": {
      "hash": -1699966303
    }
  },
  "Slash": {
    "key": "Slash",
    "isSettingKey": true,
    "keyString": {
      "hash": -15974471
    }
  },
  "LeftArrow": {
    "key": "LeftArrow",
    "isSettingKey": true,
    "keyString": {
      "hash": -996784758
    }
  },
  "RightArrow": {
    "key": "RightArrow",
    "isSettingKey": true,
    "keyString": {
      "hash": 2102402249
    }
  },
  "UpArrow": {
    "key": "UpArrow",
    "isSettingKey": true,
    "keyString": {
      "hash": -515204886
    }
  },
  "DownArrow": {
    "key": "DownArrow",
    "isSettingKey": true,
    "keyString": {
      "hash": 1222525463
    }
  },
  "Backquote": {
    "key": "Backquote",
    "isSettingKey": true,
    "keyString": {
      "hash": -1669365211
    }
  },
  "Return": {
    "key": "Return",
    "isSettingKey": true,
    "keyString": {
      "hash": -90894006
    }
  },
  "Shift": {
    "key": "Shift",
    "isSettingKey": false,
    "keyString": {
      "hash": -244597204
    }
  },
  "Alt": {
    "key": "Alt",
    "isSettingKey": false,
    "keyString": {
      "hash": -136916963
    }
  },
  "Control": {
    "key": "Control",
    "isSettingKey": false,
    "keyString": {
      "hash": 2137048891
    }
  },
  "Escape": {
    "key": "Escape",
    "isSettingKey": false,
    "keyString": {
      "hash": 1968046445
    }
  },
  "None": {
    "key": "None",
    "isSettingKey": false,
    "keyString": {
      "hash": 645706194
    }
  },
  "Home": {
    "key": "Home",
    "isSettingKey": false,
    "keyString": {
      "hash": 1250503819
    }
  },
  "Pad0": {
    "key": "Pad0",
    "isSettingKey": true,
    "keyString": {
      "hash": -1088650179
    }
  },
  "Pad1": {
    "key": "Pad1",
    "isSettingKey": true,
    "keyString": {
      "hash": -1088650180
    }
  },
  "Pad2": {
    "key": "Pad2",
    "isSettingKey": true,
    "keyString": {
      "hash": -1088650177
    }
  },
  "Pad3": {
    "key": "Pad3",
    "isSettingKey": true,
    "keyString": {
      "hash": -1088650178
    }
  },
  "Pad4": {
    "key": "Pad4",
    "isSettingKey": true,
    "keyString": {
      "hash": -1088650175
    }
  },
  "Pad5": {
    "key": "Pad5",
    "isSettingKey": true,
    "keyString": {
      "hash": -1088650176
    }
  },
  "Pad6": {
    "key": "Pad6",
    "isSettingKey": true,
    "keyString": {
      "hash": -1088650173
    }
  },
  "Pad7": {
    "key": "Pad7",
    "isSettingKey": true,
    "keyString": {
      "hash": -1088650174
    }
  },
  "Pad8": {
    "key": "Pad8",
    "isSettingKey": true,
    "keyString": {
      "hash": -1088650171
    }
  },
  "Pad9": {
    "key": "Pad9",
    "isSettingKey": true,
    "keyString": {
      "hash": -1088650172
    }
  },
  "PadDivide": {
    "key": "PadDivide",
    "isSettingKey": true,
    "keyString": {
      "hash": 1768225204
    }
  },
  "PadMultiply": {
    "key": "PadMultiply",
    "isSettingKey": true,
    "keyString": {
      "hash": -1526617239
    }
  },
  "PadMinus": {
    "key": "PadMinus",
    "isSettingKey": true,
    "keyString": {
      "hash": -383122991
    }
  },
  "PadPlus": {
    "key": "PadPlus",
    "isSettingKey": true,
    "keyString": {
      "hash": -1669675917
    }
  },
  "PadEnter": {
    "key": "PadEnter",
    "isSettingKey": true,
    "keyString": {
      "hash": 1236654453
    }
  },
  "PadPeriod": {
    "key": "PadPeriod",
    "isSettingKey": true,
    "keyString": {
      "hash": -959128752
    }
  },
  "CapsLock": {
    "key": "CapsLock",
    "isSettingKey": true,
    "keyString": {
      "hash": 1242648122
    }
  },
  "LeftShift": {
    "key": "LeftShift",
    "isSettingKey": true,
    "keyString": {
      "hash": -1836146821
    }
  },
  "LeftAlt": {
    "key": "LeftAlt",
    "isSettingKey": true,
    "keyString": {
      "hash": 2035502928
    }
  },
  "LeftCommand": {
    "key": "LeftCommand",
    "isSettingKey": false,
    "keyString": {
      "hash": 657870442
    }
  },
  "LeftControl": {
    "key": "LeftControl",
    "isSettingKey": true,
    "keyString": {
      "hash": -1578459398
    }
  },
  "RightShift": {
    "key": "RightShift",
    "isSettingKey": true,
    "keyString": {
      "hash": -1056635726
    }
  },
  "RightAlt": {
    "key": "RightAlt",
    "isSettingKey": true,
    "keyString": {
      "hash": -1079941555
    }
  },
  "RightCommand": {
    "key": "RightCommand",
    "isSettingKey": false,
    "keyString": {
      "hash": -1176066781
    }
  },
  "RightControl": {
    "key": "RightControl",
    "isSettingKey": true,
    "keyString": {
      "hash": 1888588323
    }
  },
  "Tab": {
    "key": "Tab",
    "isSettingKey": false,
    "keyString": {
      "hash": -1562096745
    }
  }
}