{
  "1": {
    "ID": 1,
    "PurposeText": {
      "hash": 2013460089
    }
  },
  "2": {
    "ID": 2,
    "PurposeText": {
      "hash": 2013460092
    }
  },
  "3": {
    "ID": 3,
    "PurposeText": {
      "hash": 2013460091
    }
  },
  "4": {
    "ID": 4,
    "PurposeText": {
      "hash": 2013460094
    }
  },
  "5": {
    "ID": 5,
    "PurposeText": {
      "hash": 2013460093
    }
  },
  "6": {
    "ID": 6,
    "PurposeText": {
      "hash": 2013460096
    }
  },
  "7": {
    "ID": 7,
    "PurposeText": {
      "hash": 2013460095
    }
  }
}