{
  "Normal": {
    "Rarity": "Normal",
    "FrameItemRarityPath": "SpriteOutput/ItemIcon/Rarity/FrameItemRarity01.png",
    "FrameIconRarityPath": "SpriteOutput/ItemIcon/Rarity/FrameIconRarity01.png",
    "FrameItemRarityBgPath": "SpriteOutput/ItemIcon/Rarity/FrameItemRarityBg01.png",
    "FrameItemRarityColor": "#676767",
    "LineItemRarityColor": "#a3a3aa"
  },
  "NotNormal": {
    "Rarity": "NotNormal",
    "FrameItemRarityPath": "SpriteOutput/ItemIcon/Rarity/FrameItemRarity02.png",
    "FrameIconRarityPath": "SpriteOutput/ItemIcon/Rarity/FrameIconRarity02.png",
    "FrameItemRarityBgPath": "SpriteOutput/ItemIcon/Rarity/FrameItemRarityBg02.png",
    "FrameItemRarityColor": "#009547",
    "LineItemRarityColor": "#48ac91"
  },
  "Rare": {
    "Rarity": "Rare",
    "FrameItemRarityPath": "SpriteOutput/ItemIcon/Rarity/FrameItemRarity03.png",
    "FrameIconRarityPath": "SpriteOutput/ItemIcon/Rarity/FrameIconRarity03.png",
    "FrameItemRarityBgPath": "SpriteOutput/ItemIcon/Rarity/FrameItemRarityBg03.png",
    "FrameItemRarityColor": "#216AA8",
    "LineItemRarityColor": "#5b98ed"
  },
  "VeryRare": {
    "Rarity": "VeryRare",
    "FrameItemRarityPath": "SpriteOutput/ItemIcon/Rarity/FrameItemRarity04.png",
    "FrameIconRarityPath": "SpriteOutput/ItemIcon/Rarity/FrameIconRarity04.png",
    "FrameItemRarityBgPath": "SpriteOutput/ItemIcon/Rarity/FrameItemRarityBg04.png",
    "FrameItemRarityColor": "#5C44B2",
    "LineItemRarityColor": "#8f60d2"
  },
  "SuperRare": {
    "Rarity": "SuperRare",
    "FrameItemRarityPath": "SpriteOutput/ItemIcon/Rarity/FrameItemRarity05.png",
    "FrameIconRarityPath": "SpriteOutput/ItemIcon/Rarity/FrameIconRarity05.png",
    "FrameItemRarityBgPath": "SpriteOutput/ItemIcon/Rarity/FrameItemRarityBg05.png",
    "FrameItemRarityColor": "#D68F23",
    "LineItemRarityColor": "#ffc975"
  }
}