{
  "10001": {
    "ID": 10001,
    "MinLevel": 1,
    "MaxLevel": 80,
    "QuestID": 0,
    "ImagePath": "SpriteOutput/AvatarProfessionTattoo/Profession/BgPathsKnight.png"
  },
  "10002": {
    "ID": 10002,
    "MinLevel": 1,
    "MaxLevel": 80,
    "QuestID": 0,
    "ImagePath": "SpriteOutput/AvatarProfessionTattoo/Profession/BgPathsnMage.png"
  },
  "10003": {
    "ID": 10003,
    "MinLevel": 1,
    "MaxLevel": 80,
    "QuestID": 0,
    "ImagePath": "SpriteOutput/AvatarProfessionTattoo/Profession/BgPathsPirest.png"
  },
  "10004": {
    "ID": 10004,
    "MinLevel": 1,
    "MaxLevel": 80,
    "QuestID": 0,
    "ImagePath": "SpriteOutput/AvatarProfessionTattoo/Profession/BgPathsRogue.png"
  },
  "10005": {
    "ID": 10005,
    "MinLevel": 1,
    "MaxLevel": 80,
    "QuestID": 0,
    "ImagePath": "SpriteOutput/AvatarProfessionTattoo/Profession/BgPathsShaman.png"
  },
  "10006": {
    "ID": 10006,
    "MinLevel": 1,
    "MaxLevel": 80,
    "QuestID": 0,
    "ImagePath": "SpriteOutput/AvatarProfessionTattoo/Profession/BgPathsWarlock.png"
  },
  "10007": {
    "ID": 10007,
    "MinLevel": 1,
    "MaxLevel": 80,
    "QuestID": 0,
    "ImagePath": "SpriteOutput/AvatarProfessionTattoo/Profession/BgPathsWarrior.png"
  },
  "10008": {
    "ID": 10008,
    "MinLevel": 1,
    "MaxLevel": 80,
    "QuestID": 0,
    "ImagePath": "SpriteOutput/UI/Loading/LoadingIcon.png"
  }
}