{
  "10000": {
    "ID": 10000,
    "MapGuideID": 1001,
    "Type": 1,
    "GroupName": {
      "hash": -1560252018
    }
  },
  "10101": {
    "ID": 10101,
    "MapGuideID": 1001,
    "Type": 1,
    "GroupName": {
      "hash": -1560251922
    }
  },
  "10102": {
    "ID": 10102,
    "MapGuideID": 1001,
    "Type": 1,
    "GroupName": {
      "hash": -1560251919
    }
  },
  "20101": {
    "ID": 20101,
    "MapGuideID": 1001,
    "Type": 2,
    "GroupName": {
      "hash": -1560250831
    }
  },
  "20111": {
    "ID": 20111,
    "MapGuideID": 1001,
    "Type": 2,
    "GroupName": {
      "hash": 5833110
    }
  },
  "20121": {
    "ID": 20121,
    "MapGuideID": 1001,
    "Type": 2,
    "GroupName": {
      "hash": -397451417
    }
  },
  "20122": {
    "ID": 20122,
    "MapGuideID": 1001,
    "Type": 2,
    "GroupName": {
      "hash": -397451420
    }
  },
  "20123": {
    "ID": 20123,
    "MapGuideID": 1001,
    "Type": 2,
    "GroupName": {
      "hash": -397451419
    }
  },
  "20131": {
    "ID": 20131,
    "MapGuideID": 1001,
    "Type": 2,
    "GroupName": {
      "hash": 1168632524
    }
  },
  "20132": {
    "ID": 20132,
    "MapGuideID": 1001,
    "Type": 2,
    "GroupName": {
      "hash": 1168632521
    }
  },
  "20133": {
    "ID": 20133,
    "MapGuideID": 1001,
    "Type": 2,
    "GroupName": {
      "hash": 1168632522
    }
  },
  "99999": {
    "ID": 99999,
    "MapGuideID": 1099,
    "Type": 2,
    "GroupName": {
      "hash": 1350208342
    }
  },
  "99996": {
    "ID": 99996,
    "MapGuideID": 1099,
    "Type": 2,
    "GroupName": {
      "hash": 1350208333
    }
  }
}