{
  "100101": {
    "MazeSkillId": 100101,
    "MazeSkillName": "AvatarSkillName_100106",
    "MazeSkilltype": 1,
    "MazeSkillDesc": "AvatarSkillDesc_100106",
    "RelatedAvatarSkill": 100106,
    "MPCost": 0,
    "SkillTriggerKey": "NormalAtk"
  },
  "100102": {
    "MazeSkillId": 100102,
    "MazeSkillName": "AvatarSkillName_100107",
    "MazeSkilltype": 2,
    "MazeSkillDesc": "AvatarSkillDesc_100107",
    "RelatedAvatarSkill": 100107,
    "MPCost": 1,
    "SkillTriggerKey": "MazeSkill"
  },
  "100201": {
    "MazeSkillId": 100201,
    "MazeSkillName": "AvatarSkillName_100206",
    "MazeSkilltype": 1,
    "MazeSkillDesc": "AvatarSkillDesc_100206",
    "RelatedAvatarSkill": 100206,
    "MPCost": 0,
    "SkillTriggerKey": "NormalAtk"
  },
  "100202": {
    "MazeSkillId": 100202,
    "MazeSkillName": "AvatarSkillName_100207",
    "MazeSkilltype": 2,
    "MazeSkillDesc": "AvatarSkillDesc_100207",
    "RelatedAvatarSkill": 100207,
    "MPCost": 1,
    "SkillTriggerKey": "MazeSkill"
  },
  "100301": {
    "MazeSkillId": 100301,
    "MazeSkillName": "AvatarSkillName_100306",
    "MazeSkilltype": 1,
    "MazeSkillDesc": "AvatarSkillDesc_100306",
    "RelatedAvatarSkill": 100306,
    "MPCost": 0,
    "SkillTriggerKey": "NormalAtk"
  },
  "100302": {
    "MazeSkillId": 100302,
    "MazeSkillName": "AvatarSkillName_100307",
    "MazeSkilltype": 2,
    "MazeSkillDesc": "AvatarSkillDesc_100307",
    "RelatedAvatarSkill": 100307,
    "MPCost": 1,
    "SkillTriggerKey": "MazeSkill"
  },
  "100401": {
    "MazeSkillId": 100401,
    "MazeSkillName": "AvatarSkillName_100406",
    "MazeSkilltype": 1,
    "MazeSkillDesc": "AvatarSkillDesc_100406",
    "RelatedAvatarSkill": 100406,
    "MPCost": 0,
    "SkillTriggerKey": "NormalAtk"
  },
  "100402": {
    "MazeSkillId": 100402,
    "MazeSkillName": "AvatarSkillName_100407",
    "MazeSkilltype": 2,
    "MazeSkillDesc": "AvatarSkillDesc_100407",
    "RelatedAvatarSkill": 100407,
    "MPCost": 1,
    "SkillTriggerKey": "MazeSkill"
  },
  "100501": {
    "MazeSkillId": 100501,
    "MazeSkillName": "AvatarSkillName_100506",
    "MazeSkilltype": 1,
    "MazeSkillDesc": "AvatarSkillDesc_100506",
    "RelatedAvatarSkill": 100506,
    "MPCost": 0,
    "SkillTriggerKey": "NormalAtk"
  },
  "100502": {
    "MazeSkillId": 100502,
    "MazeSkillName": "AvatarSkillName_100507",
    "MazeSkilltype": 2,
    "MazeSkillDesc": "AvatarSkillDesc_100507",
    "RelatedAvatarSkill": 100507,
    "MPCost": 1,
    "SkillTriggerKey": "MazeSkill"
  },
  "100601": {
    "MazeSkillId": 100601,
    "MazeSkillName": "AvatarSkillName_100606",
    "MazeSkilltype": 1,
    "MazeSkillDesc": "AvatarSkillDesc_100606",
    "RelatedAvatarSkill": 100606,
    "MPCost": 0,
    "SkillTriggerKey": "NormalAtk"
  },
  "100602": {
    "MazeSkillId": 100602,
    "MazeSkillName": "AvatarSkillName_100607",
    "MazeSkilltype": 2,
    "MazeSkillDesc": "AvatarSkillDesc_100607",
    "RelatedAvatarSkill": 100607,
    "MPCost": 1,
    "SkillTriggerKey": "MazeSkill"
  },
  "100801": {
    "MazeSkillId": 100801,
    "MazeSkillName": "AvatarSkillName_100806",
    "MazeSkilltype": 1,
    "MazeSkillDesc": "AvatarSkillDesc_100806",
    "RelatedAvatarSkill": 100806,
    "MPCost": 0,
    "SkillTriggerKey": "NormalAtk"
  },
  "100802": {
    "MazeSkillId": 100802,
    "MazeSkillName": "AvatarSkillName_100807",
    "MazeSkilltype": 2,
    "MazeSkillDesc": "AvatarSkillDesc_100807",
    "RelatedAvatarSkill": 100807,
    "MPCost": 1,
    "SkillTriggerKey": "MazeSkill"
  },
  "100901": {
    "MazeSkillId": 100901,
    "MazeSkillName": "AvatarSkillName_100906",
    "MazeSkilltype": 1,
    "MazeSkillDesc": "AvatarSkillDesc_100906",
    "RelatedAvatarSkill": 100906,
    "MPCost": 0,
    "SkillTriggerKey": "NormalAtk"
  },
  "100902": {
    "MazeSkillId": 100902,
    "MazeSkillName": "AvatarSkillName_100907",
    "MazeSkilltype": 2,
    "MazeSkillDesc": "AvatarSkillDesc_100907",
    "RelatedAvatarSkill": 100907,
    "MPCost": 1,
    "SkillTriggerKey": "MazeSkill"
  },
  "101301": {
    "MazeSkillId": 101301,
    "MazeSkillName": "AvatarSkillName_101306",
    "MazeSkilltype": 1,
    "MazeSkillDesc": "AvatarSkillDesc_101306",
    "RelatedAvatarSkill": 101306,
    "MPCost": 0,
    "SkillTriggerKey": "NormalAtk"
  },
  "101302": {
    "MazeSkillId": 101302,
    "MazeSkillName": "AvatarSkillName_101307",
    "MazeSkilltype": 2,
    "MazeSkillDesc": "AvatarSkillDesc_101307",
    "RelatedAvatarSkill": 101307,
    "MPCost": 1,
    "SkillTriggerKey": "MazeSkill"
  },
  "110101": {
    "MazeSkillId": 110101,
    "MazeSkillName": "AvatarSkillName_110106",
    "MazeSkilltype": 1,
    "MazeSkillDesc": "AvatarSkillDesc_110106",
    "RelatedAvatarSkill": 110106,
    "MPCost": 0,
    "SkillTriggerKey": "NormalAtk"
  },
  "110102": {
    "MazeSkillId": 110102,
    "MazeSkillName": "AvatarSkillName_110107",
    "MazeSkilltype": 2,
    "MazeSkillDesc": "AvatarSkillDesc_110107",
    "RelatedAvatarSkill": 110107,
    "MPCost": 1,
    "SkillTriggerKey": "MazeSkill"
  },
  "110201": {
    "MazeSkillId": 110201,
    "MazeSkillName": "AvatarSkillName_110206",
    "MazeSkilltype": 1,
    "MazeSkillDesc": "AvatarSkillDesc_110206",
    "RelatedAvatarSkill": 110206,
    "MPCost": 0,
    "SkillTriggerKey": "NormalAtk"
  },
  "110202": {
    "MazeSkillId": 110202,
    "MazeSkillName": "AvatarSkillName_110207",
    "MazeSkilltype": 2,
    "MazeSkillDesc": "AvatarSkillDesc_110207",
    "RelatedAvatarSkill": 110207,
    "MPCost": 1,
    "SkillTriggerKey": "MazeSkill"
  },
  "110301": {
    "MazeSkillId": 110301,
    "MazeSkillName": "AvatarSkillName_110306",
    "MazeSkilltype": 1,
    "MazeSkillDesc": "AvatarSkillDesc_110306",
    "RelatedAvatarSkill": 110306,
    "MPCost": 0,
    "SkillTriggerKey": "NormalAtk"
  },
  "110302": {
    "MazeSkillId": 110302,
    "MazeSkillName": "AvatarSkillName_110307",
    "MazeSkilltype": 2,
    "MazeSkillDesc": "AvatarSkillDesc_110307",
    "RelatedAvatarSkill": 110307,
    "MPCost": 1,
    "SkillTriggerKey": "MazeSkill"
  },
  "110401": {
    "MazeSkillId": 110401,
    "MazeSkillName": "AvatarSkillName_110406",
    "MazeSkilltype": 1,
    "MazeSkillDesc": "AvatarSkillDesc_110406",
    "RelatedAvatarSkill": 110406,
    "MPCost": 0,
    "SkillTriggerKey": "NormalAtk"
  },
  "110402": {
    "MazeSkillId": 110402,
    "MazeSkillName": "AvatarSkillName_110407",
    "MazeSkilltype": 2,
    "MazeSkillDesc": "AvatarSkillDesc_110407",
    "RelatedAvatarSkill": 110407,
    "MPCost": 1,
    "SkillTriggerKey": "MazeSkill"
  },
  "110501": {
    "MazeSkillId": 110501,
    "MazeSkillName": "AvatarSkillName_110506",
    "MazeSkilltype": 1,
    "MazeSkillDesc": "AvatarSkillDesc_110506",
    "RelatedAvatarSkill": 110506,
    "MPCost": 0,
    "SkillTriggerKey": "NormalAtk"
  },
  "110502": {
    "MazeSkillId": 110502,
    "MazeSkillName": "AvatarSkillName_110507",
    "MazeSkilltype": 2,
    "MazeSkillDesc": "AvatarSkillDesc_110507",
    "RelatedAvatarSkill": 110507,
    "MPCost": 1,
    "SkillTriggerKey": "MazeSkill"
  },
  "110601": {
    "MazeSkillId": 110601,
    "MazeSkillName": "AvatarSkillName_110606",
    "MazeSkilltype": 1,
    "MazeSkillDesc": "AvatarSkillDesc_110606",
    "RelatedAvatarSkill": 110606,
    "MPCost": 0,
    "SkillTriggerKey": "NormalAtk"
  },
  "110602": {
    "MazeSkillId": 110602,
    "MazeSkillName": "AvatarSkillName_110607",
    "MazeSkilltype": 2,
    "MazeSkillDesc": "AvatarSkillDesc_110607",
    "RelatedAvatarSkill": 110607,
    "MPCost": 1,
    "SkillTriggerKey": "MazeSkill"
  },
  "110701": {
    "MazeSkillId": 110701,
    "MazeSkillName": "AvatarSkillName_110706",
    "MazeSkilltype": 1,
    "MazeSkillDesc": "AvatarSkillDesc_110706",
    "RelatedAvatarSkill": 110706,
    "MPCost": 0,
    "SkillTriggerKey": "NormalAtk"
  },
  "110702": {
    "MazeSkillId": 110702,
    "MazeSkillName": "AvatarSkillName_110707",
    "MazeSkilltype": 2,
    "MazeSkillDesc": "AvatarSkillDesc_110707",
    "RelatedAvatarSkill": 110707,
    "MPCost": 1,
    "SkillTriggerKey": "MazeSkill"
  },
  "110801": {
    "MazeSkillId": 110801,
    "MazeSkillName": "AvatarSkillName_110806",
    "MazeSkilltype": 1,
    "MazeSkillDesc": "AvatarSkillDesc_110806",
    "RelatedAvatarSkill": 110806,
    "MPCost": 0,
    "SkillTriggerKey": "NormalAtk"
  },
  "110802": {
    "MazeSkillId": 110802,
    "MazeSkillName": "AvatarSkillName_110807",
    "MazeSkilltype": 2,
    "MazeSkillDesc": "AvatarSkillDesc_110807",
    "RelatedAvatarSkill": 110807,
    "MPCost": 1,
    "SkillTriggerKey": "MazeSkill"
  },
  "110901": {
    "MazeSkillId": 110901,
    "MazeSkillName": "AvatarSkillName_110906",
    "MazeSkilltype": 1,
    "MazeSkillDesc": "AvatarSkillDesc_110906",
    "RelatedAvatarSkill": 110906,
    "MPCost": 0,
    "SkillTriggerKey": "NormalAtk"
  },
  "110902": {
    "MazeSkillId": 110902,
    "MazeSkillName": "AvatarSkillName_110907",
    "MazeSkilltype": 2,
    "MazeSkillDesc": "AvatarSkillDesc_110907",
    "RelatedAvatarSkill": 110907,
    "MPCost": 1,
    "SkillTriggerKey": "MazeSkill"
  },
  "120201": {
    "MazeSkillId": 120201,
    "MazeSkillName": "AvatarSkillName_120206",
    "MazeSkilltype": 1,
    "MazeSkillDesc": "AvatarSkillDesc_120206",
    "RelatedAvatarSkill": 120206,
    "MPCost": 0,
    "SkillTriggerKey": "NormalAtk"
  },
  "120202": {
    "MazeSkillId": 120202,
    "MazeSkillName": "AvatarSkillName_120207",
    "MazeSkilltype": 2,
    "MazeSkillDesc": "AvatarSkillDesc_120207",
    "RelatedAvatarSkill": 120207,
    "MPCost": 1,
    "SkillTriggerKey": "MazeSkill"
  },
  "120301": {
    "MazeSkillId": 120301,
    "MazeSkillName": "AvatarSkillName_120306",
    "MazeSkilltype": 1,
    "MazeSkillDesc": "AvatarSkillDesc_120306",
    "RelatedAvatarSkill": 120306,
    "MPCost": 0,
    "SkillTriggerKey": "NormalAtk"
  },
  "120302": {
    "MazeSkillId": 120302,
    "MazeSkillName": "AvatarSkillName_120307",
    "MazeSkilltype": 2,
    "MazeSkillDesc": "AvatarSkillDesc_120307",
    "RelatedAvatarSkill": 120307,
    "MPCost": 1,
    "SkillTriggerKey": "MazeSkill"
  },
  "120401": {
    "MazeSkillId": 120401,
    "MazeSkillName": "AvatarSkillName_120406",
    "MazeSkilltype": 1,
    "MazeSkillDesc": "AvatarSkillDesc_120406",
    "RelatedAvatarSkill": 120406,
    "MPCost": 0,
    "SkillTriggerKey": "NormalAtk"
  },
  "120402": {
    "MazeSkillId": 120402,
    "MazeSkillName": "AvatarSkillName_120407",
    "MazeSkilltype": 2,
    "MazeSkillDesc": "AvatarSkillDesc_120407",
    "RelatedAvatarSkill": 120407,
    "MPCost": 1,
    "SkillTriggerKey": "MazeSkill"
  },
  "120501": {
    "MazeSkillId": 120501,
    "MazeSkillName": "AvatarSkillName_120506",
    "MazeSkilltype": 1,
    "MazeSkillDesc": "AvatarSkillDesc_120506",
    "RelatedAvatarSkill": 120506,
    "MPCost": 0,
    "SkillTriggerKey": "NormalAtk"
  },
  "120502": {
    "MazeSkillId": 120502,
    "MazeSkillName": "AvatarSkillName_120507",
    "MazeSkilltype": 2,
    "MazeSkillDesc": "AvatarSkillDesc_120507",
    "RelatedAvatarSkill": 120507,
    "MPCost": 1,
    "SkillTriggerKey": "MazeSkill"
  },
  "120601": {
    "MazeSkillId": 120601,
    "MazeSkillName": "AvatarSkillName_120606",
    "MazeSkilltype": 1,
    "MazeSkillDesc": "AvatarSkillDesc_120606",
    "RelatedAvatarSkill": 120606,
    "MPCost": 0,
    "SkillTriggerKey": "NormalAtk"
  },
  "120602": {
    "MazeSkillId": 120602,
    "MazeSkillName": "AvatarSkillName_120607",
    "MazeSkilltype": 2,
    "MazeSkillDesc": "AvatarSkillDesc_120607",
    "RelatedAvatarSkill": 120607,
    "MPCost": 1,
    "SkillTriggerKey": "MazeSkill"
  },
  "800101": {
    "MazeSkillId": 800101,
    "MazeSkillName": "AvatarSkillName_800106",
    "MazeSkilltype": 1,
    "MazeSkillDesc": "AvatarSkillDesc_800106",
    "RelatedAvatarSkill": 800106,
    "MPCost": 0,
    "SkillTriggerKey": "NormalAtk"
  },
  "800102": {
    "MazeSkillId": 800102,
    "MazeSkillName": "AvatarSkillName_800107",
    "MazeSkilltype": 2,
    "MazeSkillDesc": "AvatarSkillDesc_800107",
    "RelatedAvatarSkill": 800107,
    "MPCost": 1,
    "SkillTriggerKey": "MazeSkill"
  },
  "800201": {
    "MazeSkillId": 800201,
    "MazeSkillName": "AvatarSkillName_800206",
    "MazeSkilltype": 1,
    "MazeSkillDesc": "AvatarSkillDesc_800206",
    "RelatedAvatarSkill": 800206,
    "MPCost": 0,
    "SkillTriggerKey": "NormalAtk"
  },
  "800202": {
    "MazeSkillId": 800202,
    "MazeSkillName": "AvatarSkillName_800207",
    "MazeSkilltype": 2,
    "MazeSkillDesc": "AvatarSkillDesc_800207",
    "RelatedAvatarSkill": 800207,
    "MPCost": 1,
    "SkillTriggerKey": "MazeSkill"
  },
  "800301": {
    "MazeSkillId": 800301,
    "MazeSkillName": "AvatarSkillName_800306",
    "MazeSkilltype": 1,
    "MazeSkillDesc": "AvatarSkillDesc_800306",
    "RelatedAvatarSkill": 800306,
    "MPCost": 0,
    "SkillTriggerKey": "NormalAtk"
  },
  "800302": {
    "MazeSkillId": 800302,
    "MazeSkillName": "AvatarSkillName_800307",
    "MazeSkilltype": 2,
    "MazeSkillDesc": "AvatarSkillDesc_800307",
    "RelatedAvatarSkill": 800307,
    "MPCost": 1,
    "SkillTriggerKey": "MazeSkill"
  },
  "800401": {
    "MazeSkillId": 800401,
    "MazeSkillName": "AvatarSkillName_800406",
    "MazeSkilltype": 1,
    "MazeSkillDesc": "AvatarSkillDesc_800406",
    "RelatedAvatarSkill": 800406,
    "MPCost": 0,
    "SkillTriggerKey": "NormalAtk"
  },
  "800402": {
    "MazeSkillId": 800402,
    "MazeSkillName": "AvatarSkillName_800407",
    "MazeSkilltype": 2,
    "MazeSkillDesc": "AvatarSkillDesc_800407",
    "RelatedAvatarSkill": 800407,
    "MPCost": 1,
    "SkillTriggerKey": "MazeSkill"
  },
  "999801": {
    "MazeSkillId": 999801,
    "MazeSkillName": "AvatarSkillName_999806",
    "MazeSkilltype": 1,
    "MazeSkillDesc": "AvatarSkillDesc_999806",
    "RelatedAvatarSkill": 999806,
    "MPCost": 0,
    "SkillTriggerKey": "NormalAtk"
  },
  "999802": {
    "MazeSkillId": 999802,
    "MazeSkillName": "AvatarSkillName_999807",
    "MazeSkilltype": 2,
    "MazeSkillDesc": "AvatarSkillDesc_999807",
    "RelatedAvatarSkill": 999807,
    "MPCost": 1,
    "SkillTriggerKey": "MazeSkill"
  }
}