{
  "10001001:80112001": {
    "FromFloorID": 10001001,
    "ToFloorID": 80112001,
    "WayPointGroupID": 1,
    "WayPointEntityID": 300002
  },
  "80112001:10001001": {
    "FromFloorID": 80112001,
    "ToFloorID": 10001001,
    "WayPointGroupID": 3,
    "WayPointEntityID": 300004
  },
  "10001001:20002001": {
    "FromFloorID": 10001001,
    "ToFloorID": 20002001,
    "WayPointGroupID": 3,
    "WayPointEntityID": 300005
  },
  "20002001:10001001": {
    "FromFloorID": 20002001,
    "ToFloorID": 10001001,
    "WayPointGroupID": 8,
    "WayPointEntityID": 300002
  },
  "10101001:10101002": {
    "FromFloorID": 10101001,
    "ToFloorID": 10101002,
    "WayPointGroupID": 28,
    "WayPointEntityID": 300001
  },
  "10101001:10101003": {
    "FromFloorID": 10101001,
    "ToFloorID": 10101003,
    "WayPointGroupID": 3,
    "WayPointEntityID": 300001
  },
  "10101001:10101004": {
    "FromFloorID": 10101001,
    "ToFloorID": 10101004,
    "WayPointGroupID": 3,
    "WayPointEntityID": 300003
  },
  "10101001:10101005": {
    "FromFloorID": 10101001,
    "ToFloorID": 10101005,
    "WayPointGroupID": 3,
    "WayPointEntityID": 300003
  },
  "10101001:10101006": {
    "FromFloorID": 10101001,
    "ToFloorID": 10101006,
    "WayPointGroupID": 3,
    "WayPointEntityID": 300003
  },
  "10101001:10101007": {
    "FromFloorID": 10101001,
    "ToFloorID": 10101007,
    "WayPointGroupID": 3,
    "WayPointEntityID": 300004
  },
  "10101002:10101001": {
    "FromFloorID": 10101002,
    "ToFloorID": 10101001,
    "WayPointGroupID": 1,
    "WayPointEntityID": 300001
  },
  "10101003:10101001": {
    "FromFloorID": 10101003,
    "ToFloorID": 10101001,
    "WayPointGroupID": 1,
    "WayPointEntityID": 300001
  },
  "10101004:10101006": {
    "FromFloorID": 10101004,
    "ToFloorID": 10101006,
    "WayPointGroupID": 1,
    "WayPointEntityID": 300002
  },
  "10101004:10101005": {
    "FromFloorID": 10101004,
    "ToFloorID": 10101005,
    "WayPointGroupID": 1,
    "WayPointEntityID": 300001
  },
  "10101005:10101001": {
    "FromFloorID": 10101005,
    "ToFloorID": 10101001,
    "WayPointGroupID": 2,
    "WayPointEntityID": 300001
  },
  "10101005:10101004": {
    "FromFloorID": 10101005,
    "ToFloorID": 10101004,
    "WayPointGroupID": 2,
    "WayPointEntityID": 300002
  },
  "10101006:10101004": {
    "FromFloorID": 10101006,
    "ToFloorID": 10101004,
    "WayPointGroupID": 2,
    "WayPointEntityID": 300001
  },
  "10101007:10101001": {
    "FromFloorID": 10101007,
    "ToFloorID": 10101001,
    "WayPointGroupID": 9,
    "WayPointEntityID": 300002
  },
  "10101001:20101001": {
    "FromFloorID": 10101001,
    "ToFloorID": 20101001,
    "WayPointGroupID": 3,
    "WayPointEntityID": 300008
  },
  "10101001:20111001": {
    "FromFloorID": 10101001,
    "ToFloorID": 20111001,
    "WayPointGroupID": 3,
    "WayPointEntityID": 300020
  },
  "10101001:20131001": {
    "FromFloorID": 10101001,
    "ToFloorID": 20131001,
    "WayPointGroupID": 3,
    "WayPointEntityID": 300009
  },
  "10101001:20132001": {
    "FromFloorID": 10101001,
    "ToFloorID": 20132001,
    "WayPointGroupID": 3,
    "WayPointEntityID": 300009
  },
  "10101001:20133001": {
    "FromFloorID": 10101001,
    "ToFloorID": 20133001,
    "WayPointGroupID": 3,
    "WayPointEntityID": 300009
  },
  "20131001:20133001": {
    "FromFloorID": 20131001,
    "ToFloorID": 20133001,
    "WayPointGroupID": 2,
    "WayPointEntityID": 300004
  },
  "20101001:10101001": {
    "FromFloorID": 20101001,
    "ToFloorID": 10101001,
    "WayPointGroupID": 16,
    "WayPointEntityID": 300001
  },
  "20132001:20133001": {
    "FromFloorID": 20132001,
    "ToFloorID": 20133001,
    "WayPointGroupID": 47,
    "WayPointEntityID": 300002
  },
  "10102001:10102002": {
    "FromFloorID": 10102001,
    "ToFloorID": 10102002,
    "WayPointGroupID": 2,
    "WayPointEntityID": 300001
  },
  "10102001:10102003": {
    "FromFloorID": 10102001,
    "ToFloorID": 10102003,
    "WayPointGroupID": 2,
    "WayPointEntityID": 300015
  },
  "10102001:10102004": {
    "FromFloorID": 10102001,
    "ToFloorID": 10102004,
    "WayPointGroupID": 2,
    "WayPointEntityID": 300003
  },
  "10102002:10102001": {
    "FromFloorID": 10102002,
    "ToFloorID": 10102001,
    "WayPointGroupID": 2,
    "WayPointEntityID": 300001
  },
  "10102003:10102001": {
    "FromFloorID": 10102003,
    "ToFloorID": 10102001,
    "WayPointGroupID": 2,
    "WayPointEntityID": 300001
  },
  "10102004:10102001": {
    "FromFloorID": 10102004,
    "ToFloorID": 10102001,
    "WayPointGroupID": 3,
    "WayPointEntityID": 300001
  },
  "10102001:20121001": {
    "FromFloorID": 10102001,
    "ToFloorID": 20121001,
    "WayPointGroupID": 2,
    "WayPointEntityID": 300004
  },
  "10102001:20122001": {
    "FromFloorID": 10102001,
    "ToFloorID": 20122001,
    "WayPointGroupID": 2,
    "WayPointEntityID": 300005
  },
  "20121001:10102001": {
    "FromFloorID": 20121001,
    "ToFloorID": 10102001,
    "WayPointGroupID": 2,
    "WayPointEntityID": 300005
  },
  "20122001:10102001": {
    "FromFloorID": 20122001,
    "ToFloorID": 10102001,
    "WayPointGroupID": 2,
    "WayPointEntityID": 300004
  },
  "10102001:30101001": {
    "FromFloorID": 10102001,
    "ToFloorID": 30101001,
    "WayPointGroupID": 23,
    "WayPointEntityID": 300001
  },
  "10102001:30102001": {
    "FromFloorID": 10102001,
    "ToFloorID": 30102001,
    "WayPointGroupID": 23,
    "WayPointEntityID": 300001
  },
  "10102001:30103001": {
    "FromFloorID": 10102001,
    "ToFloorID": 30103001,
    "WayPointGroupID": 23,
    "WayPointEntityID": 300001
  },
  "10102001:30104001": {
    "FromFloorID": 10102001,
    "ToFloorID": 30104001,
    "WayPointGroupID": 23,
    "WayPointEntityID": 300001
  },
  "10102001:30105001": {
    "FromFloorID": 10102001,
    "ToFloorID": 30105001,
    "WayPointGroupID": 23,
    "WayPointEntityID": 300001
  },
  "10102001:30106001": {
    "FromFloorID": 10102001,
    "ToFloorID": 30106001,
    "WayPointGroupID": 23,
    "WayPointEntityID": 300001
  },
  "10102001:30107001": {
    "FromFloorID": 10102001,
    "ToFloorID": 30107001,
    "WayPointGroupID": 23,
    "WayPointEntityID": 300001
  },
  "10102001:30108001": {
    "FromFloorID": 10102001,
    "ToFloorID": 30108001,
    "WayPointGroupID": 23,
    "WayPointEntityID": 300001
  },
  "10102001:30109001": {
    "FromFloorID": 10102001,
    "ToFloorID": 30109001,
    "WayPointGroupID": 23,
    "WayPointEntityID": 300001
  },
  "10102001:30110001": {
    "FromFloorID": 10102001,
    "ToFloorID": 30110001,
    "WayPointGroupID": 23,
    "WayPointEntityID": 300001
  },
  "10102001:30111001": {
    "FromFloorID": 10102001,
    "ToFloorID": 30111001,
    "WayPointGroupID": 23,
    "WayPointEntityID": 300001
  },
  "10102001:30112001": {
    "FromFloorID": 10102001,
    "ToFloorID": 30112001,
    "WayPointGroupID": 23,
    "WayPointEntityID": 300001
  },
  "10102001:30113001": {
    "FromFloorID": 10102001,
    "ToFloorID": 30113001,
    "WayPointGroupID": 23,
    "WayPointEntityID": 300001
  },
  "10102001:30114001": {
    "FromFloorID": 10102001,
    "ToFloorID": 30114001,
    "WayPointGroupID": 23,
    "WayPointEntityID": 300001
  },
  "10102001:30115001": {
    "FromFloorID": 10102001,
    "ToFloorID": 30115001,
    "WayPointGroupID": 23,
    "WayPointEntityID": 300001
  },
  "10102001:30116001": {
    "FromFloorID": 10102001,
    "ToFloorID": 30116001,
    "WayPointGroupID": 23,
    "WayPointEntityID": 300001
  },
  "10102001:30117001": {
    "FromFloorID": 10102001,
    "ToFloorID": 30117001,
    "WayPointGroupID": 23,
    "WayPointEntityID": 300001
  },
  "10102001:30118001": {
    "FromFloorID": 10102001,
    "ToFloorID": 30118001,
    "WayPointGroupID": 23,
    "WayPointEntityID": 300001
  },
  "10102001:30119001": {
    "FromFloorID": 10102001,
    "ToFloorID": 30119001,
    "WayPointGroupID": 23,
    "WayPointEntityID": 300001
  },
  "10102001:30120001": {
    "FromFloorID": 10102001,
    "ToFloorID": 30120001,
    "WayPointGroupID": 23,
    "WayPointEntityID": 300001
  }
}