{
  "1:0": {
    "RaidID": 1,
    "WorldLevel": 0,
    "Type": "Mission",
    "MappingInfoID": 0,
    "MonsterList": [
      1022010,
      800303002
    ],
    "MonsterHideList": [
      1005010
    ],
    "DisplayEventID": 20133003,
    "RaidName": {
      "hash": -1817588213
    },
    "RaidDesc": {
      "hash": -646326423
    },
    "MapEntranceID": 2013301,
    "GroupID": 0,
    "ConfigIDList": [
      0
    ],
    "NpcMonsterIDList": [
      0
    ],
    "PlaneEventIDList": [
      0
    ],
    "BuffDesc": {
      "hash": 371857150
    },
    "ParamList": [],
    "LimitIDList": [
      1,
      2
    ],
    "RecoverType": [
      "Unknown"
    ],
    "FinishType": "None",
    "FinishParamList": [],
    "FinishAutoQuit": false,
    "DropList": [],
    "StaminaCost": 0,
    "FailedType": "BattleFail",
    "FailedResult": "ReturnAnchor",
    "LogoutType": "Quit",
    "TeamType": "Player",
    "TrialAvatarList": [],
    "MainMissionID": 0,
    "IsEntryByProp": true
  },
  "20133:0": {
    "RaidID": 20133,
    "WorldLevel": 0,
    "Type": "Mission",
    "MappingInfoID": 0,
    "MonsterList": [
      1022010,
      800303002
    ],
    "MonsterHideList": [
      1005010
    ],
    "DisplayEventID": 20133003,
    "RaidName": {
      "hash": -1040739835
    },
    "RaidDesc": {
      "hash": -626150941
    },
    "MapEntranceID": 2013301,
    "GroupID": 0,
    "ConfigIDList": [
      0
    ],
    "NpcMonsterIDList": [
      0
    ],
    "PlaneEventIDList": [
      0
    ],
    "BuffDesc": {
      "hash": 371857150
    },
    "ParamList": [],
    "LimitIDList": [
      1,
      2
    ],
    "RecoverType": [
      "Unknown"
    ],
    "FinishType": "None",
    "FinishParamList": [],
    "FinishAutoQuit": false,
    "DropList": [],
    "StaminaCost": 0,
    "FailedType": "BattleFail",
    "FailedResult": "ReturnAnchor",
    "LogoutType": "Quit",
    "TeamType": "Player",
    "TrialAvatarList": [],
    "MainMissionID": 0,
    "IsEntryByProp": true
  },
  "40101:0": {
    "RaidID": 40101,
    "WorldLevel": 0,
    "Type": "Mission",
    "MappingInfoID": 0,
    "MonsterList": [
      1023010,
      8003020,
      8002010
    ],
    "MonsterHideList": [],
    "DisplayEventID": 40101009,
    "RaidName": {
      "hash": -88943374
    },
    "RaidDesc": {
      "hash": -190142000
    },
    "MapEntranceID": 4010101,
    "GroupID": 0,
    "ConfigIDList": [
      0
    ],
    "NpcMonsterIDList": [
      0
    ],
    "PlaneEventIDList": [
      0
    ],
    "BuffDesc": {
      "hash": 371857150
    },
    "ParamList": [],
    "LimitIDList": [],
    "RecoverType": [
      "Unknown"
    ],
    "FinishType": "RaidMissionFinish",
    "FinishParamList": [],
    "FinishAutoQuit": true,
    "DropList": [],
    "StaminaCost": 0,
    "FailedType": "Unknown",
    "FailedResult": "Unknown",
    "LogoutType": "None",
    "TeamType": "Player",
    "TrialAvatarList": [],
    "MainMissionID": 2011303,
    "IsEntryByProp": false
  },
  "3001:0": {
    "RaidID": 3001,
    "WorldLevel": 0,
    "Type": "Relic",
    "MappingInfoID": 3001,
    "MonsterList": [],
    "MonsterHideList": [],
    "DisplayEventID": 0,
    "RaidName": {
      "hash": -1775079418
    },
    "RaidDesc": {
      "hash": 1958341520
    },
    "MapEntranceID": 3002001,
    "GroupID": 2,
    "ConfigIDList": [
      200001
    ],
    "NpcMonsterIDList": [
      1013010
    ],
    "PlaneEventIDList": [
      104201
    ],
    "BuffDesc": {
      "hash": 1395810036
    },
    "ParamList": [],
    "LimitIDList": [],
    "RecoverType": [
      "Unknown"
    ],
    "FinishType": "AllMonsterDie",
    "FinishParamList": [],
    "FinishAutoQuit": false,
    "DropList": [
      1000899,
      1000339,
      2003015,
      2003103
    ],
    "StaminaCost": 20,
    "FailedType": "Unknown",
    "FailedResult": "Unknown",
    "LogoutType": "None",
    "TeamType": "Player",
    "TrialAvatarList": [],
    "MainMissionID": 0,
    "IsEntryByProp": true
  },
  "3001:1": {
    "RaidID": 3001,
    "WorldLevel": 1,
    "Type": "Relic",
    "MappingInfoID": 3001,
    "MonsterList": [],
    "MonsterHideList": [],
    "DisplayEventID": 0,
    "RaidName": {
      "hash": -1775079418
    },
    "RaidDesc": {
      "hash": 1958341520
    },
    "MapEntranceID": 3002001,
    "GroupID": 2,
    "ConfigIDList": [
      200001
    ],
    "NpcMonsterIDList": [
      1013010
    ],
    "PlaneEventIDList": [
      104201
    ],
    "BuffDesc": {
      "hash": 1395810036
    },
    "ParamList": [],
    "LimitIDList": [],
    "RecoverType": [
      "Unknown"
    ],
    "FinishType": "AllMonsterDie",
    "FinishParamList": [],
    "FinishAutoQuit": false,
    "DropList": [
      1000899,
      1000389,
      2003111
    ],
    "StaminaCost": 20,
    "FailedType": "Unknown",
    "FailedResult": "Unknown",
    "LogoutType": "None",
    "TeamType": "Player",
    "TrialAvatarList": [],
    "MainMissionID": 0,
    "IsEntryByProp": true
  },
  "3001:2": {
    "RaidID": 3001,
    "WorldLevel": 2,
    "Type": "Relic",
    "MappingInfoID": 3001,
    "MonsterList": [],
    "MonsterHideList": [],
    "DisplayEventID": 0,
    "RaidName": {
      "hash": -1775079418
    },
    "RaidDesc": {
      "hash": 1958341520
    },
    "MapEntranceID": 3002001,
    "GroupID": 2,
    "ConfigIDList": [
      200001
    ],
    "NpcMonsterIDList": [
      1013010
    ],
    "PlaneEventIDList": [
      104201
    ],
    "BuffDesc": {
      "hash": 1395810036
    },
    "ParamList": [],
    "LimitIDList": [],
    "RecoverType": [
      "Unknown"
    ],
    "FinishType": "AllMonsterDie",
    "FinishParamList": [],
    "FinishAutoQuit": false,
    "DropList": [
      1000899,
      1000404,
      2003116
    ],
    "StaminaCost": 20,
    "FailedType": "Unknown",
    "FailedResult": "Unknown",
    "LogoutType": "None",
    "TeamType": "Player",
    "TrialAvatarList": [],
    "MainMissionID": 0,
    "IsEntryByProp": true
  },
  "3001:3": {
    "RaidID": 3001,
    "WorldLevel": 3,
    "Type": "Relic",
    "MappingInfoID": 3001,
    "MonsterList": [],
    "MonsterHideList": [],
    "DisplayEventID": 0,
    "RaidName": {
      "hash": -1775079418
    },
    "RaidDesc": {
      "hash": 1958341520
    },
    "MapEntranceID": 3002001,
    "GroupID": 2,
    "ConfigIDList": [
      200001
    ],
    "NpcMonsterIDList": [
      1013010
    ],
    "PlaneEventIDList": [
      104201
    ],
    "BuffDesc": {
      "hash": 1395810036
    },
    "ParamList": [],
    "LimitIDList": [],
    "RecoverType": [
      "Unknown"
    ],
    "FinishType": "AllMonsterDie",
    "FinishParamList": [],
    "FinishAutoQuit": false,
    "DropList": [
      1000899,
      1000409,
      1001020,
      2003204
    ],
    "StaminaCost": 20,
    "FailedType": "Unknown",
    "FailedResult": "Unknown",
    "LogoutType": "None",
    "TeamType": "Player",
    "TrialAvatarList": [],
    "MainMissionID": 0,
    "IsEntryByProp": true
  },
  "3001:4": {
    "RaidID": 3001,
    "WorldLevel": 4,
    "Type": "Relic",
    "MappingInfoID": 3001,
    "MonsterList": [],
    "MonsterHideList": [],
    "DisplayEventID": 0,
    "RaidName": {
      "hash": -1775079418
    },
    "RaidDesc": {
      "hash": 1958341520
    },
    "MapEntranceID": 3002001,
    "GroupID": 2,
    "ConfigIDList": [
      200001
    ],
    "NpcMonsterIDList": [
      1013010
    ],
    "PlaneEventIDList": [
      104201
    ],
    "BuffDesc": {
      "hash": 1395810036
    },
    "ParamList": [],
    "LimitIDList": [],
    "RecoverType": [
      "Unknown"
    ],
    "FinishType": "AllMonsterDie",
    "FinishParamList": [],
    "FinishAutoQuit": false,
    "DropList": [
      1000899,
      1000409,
      1001020,
      2003204
    ],
    "StaminaCost": 20,
    "FailedType": "Unknown",
    "FailedResult": "Unknown",
    "LogoutType": "None",
    "TeamType": "Player",
    "TrialAvatarList": [],
    "MainMissionID": 0,
    "IsEntryByProp": true
  },
  "1201:0": {
    "RaidID": 1201,
    "WorldLevel": 0,
    "Type": "Relic",
    "MappingInfoID": 1201,
    "MonsterList": [],
    "MonsterHideList": [],
    "DisplayEventID": 0,
    "RaidName": {
      "hash": -2057404486
    },
    "RaidDesc": {
      "hash": -2054300840
    },
    "MapEntranceID": 3020101,
    "GroupID": 2,
    "ConfigIDList": [
      200001
    ],
    "NpcMonsterIDList": [
      8013010
    ],
    "PlaneEventIDList": [
      104205
    ],
    "BuffDesc": {
      "hash": 1678135104
    },
    "ParamList": [
      {
        "RawValue": 2147483650
      },
      {
        "RawValue": 1288490190
      }
    ],
    "LimitIDList": [],
    "RecoverType": [
      "Unknown"
    ],
    "FinishType": "AllMonsterDie",
    "FinishParamList": [],
    "FinishAutoQuit": false,
    "DropList": [
      1000899,
      1000329,
      930002,
      930002,
      930001
    ],
    "StaminaCost": 20,
    "FailedType": "Unknown",
    "FailedResult": "Unknown",
    "LogoutType": "None",
    "TeamType": "Player",
    "TrialAvatarList": [],
    "MainMissionID": 0,
    "IsEntryByProp": true
  },
  "1201:1": {
    "RaidID": 1201,
    "WorldLevel": 1,
    "Type": "Relic",
    "MappingInfoID": 1201,
    "MonsterList": [],
    "MonsterHideList": [],
    "DisplayEventID": 0,
    "RaidName": {
      "hash": -2057404486
    },
    "RaidDesc": {
      "hash": -2054300840
    },
    "MapEntranceID": 3020101,
    "GroupID": 2,
    "ConfigIDList": [
      200001
    ],
    "NpcMonsterIDList": [
      8013010
    ],
    "PlaneEventIDList": [
      104205
    ],
    "BuffDesc": {
      "hash": 1678135104
    },
    "ParamList": [
      {
        "RawValue": 2147483650
      },
      {
        "RawValue": 1288490190
      }
    ],
    "LimitIDList": [],
    "RecoverType": [
      "Unknown"
    ],
    "FinishType": "AllMonsterDie",
    "FinishParamList": [],
    "FinishAutoQuit": false,
    "DropList": [
      1000899,
      1000349,
      930002,
      930002,
      930061,
      930001
    ],
    "StaminaCost": 20,
    "FailedType": "Unknown",
    "FailedResult": "Unknown",
    "LogoutType": "None",
    "TeamType": "Player",
    "TrialAvatarList": [],
    "MainMissionID": 0,
    "IsEntryByProp": true
  },
  "1201:2": {
    "RaidID": 1201,
    "WorldLevel": 2,
    "Type": "Relic",
    "MappingInfoID": 1201,
    "MonsterList": [],
    "MonsterHideList": [],
    "DisplayEventID": 0,
    "RaidName": {
      "hash": -2057404486
    },
    "RaidDesc": {
      "hash": -2054300840
    },
    "MapEntranceID": 3020101,
    "GroupID": 2,
    "ConfigIDList": [
      200001
    ],
    "NpcMonsterIDList": [
      8013010
    ],
    "PlaneEventIDList": [
      104205
    ],
    "BuffDesc": {
      "hash": 1678135104
    },
    "ParamList": [
      {
        "RawValue": 2147483650
      },
      {
        "RawValue": 1288490190
      }
    ],
    "LimitIDList": [],
    "RecoverType": [
      "Unknown"
    ],
    "FinishType": "AllMonsterDie",
    "FinishParamList": [],
    "FinishAutoQuit": false,
    "DropList": [
      1000899,
      1000369,
      930002,
      930002,
      930003,
      930062
    ],
    "StaminaCost": 20,
    "FailedType": "Unknown",
    "FailedResult": "Unknown",
    "LogoutType": "None",
    "TeamType": "Player",
    "TrialAvatarList": [],
    "MainMissionID": 0,
    "IsEntryByProp": true
  },
  "1201:3": {
    "RaidID": 1201,
    "WorldLevel": 3,
    "Type": "Relic",
    "MappingInfoID": 1201,
    "MonsterList": [],
    "MonsterHideList": [],
    "DisplayEventID": 0,
    "RaidName": {
      "hash": -2057404486
    },
    "RaidDesc": {
      "hash": -2054300840
    },
    "MapEntranceID": 3020101,
    "GroupID": 2,
    "ConfigIDList": [
      200001
    ],
    "NpcMonsterIDList": [
      8013010
    ],
    "PlaneEventIDList": [
      104205
    ],
    "BuffDesc": {
      "hash": 1678135104
    },
    "ParamList": [
      {
        "RawValue": 2147483650
      },
      {
        "RawValue": 1288490190
      }
    ],
    "LimitIDList": [],
    "RecoverType": [
      "Unknown"
    ],
    "FinishType": "AllMonsterDie",
    "FinishParamList": [],
    "FinishAutoQuit": false,
    "DropList": [
      1000899,
      1000389,
      930002,
      930002,
      930003,
      930003,
      930062
    ],
    "StaminaCost": 20,
    "FailedType": "Unknown",
    "FailedResult": "Unknown",
    "LogoutType": "None",
    "TeamType": "Player",
    "TrialAvatarList": [],
    "MainMissionID": 0,
    "IsEntryByProp": true
  },
  "1201:4": {
    "RaidID": 1201,
    "WorldLevel": 4,
    "Type": "Relic",
    "MappingInfoID": 1201,
    "MonsterList": [],
    "MonsterHideList": [],
    "DisplayEventID": 0,
    "RaidName": {
      "hash": -2057404486
    },
    "RaidDesc": {
      "hash": -2054300840
    },
    "MapEntranceID": 3020101,
    "GroupID": 2,
    "ConfigIDList": [
      200001
    ],
    "NpcMonsterIDList": [
      8013010
    ],
    "PlaneEventIDList": [
      104205
    ],
    "BuffDesc": {
      "hash": 1678135104
    },
    "ParamList": [
      {
        "RawValue": 2147483650
      },
      {
        "RawValue": 1288490190
      }
    ],
    "LimitIDList": [],
    "RecoverType": [
      "Unknown"
    ],
    "FinishType": "AllMonsterDie",
    "FinishParamList": [],
    "FinishAutoQuit": false,
    "DropList": [
      1000899,
      1000401,
      930003,
      930003,
      930003,
      930062,
      930063
    ],
    "StaminaCost": 20,
    "FailedType": "Unknown",
    "FailedResult": "Unknown",
    "LogoutType": "None",
    "TeamType": "Player",
    "TrialAvatarList": [],
    "MainMissionID": 0,
    "IsEntryByProp": true
  },
  "1201:5": {
    "RaidID": 1201,
    "WorldLevel": 5,
    "Type": "Relic",
    "MappingInfoID": 1201,
    "MonsterList": [],
    "MonsterHideList": [],
    "DisplayEventID": 0,
    "RaidName": {
      "hash": -2057404486
    },
    "RaidDesc": {
      "hash": -2054300840
    },
    "MapEntranceID": 3020101,
    "GroupID": 2,
    "ConfigIDList": [
      200001
    ],
    "NpcMonsterIDList": [
      8013010
    ],
    "PlaneEventIDList": [
      104205
    ],
    "BuffDesc": {
      "hash": 1678135104
    },
    "ParamList": [
      {
        "RawValue": 2147483650
      },
      {
        "RawValue": 1288490190
      }
    ],
    "LimitIDList": [],
    "RecoverType": [
      "Unknown"
    ],
    "FinishType": "AllMonsterDie",
    "FinishParamList": [],
    "FinishAutoQuit": false,
    "DropList": [
      1000899,
      1000403,
      930003,
      930003,
      930003,
      930062,
      930064
    ],
    "StaminaCost": 20,
    "FailedType": "Unknown",
    "FailedResult": "Unknown",
    "LogoutType": "None",
    "TeamType": "Player",
    "TrialAvatarList": [],
    "MainMissionID": 0,
    "IsEntryByProp": true
  },
  "1201:6": {
    "RaidID": 1201,
    "WorldLevel": 6,
    "Type": "Relic",
    "MappingInfoID": 1201,
    "MonsterList": [],
    "MonsterHideList": [],
    "DisplayEventID": 0,
    "RaidName": {
      "hash": -2057404486
    },
    "RaidDesc": {
      "hash": -2054300840
    },
    "MapEntranceID": 3020101,
    "GroupID": 2,
    "ConfigIDList": [
      200001
    ],
    "NpcMonsterIDList": [
      8013010
    ],
    "PlaneEventIDList": [
      104205
    ],
    "BuffDesc": {
      "hash": 1678135104
    },
    "ParamList": [
      {
        "RawValue": 2147483650
      },
      {
        "RawValue": 1288490190
      }
    ],
    "LimitIDList": [],
    "RecoverType": [
      "Unknown"
    ],
    "FinishType": "AllMonsterDie",
    "FinishParamList": [],
    "FinishAutoQuit": false,
    "DropList": [
      1000899,
      1000405,
      930003,
      930003,
      930003,
      930062,
      930004
    ],
    "StaminaCost": 20,
    "FailedType": "Unknown",
    "FailedResult": "Unknown",
    "LogoutType": "None",
    "TeamType": "Player",
    "TrialAvatarList": [],
    "MainMissionID": 0,
    "IsEntryByProp": true
  },
  "1202:0": {
    "RaidID": 1202,
    "WorldLevel": 0,
    "Type": "Relic",
    "MappingInfoID": 1202,
    "MonsterList": [],
    "MonsterHideList": [],
    "DisplayEventID": 0,
    "RaidName": {
      "hash": -2057404485
    },
    "RaidDesc": {
      "hash": -2054300839
    },
    "MapEntranceID": 3020201,
    "GroupID": 2,
    "ConfigIDList": [
      200001
    ],
    "NpcMonsterIDList": [
      1013010
    ],
    "PlaneEventIDList": [
      104201
    ],
    "BuffDesc": {
      "hash": 1678135103
    },
    "ParamList": [],
    "LimitIDList": [],
    "RecoverType": [
      "Unknown"
    ],
    "FinishType": "AllMonsterDie",
    "FinishParamList": [],
    "FinishAutoQuit": false,
    "DropList": [
      1000899,
      1000329,
      930012,
      930012,
      930011
    ],
    "StaminaCost": 20,
    "FailedType": "Unknown",
    "FailedResult": "Unknown",
    "LogoutType": "None",
    "TeamType": "Player",
    "TrialAvatarList": [],
    "MainMissionID": 0,
    "IsEntryByProp": true
  },
  "1202:1": {
    "RaidID": 1202,
    "WorldLevel": 1,
    "Type": "Relic",
    "MappingInfoID": 1202,
    "MonsterList": [],
    "MonsterHideList": [],
    "DisplayEventID": 0,
    "RaidName": {
      "hash": -2057404485
    },
    "RaidDesc": {
      "hash": -2054300839
    },
    "MapEntranceID": 3020201,
    "GroupID": 2,
    "ConfigIDList": [
      200001
    ],
    "NpcMonsterIDList": [
      1013010
    ],
    "PlaneEventIDList": [
      104201
    ],
    "BuffDesc": {
      "hash": 1678135103
    },
    "ParamList": [],
    "LimitIDList": [],
    "RecoverType": [
      "Unknown"
    ],
    "FinishType": "AllMonsterDie",
    "FinishParamList": [],
    "FinishAutoQuit": false,
    "DropList": [
      1000899,
      1000349,
      930012,
      930012,
      930071,
      930011
    ],
    "StaminaCost": 20,
    "FailedType": "Unknown",
    "FailedResult": "Unknown",
    "LogoutType": "None",
    "TeamType": "Player",
    "TrialAvatarList": [],
    "MainMissionID": 0,
    "IsEntryByProp": true
  },
  "1202:2": {
    "RaidID": 1202,
    "WorldLevel": 2,
    "Type": "Relic",
    "MappingInfoID": 1202,
    "MonsterList": [],
    "MonsterHideList": [],
    "DisplayEventID": 0,
    "RaidName": {
      "hash": -2057404485
    },
    "RaidDesc": {
      "hash": -2054300839
    },
    "MapEntranceID": 3020201,
    "GroupID": 2,
    "ConfigIDList": [
      200001
    ],
    "NpcMonsterIDList": [
      1013010
    ],
    "PlaneEventIDList": [
      104201
    ],
    "BuffDesc": {
      "hash": 1678135103
    },
    "ParamList": [],
    "LimitIDList": [],
    "RecoverType": [
      "Unknown"
    ],
    "FinishType": "AllMonsterDie",
    "FinishParamList": [],
    "FinishAutoQuit": false,
    "DropList": [
      1000899,
      1000369,
      930012,
      930012,
      930013,
      930072
    ],
    "StaminaCost": 20,
    "FailedType": "Unknown",
    "FailedResult": "Unknown",
    "LogoutType": "None",
    "TeamType": "Player",
    "TrialAvatarList": [],
    "MainMissionID": 0,
    "IsEntryByProp": true
  },
  "1202:3": {
    "RaidID": 1202,
    "WorldLevel": 3,
    "Type": "Relic",
    "MappingInfoID": 1202,
    "MonsterList": [],
    "MonsterHideList": [],
    "DisplayEventID": 0,
    "RaidName": {
      "hash": -2057404485
    },
    "RaidDesc": {
      "hash": -2054300839
    },
    "MapEntranceID": 3020201,
    "GroupID": 2,
    "ConfigIDList": [
      200001
    ],
    "NpcMonsterIDList": [
      1013010
    ],
    "PlaneEventIDList": [
      104201
    ],
    "BuffDesc": {
      "hash": 1678135103
    },
    "ParamList": [],
    "LimitIDList": [],
    "RecoverType": [
      "Unknown"
    ],
    "FinishType": "AllMonsterDie",
    "FinishParamList": [],
    "FinishAutoQuit": false,
    "DropList": [
      1000899,
      1000389,
      930012,
      930012,
      930013,
      930013,
      930072
    ],
    "StaminaCost": 20,
    "FailedType": "Unknown",
    "FailedResult": "Unknown",
    "LogoutType": "None",
    "TeamType": "Player",
    "TrialAvatarList": [],
    "MainMissionID": 0,
    "IsEntryByProp": true
  },
  "1202:4": {
    "RaidID": 1202,
    "WorldLevel": 4,
    "Type": "Relic",
    "MappingInfoID": 1202,
    "MonsterList": [],
    "MonsterHideList": [],
    "DisplayEventID": 0,
    "RaidName": {
      "hash": -2057404485
    },
    "RaidDesc": {
      "hash": -2054300839
    },
    "MapEntranceID": 3020201,
    "GroupID": 2,
    "ConfigIDList": [
      200001
    ],
    "NpcMonsterIDList": [
      1013010
    ],
    "PlaneEventIDList": [
      104201
    ],
    "BuffDesc": {
      "hash": 1678135103
    },
    "ParamList": [],
    "LimitIDList": [],
    "RecoverType": [
      "Unknown"
    ],
    "FinishType": "AllMonsterDie",
    "FinishParamList": [],
    "FinishAutoQuit": false,
    "DropList": [
      1000899,
      1000401,
      930013,
      930013,
      930013,
      930072,
      930073
    ],
    "StaminaCost": 20,
    "FailedType": "Unknown",
    "FailedResult": "Unknown",
    "LogoutType": "None",
    "TeamType": "Player",
    "TrialAvatarList": [],
    "MainMissionID": 0,
    "IsEntryByProp": true
  },
  "1202:5": {
    "RaidID": 1202,
    "WorldLevel": 5,
    "Type": "Relic",
    "MappingInfoID": 1202,
    "MonsterList": [],
    "MonsterHideList": [],
    "DisplayEventID": 0,
    "RaidName": {
      "hash": -2057404485
    },
    "RaidDesc": {
      "hash": -2054300839
    },
    "MapEntranceID": 3020201,
    "GroupID": 2,
    "ConfigIDList": [
      200001
    ],
    "NpcMonsterIDList": [
      1013010
    ],
    "PlaneEventIDList": [
      104201
    ],
    "BuffDesc": {
      "hash": 1678135103
    },
    "ParamList": [],
    "LimitIDList": [],
    "RecoverType": [
      "Unknown"
    ],
    "FinishType": "AllMonsterDie",
    "FinishParamList": [],
    "FinishAutoQuit": false,
    "DropList": [
      1000899,
      1000403,
      930013,
      930013,
      930013,
      930072,
      930074
    ],
    "StaminaCost": 20,
    "FailedType": "Unknown",
    "FailedResult": "Unknown",
    "LogoutType": "None",
    "TeamType": "Player",
    "TrialAvatarList": [],
    "MainMissionID": 0,
    "IsEntryByProp": true
  },
  "1202:6": {
    "RaidID": 1202,
    "WorldLevel": 6,
    "Type": "Relic",
    "MappingInfoID": 1202,
    "MonsterList": [],
    "MonsterHideList": [],
    "DisplayEventID": 0,
    "RaidName": {
      "hash": -2057404485
    },
    "RaidDesc": {
      "hash": -2054300839
    },
    "MapEntranceID": 3020201,
    "GroupID": 2,
    "ConfigIDList": [
      200001
    ],
    "NpcMonsterIDList": [
      1013010
    ],
    "PlaneEventIDList": [
      104201
    ],
    "BuffDesc": {
      "hash": 1678135103
    },
    "ParamList": [],
    "LimitIDList": [],
    "RecoverType": [
      "Unknown"
    ],
    "FinishType": "AllMonsterDie",
    "FinishParamList": [],
    "FinishAutoQuit": false,
    "DropList": [
      1000899,
      1000405,
      930013,
      930013,
      930013,
      930072,
      930014
    ],
    "StaminaCost": 20,
    "FailedType": "Unknown",
    "FailedResult": "Unknown",
    "LogoutType": "None",
    "TeamType": "Player",
    "TrialAvatarList": [],
    "MainMissionID": 0,
    "IsEntryByProp": true
  },
  "1203:0": {
    "RaidID": 1203,
    "WorldLevel": 0,
    "Type": "Relic",
    "MappingInfoID": 1203,
    "MonsterList": [],
    "MonsterHideList": [],
    "DisplayEventID": 0,
    "RaidName": {
      "hash": -2057404484
    },
    "RaidDesc": {
      "hash": -2054300838
    },
    "MapEntranceID": 3020301,
    "GroupID": 2,
    "ConfigIDList": [
      200001
    ],
    "NpcMonsterIDList": [
      8003020
    ],
    "PlaneEventIDList": [
      104203
    ],
    "BuffDesc": {
      "hash": 1678135102
    },
    "ParamList": [
      {
        "RawValue": 858993460
      }
    ],
    "LimitIDList": [],
    "RecoverType": [
      "Unknown"
    ],
    "FinishType": "AllMonsterDie",
    "FinishParamList": [],
    "FinishAutoQuit": false,
    "DropList": [
      1000899,
      1000329,
      930022,
      930022,
      930021
    ],
    "StaminaCost": 20,
    "FailedType": "Unknown",
    "FailedResult": "Unknown",
    "LogoutType": "None",
    "TeamType": "Player",
    "TrialAvatarList": [],
    "MainMissionID": 0,
    "IsEntryByProp": true
  },
  "1203:1": {
    "RaidID": 1203,
    "WorldLevel": 1,
    "Type": "Relic",
    "MappingInfoID": 1203,
    "MonsterList": [],
    "MonsterHideList": [],
    "DisplayEventID": 0,
    "RaidName": {
      "hash": -2057404484
    },
    "RaidDesc": {
      "hash": -2054300838
    },
    "MapEntranceID": 3020301,
    "GroupID": 2,
    "ConfigIDList": [
      200001
    ],
    "NpcMonsterIDList": [
      8003020
    ],
    "PlaneEventIDList": [
      104203
    ],
    "BuffDesc": {
      "hash": 1678135102
    },
    "ParamList": [
      {
        "RawValue": 858993460
      }
    ],
    "LimitIDList": [],
    "RecoverType": [
      "Unknown"
    ],
    "FinishType": "AllMonsterDie",
    "FinishParamList": [],
    "FinishAutoQuit": false,
    "DropList": [
      1000899,
      1000349,
      930022,
      930022,
      930081,
      930021
    ],
    "StaminaCost": 20,
    "FailedType": "Unknown",
    "FailedResult": "Unknown",
    "LogoutType": "None",
    "TeamType": "Player",
    "TrialAvatarList": [],
    "MainMissionID": 0,
    "IsEntryByProp": true
  },
  "1203:2": {
    "RaidID": 1203,
    "WorldLevel": 2,
    "Type": "Relic",
    "MappingInfoID": 1203,
    "MonsterList": [],
    "MonsterHideList": [],
    "DisplayEventID": 0,
    "RaidName": {
      "hash": -2057404484
    },
    "RaidDesc": {
      "hash": -2054300838
    },
    "MapEntranceID": 3020301,
    "GroupID": 2,
    "ConfigIDList": [
      200001
    ],
    "NpcMonsterIDList": [
      8003020
    ],
    "PlaneEventIDList": [
      104203
    ],
    "BuffDesc": {
      "hash": 1678135102
    },
    "ParamList": [
      {
        "RawValue": 858993460
      }
    ],
    "LimitIDList": [],
    "RecoverType": [
      "Unknown"
    ],
    "FinishType": "AllMonsterDie",
    "FinishParamList": [],
    "FinishAutoQuit": false,
    "DropList": [
      1000899,
      1000369,
      930022,
      930022,
      930023,
      930082
    ],
    "StaminaCost": 20,
    "FailedType": "Unknown",
    "FailedResult": "Unknown",
    "LogoutType": "None",
    "TeamType": "Player",
    "TrialAvatarList": [],
    "MainMissionID": 0,
    "IsEntryByProp": true
  },
  "1203:3": {
    "RaidID": 1203,
    "WorldLevel": 3,
    "Type": "Relic",
    "MappingInfoID": 1203,
    "MonsterList": [],
    "MonsterHideList": [],
    "DisplayEventID": 0,
    "RaidName": {
      "hash": -2057404484
    },
    "RaidDesc": {
      "hash": -2054300838
    },
    "MapEntranceID": 3020301,
    "GroupID": 2,
    "ConfigIDList": [
      200001
    ],
    "NpcMonsterIDList": [
      8003020
    ],
    "PlaneEventIDList": [
      104203
    ],
    "BuffDesc": {
      "hash": 1678135102
    },
    "ParamList": [
      {
        "RawValue": 858993460
      }
    ],
    "LimitIDList": [],
    "RecoverType": [
      "Unknown"
    ],
    "FinishType": "AllMonsterDie",
    "FinishParamList": [],
    "FinishAutoQuit": false,
    "DropList": [
      1000899,
      1000389,
      930022,
      930022,
      930023,
      930023,
      930082
    ],
    "StaminaCost": 20,
    "FailedType": "Unknown",
    "FailedResult": "Unknown",
    "LogoutType": "None",
    "TeamType": "Player",
    "TrialAvatarList": [],
    "MainMissionID": 0,
    "IsEntryByProp": true
  },
  "1203:4": {
    "RaidID": 1203,
    "WorldLevel": 4,
    "Type": "Relic",
    "MappingInfoID": 1203,
    "MonsterList": [],
    "MonsterHideList": [],
    "DisplayEventID": 0,
    "RaidName": {
      "hash": -2057404484
    },
    "RaidDesc": {
      "hash": -2054300838
    },
    "MapEntranceID": 3020301,
    "GroupID": 2,
    "ConfigIDList": [
      200001
    ],
    "NpcMonsterIDList": [
      8003020
    ],
    "PlaneEventIDList": [
      104203
    ],
    "BuffDesc": {
      "hash": 1678135102
    },
    "ParamList": [
      {
        "RawValue": 858993460
      }
    ],
    "LimitIDList": [],
    "RecoverType": [
      "Unknown"
    ],
    "FinishType": "AllMonsterDie",
    "FinishParamList": [],
    "FinishAutoQuit": false,
    "DropList": [
      1000899,
      1000401,
      930023,
      930023,
      930023,
      930082,
      930083
    ],
    "StaminaCost": 20,
    "FailedType": "Unknown",
    "FailedResult": "Unknown",
    "LogoutType": "None",
    "TeamType": "Player",
    "TrialAvatarList": [],
    "MainMissionID": 0,
    "IsEntryByProp": true
  },
  "1203:5": {
    "RaidID": 1203,
    "WorldLevel": 5,
    "Type": "Relic",
    "MappingInfoID": 1203,
    "MonsterList": [],
    "MonsterHideList": [],
    "DisplayEventID": 0,
    "RaidName": {
      "hash": -2057404484
    },
    "RaidDesc": {
      "hash": -2054300838
    },
    "MapEntranceID": 3020301,
    "GroupID": 2,
    "ConfigIDList": [
      200001
    ],
    "NpcMonsterIDList": [
      8003020
    ],
    "PlaneEventIDList": [
      104203
    ],
    "BuffDesc": {
      "hash": 1678135102
    },
    "ParamList": [
      {
        "RawValue": 858993460
      }
    ],
    "LimitIDList": [],
    "RecoverType": [
      "Unknown"
    ],
    "FinishType": "AllMonsterDie",
    "FinishParamList": [],
    "FinishAutoQuit": false,
    "DropList": [
      1000899,
      1000403,
      930023,
      930023,
      930023,
      930082,
      930084
    ],
    "StaminaCost": 20,
    "FailedType": "Unknown",
    "FailedResult": "Unknown",
    "LogoutType": "None",
    "TeamType": "Player",
    "TrialAvatarList": [],
    "MainMissionID": 0,
    "IsEntryByProp": true
  },
  "1203:6": {
    "RaidID": 1203,
    "WorldLevel": 6,
    "Type": "Relic",
    "MappingInfoID": 1203,
    "MonsterList": [],
    "MonsterHideList": [],
    "DisplayEventID": 0,
    "RaidName": {
      "hash": -2057404484
    },
    "RaidDesc": {
      "hash": -2054300838
    },
    "MapEntranceID": 3020301,
    "GroupID": 2,
    "ConfigIDList": [
      200001
    ],
    "NpcMonsterIDList": [
      8003020
    ],
    "PlaneEventIDList": [
      104203
    ],
    "BuffDesc": {
      "hash": 1678135102
    },
    "ParamList": [
      {
        "RawValue": 858993460
      }
    ],
    "LimitIDList": [],
    "RecoverType": [
      "Unknown"
    ],
    "FinishType": "AllMonsterDie",
    "FinishParamList": [],
    "FinishAutoQuit": false,
    "DropList": [
      1000899,
      1000405,
      930023,
      930023,
      930023,
      930082,
      930024
    ],
    "StaminaCost": 20,
    "FailedType": "Unknown",
    "FailedResult": "Unknown",
    "LogoutType": "None",
    "TeamType": "Player",
    "TrialAvatarList": [],
    "MainMissionID": 0,
    "IsEntryByProp": true
  },
  "1204:0": {
    "RaidID": 1204,
    "WorldLevel": 0,
    "Type": "Relic",
    "MappingInfoID": 1204,
    "MonsterList": [],
    "MonsterHideList": [],
    "DisplayEventID": 0,
    "RaidName": {
      "hash": -2057404483
    },
    "RaidDesc": {
      "hash": -2054300845
    },
    "MapEntranceID": 3020401,
    "GroupID": 2,
    "ConfigIDList": [
      200001
    ],
    "NpcMonsterIDList": [
      1003010
    ],
    "PlaneEventIDList": [
      104206
    ],
    "BuffDesc": {
      "hash": 1678135101
    },
    "ParamList": [
      {
        "RawValue": 1288490190
      }
    ],
    "LimitIDList": [],
    "RecoverType": [
      "Unknown"
    ],
    "FinishType": "AllMonsterDie",
    "FinishParamList": [],
    "FinishAutoQuit": false,
    "DropList": [
      1000899,
      1000329,
      930032,
      930032,
      930031
    ],
    "StaminaCost": 20,
    "FailedType": "Unknown",
    "FailedResult": "Unknown",
    "LogoutType": "None",
    "TeamType": "Player",
    "TrialAvatarList": [],
    "MainMissionID": 0,
    "IsEntryByProp": true
  },
  "1204:1": {
    "RaidID": 1204,
    "WorldLevel": 1,
    "Type": "Relic",
    "MappingInfoID": 1204,
    "MonsterList": [],
    "MonsterHideList": [],
    "DisplayEventID": 0,
    "RaidName": {
      "hash": -2057404483
    },
    "RaidDesc": {
      "hash": -2054300845
    },
    "MapEntranceID": 3020401,
    "GroupID": 2,
    "ConfigIDList": [
      200001
    ],
    "NpcMonsterIDList": [
      1003010
    ],
    "PlaneEventIDList": [
      104206
    ],
    "BuffDesc": {
      "hash": 1678135101
    },
    "ParamList": [
      {
        "RawValue": 1288490190
      }
    ],
    "LimitIDList": [],
    "RecoverType": [
      "Unknown"
    ],
    "FinishType": "AllMonsterDie",
    "FinishParamList": [],
    "FinishAutoQuit": false,
    "DropList": [
      1000899,
      1000349,
      930032,
      930032,
      930091,
      930031
    ],
    "StaminaCost": 20,
    "FailedType": "Unknown",
    "FailedResult": "Unknown",
    "LogoutType": "None",
    "TeamType": "Player",
    "TrialAvatarList": [],
    "MainMissionID": 0,
    "IsEntryByProp": true
  },
  "1204:2": {
    "RaidID": 1204,
    "WorldLevel": 2,
    "Type": "Relic",
    "MappingInfoID": 1204,
    "MonsterList": [],
    "MonsterHideList": [],
    "DisplayEventID": 0,
    "RaidName": {
      "hash": -2057404483
    },
    "RaidDesc": {
      "hash": -2054300845
    },
    "MapEntranceID": 3020401,
    "GroupID": 2,
    "ConfigIDList": [
      200001
    ],
    "NpcMonsterIDList": [
      1003010
    ],
    "PlaneEventIDList": [
      104206
    ],
    "BuffDesc": {
      "hash": 1678135101
    },
    "ParamList": [
      {
        "RawValue": 1288490190
      }
    ],
    "LimitIDList": [],
    "RecoverType": [
      "Unknown"
    ],
    "FinishType": "AllMonsterDie",
    "FinishParamList": [],
    "FinishAutoQuit": false,
    "DropList": [
      1000899,
      1000369,
      930032,
      930032,
      930033,
      930092
    ],
    "StaminaCost": 20,
    "FailedType": "Unknown",
    "FailedResult": "Unknown",
    "LogoutType": "None",
    "TeamType": "Player",
    "TrialAvatarList": [],
    "MainMissionID": 0,
    "IsEntryByProp": true
  },
  "1204:3": {
    "RaidID": 1204,
    "WorldLevel": 3,
    "Type": "Relic",
    "MappingInfoID": 1204,
    "MonsterList": [],
    "MonsterHideList": [],
    "DisplayEventID": 0,
    "RaidName": {
      "hash": -2057404483
    },
    "RaidDesc": {
      "hash": -2054300845
    },
    "MapEntranceID": 3020401,
    "GroupID": 2,
    "ConfigIDList": [
      200001
    ],
    "NpcMonsterIDList": [
      1003010
    ],
    "PlaneEventIDList": [
      104206
    ],
    "BuffDesc": {
      "hash": 1678135101
    },
    "ParamList": [
      {
        "RawValue": 1288490190
      }
    ],
    "LimitIDList": [],
    "RecoverType": [
      "Unknown"
    ],
    "FinishType": "AllMonsterDie",
    "FinishParamList": [],
    "FinishAutoQuit": false,
    "DropList": [
      1000899,
      1000389,
      930032,
      930032,
      930033,
      930033,
      930092
    ],
    "StaminaCost": 20,
    "FailedType": "Unknown",
    "FailedResult": "Unknown",
    "LogoutType": "None",
    "TeamType": "Player",
    "TrialAvatarList": [],
    "MainMissionID": 0,
    "IsEntryByProp": true
  },
  "1204:4": {
    "RaidID": 1204,
    "WorldLevel": 4,
    "Type": "Relic",
    "MappingInfoID": 1204,
    "MonsterList": [],
    "MonsterHideList": [],
    "DisplayEventID": 0,
    "RaidName": {
      "hash": -2057404483
    },
    "RaidDesc": {
      "hash": -2054300845
    },
    "MapEntranceID": 3020401,
    "GroupID": 2,
    "ConfigIDList": [
      200001
    ],
    "NpcMonsterIDList": [
      1003010
    ],
    "PlaneEventIDList": [
      104206
    ],
    "BuffDesc": {
      "hash": 1678135101
    },
    "ParamList": [
      {
        "RawValue": 1288490190
      }
    ],
    "LimitIDList": [],
    "RecoverType": [
      "Unknown"
    ],
    "FinishType": "AllMonsterDie",
    "FinishParamList": [],
    "FinishAutoQuit": false,
    "DropList": [
      1000899,
      1000401,
      930033,
      930033,
      930033,
      930092,
      930093
    ],
    "StaminaCost": 20,
    "FailedType": "Unknown",
    "FailedResult": "Unknown",
    "LogoutType": "None",
    "TeamType": "Player",
    "TrialAvatarList": [],
    "MainMissionID": 0,
    "IsEntryByProp": true
  },
  "1204:5": {
    "RaidID": 1204,
    "WorldLevel": 5,
    "Type": "Relic",
    "MappingInfoID": 1204,
    "MonsterList": [],
    "MonsterHideList": [],
    "DisplayEventID": 0,
    "RaidName": {
      "hash": -2057404483
    },
    "RaidDesc": {
      "hash": -2054300845
    },
    "MapEntranceID": 3020401,
    "GroupID": 2,
    "ConfigIDList": [
      200001
    ],
    "NpcMonsterIDList": [
      1003010
    ],
    "PlaneEventIDList": [
      104206
    ],
    "BuffDesc": {
      "hash": 1678135101
    },
    "ParamList": [
      {
        "RawValue": 1288490190
      }
    ],
    "LimitIDList": [],
    "RecoverType": [
      "Unknown"
    ],
    "FinishType": "AllMonsterDie",
    "FinishParamList": [],
    "FinishAutoQuit": false,
    "DropList": [
      1000899,
      1000403,
      930033,
      930033,
      930033,
      930092,
      930094
    ],
    "StaminaCost": 20,
    "FailedType": "Unknown",
    "FailedResult": "Unknown",
    "LogoutType": "None",
    "TeamType": "Player",
    "TrialAvatarList": [],
    "MainMissionID": 0,
    "IsEntryByProp": true
  },
  "1204:6": {
    "RaidID": 1204,
    "WorldLevel": 6,
    "Type": "Relic",
    "MappingInfoID": 1204,
    "MonsterList": [],
    "MonsterHideList": [],
    "DisplayEventID": 0,
    "RaidName": {
      "hash": -2057404483
    },
    "RaidDesc": {
      "hash": -2054300845
    },
    "MapEntranceID": 3020401,
    "GroupID": 2,
    "ConfigIDList": [
      200001
    ],
    "NpcMonsterIDList": [
      1003010
    ],
    "PlaneEventIDList": [
      104206
    ],
    "BuffDesc": {
      "hash": 1678135101
    },
    "ParamList": [
      {
        "RawValue": 1288490190
      }
    ],
    "LimitIDList": [],
    "RecoverType": [
      "Unknown"
    ],
    "FinishType": "AllMonsterDie",
    "FinishParamList": [],
    "FinishAutoQuit": false,
    "DropList": [
      1000899,
      1000405,
      930033,
      930033,
      930033,
      930092,
      930034
    ],
    "StaminaCost": 20,
    "FailedType": "Unknown",
    "FailedResult": "Unknown",
    "LogoutType": "None",
    "TeamType": "Player",
    "TrialAvatarList": [],
    "MainMissionID": 0,
    "IsEntryByProp": true
  },
  "1205:0": {
    "RaidID": 1205,
    "WorldLevel": 0,
    "Type": "Relic",
    "MappingInfoID": 1205,
    "MonsterList": [],
    "MonsterHideList": [],
    "DisplayEventID": 0,
    "RaidName": {
      "hash": -2057404482
    },
    "RaidDesc": {
      "hash": -2054300844
    },
    "MapEntranceID": 3020501,
    "GroupID": 2,
    "ConfigIDList": [
      200001
    ],
    "NpcMonsterIDList": [
      1023020
    ],
    "PlaneEventIDList": [
      104202
    ],
    "BuffDesc": {
      "hash": 1678135100
    },
    "ParamList": [
      {
        "RawValue": 257698038
      },
      {
        "RawValue": 34359738368
      }
    ],
    "LimitIDList": [],
    "RecoverType": [
      "Unknown"
    ],
    "FinishType": "AllMonsterDie",
    "FinishParamList": [],
    "FinishAutoQuit": false,
    "DropList": [
      1000899,
      1000329,
      930042,
      930042,
      930041
    ],
    "StaminaCost": 20,
    "FailedType": "Unknown",
    "FailedResult": "Unknown",
    "LogoutType": "None",
    "TeamType": "Player",
    "TrialAvatarList": [],
    "MainMissionID": 0,
    "IsEntryByProp": true
  },
  "1205:1": {
    "RaidID": 1205,
    "WorldLevel": 1,
    "Type": "Relic",
    "MappingInfoID": 1205,
    "MonsterList": [],
    "MonsterHideList": [],
    "DisplayEventID": 0,
    "RaidName": {
      "hash": -2057404482
    },
    "RaidDesc": {
      "hash": -2054300844
    },
    "MapEntranceID": 3020501,
    "GroupID": 2,
    "ConfigIDList": [
      200001
    ],
    "NpcMonsterIDList": [
      1023020
    ],
    "PlaneEventIDList": [
      104202
    ],
    "BuffDesc": {
      "hash": 1678135100
    },
    "ParamList": [
      {
        "RawValue": 257698038
      },
      {
        "RawValue": 34359738368
      }
    ],
    "LimitIDList": [],
    "RecoverType": [
      "Unknown"
    ],
    "FinishType": "AllMonsterDie",
    "FinishParamList": [],
    "FinishAutoQuit": false,
    "DropList": [
      1000899,
      1000349,
      930042,
      930042,
      930101,
      930041
    ],
    "StaminaCost": 20,
    "FailedType": "Unknown",
    "FailedResult": "Unknown",
    "LogoutType": "None",
    "TeamType": "Player",
    "TrialAvatarList": [],
    "MainMissionID": 0,
    "IsEntryByProp": true
  },
  "1205:2": {
    "RaidID": 1205,
    "WorldLevel": 2,
    "Type": "Relic",
    "MappingInfoID": 1205,
    "MonsterList": [],
    "MonsterHideList": [],
    "DisplayEventID": 0,
    "RaidName": {
      "hash": -2057404482
    },
    "RaidDesc": {
      "hash": -2054300844
    },
    "MapEntranceID": 3020501,
    "GroupID": 2,
    "ConfigIDList": [
      200001
    ],
    "NpcMonsterIDList": [
      1023020
    ],
    "PlaneEventIDList": [
      104202
    ],
    "BuffDesc": {
      "hash": 1678135100
    },
    "ParamList": [
      {
        "RawValue": 257698038
      },
      {
        "RawValue": 34359738368
      }
    ],
    "LimitIDList": [],
    "RecoverType": [
      "Unknown"
    ],
    "FinishType": "AllMonsterDie",
    "FinishParamList": [],
    "FinishAutoQuit": false,
    "DropList": [
      1000899,
      1000369,
      930042,
      930042,
      930043,
      930102
    ],
    "StaminaCost": 20,
    "FailedType": "Unknown",
    "FailedResult": "Unknown",
    "LogoutType": "None",
    "TeamType": "Player",
    "TrialAvatarList": [],
    "MainMissionID": 0,
    "IsEntryByProp": true
  },
  "1205:3": {
    "RaidID": 1205,
    "WorldLevel": 3,
    "Type": "Relic",
    "MappingInfoID": 1205,
    "MonsterList": [],
    "MonsterHideList": [],
    "DisplayEventID": 0,
    "RaidName": {
      "hash": -2057404482
    },
    "RaidDesc": {
      "hash": -2054300844
    },
    "MapEntranceID": 3020501,
    "GroupID": 2,
    "ConfigIDList": [
      200001
    ],
    "NpcMonsterIDList": [
      1023020
    ],
    "PlaneEventIDList": [
      104202
    ],
    "BuffDesc": {
      "hash": 1678135100
    },
    "ParamList": [
      {
        "RawValue": 257698038
      },
      {
        "RawValue": 34359738368
      }
    ],
    "LimitIDList": [],
    "RecoverType": [
      "Unknown"
    ],
    "FinishType": "AllMonsterDie",
    "FinishParamList": [],
    "FinishAutoQuit": false,
    "DropList": [
      1000899,
      1000389,
      930042,
      930042,
      930043,
      930043,
      930102
    ],
    "StaminaCost": 20,
    "FailedType": "Unknown",
    "FailedResult": "Unknown",
    "LogoutType": "None",
    "TeamType": "Player",
    "TrialAvatarList": [],
    "MainMissionID": 0,
    "IsEntryByProp": true
  },
  "1205:4": {
    "RaidID": 1205,
    "WorldLevel": 4,
    "Type": "Relic",
    "MappingInfoID": 1205,
    "MonsterList": [],
    "MonsterHideList": [],
    "DisplayEventID": 0,
    "RaidName": {
      "hash": -2057404482
    },
    "RaidDesc": {
      "hash": -2054300844
    },
    "MapEntranceID": 3020501,
    "GroupID": 2,
    "ConfigIDList": [
      200001
    ],
    "NpcMonsterIDList": [
      1023020
    ],
    "PlaneEventIDList": [
      104202
    ],
    "BuffDesc": {
      "hash": 1678135100
    },
    "ParamList": [
      {
        "RawValue": 257698038
      },
      {
        "RawValue": 34359738368
      }
    ],
    "LimitIDList": [],
    "RecoverType": [
      "Unknown"
    ],
    "FinishType": "AllMonsterDie",
    "FinishParamList": [],
    "FinishAutoQuit": false,
    "DropList": [
      1000899,
      1000401,
      930043,
      930043,
      930043,
      930102,
      930103
    ],
    "StaminaCost": 20,
    "FailedType": "Unknown",
    "FailedResult": "Unknown",
    "LogoutType": "None",
    "TeamType": "Player",
    "TrialAvatarList": [],
    "MainMissionID": 0,
    "IsEntryByProp": true
  },
  "1205:5": {
    "RaidID": 1205,
    "WorldLevel": 5,
    "Type": "Relic",
    "MappingInfoID": 1205,
    "MonsterList": [],
    "MonsterHideList": [],
    "DisplayEventID": 0,
    "RaidName": {
      "hash": -2057404482
    },
    "RaidDesc": {
      "hash": -2054300844
    },
    "MapEntranceID": 3020501,
    "GroupID": 2,
    "ConfigIDList": [
      200001
    ],
    "NpcMonsterIDList": [
      1023020
    ],
    "PlaneEventIDList": [
      104202
    ],
    "BuffDesc": {
      "hash": 1678135100
    },
    "ParamList": [
      {
        "RawValue": 257698038
      },
      {
        "RawValue": 34359738368
      }
    ],
    "LimitIDList": [],
    "RecoverType": [
      "Unknown"
    ],
    "FinishType": "AllMonsterDie",
    "FinishParamList": [],
    "FinishAutoQuit": false,
    "DropList": [
      1000899,
      1000403,
      930043,
      930043,
      930043,
      930102,
      930104
    ],
    "StaminaCost": 20,
    "FailedType": "Unknown",
    "FailedResult": "Unknown",
    "LogoutType": "None",
    "TeamType": "Player",
    "TrialAvatarList": [],
    "MainMissionID": 0,
    "IsEntryByProp": true
  },
  "1205:6": {
    "RaidID": 1205,
    "WorldLevel": 6,
    "Type": "Relic",
    "MappingInfoID": 1205,
    "MonsterList": [],
    "MonsterHideList": [],
    "DisplayEventID": 0,
    "RaidName": {
      "hash": -2057404482
    },
    "RaidDesc": {
      "hash": -2054300844
    },
    "MapEntranceID": 3020501,
    "GroupID": 2,
    "ConfigIDList": [
      200001
    ],
    "NpcMonsterIDList": [
      1023020
    ],
    "PlaneEventIDList": [
      104202
    ],
    "BuffDesc": {
      "hash": 1678135100
    },
    "ParamList": [
      {
        "RawValue": 257698038
      },
      {
        "RawValue": 34359738368
      }
    ],
    "LimitIDList": [],
    "RecoverType": [
      "Unknown"
    ],
    "FinishType": "AllMonsterDie",
    "FinishParamList": [],
    "FinishAutoQuit": false,
    "DropList": [
      1000899,
      1000405,
      930043,
      930043,
      930043,
      930102,
      930044
    ],
    "StaminaCost": 20,
    "FailedType": "Unknown",
    "FailedResult": "Unknown",
    "LogoutType": "None",
    "TeamType": "Player",
    "TrialAvatarList": [],
    "MainMissionID": 0,
    "IsEntryByProp": true
  },
  "1206:0": {
    "RaidID": 1206,
    "WorldLevel": 0,
    "Type": "Relic",
    "MappingInfoID": 1206,
    "MonsterList": [],
    "MonsterHideList": [],
    "DisplayEventID": 0,
    "RaidName": {
      "hash": -2057404481
    },
    "RaidDesc": {
      "hash": -2054300843
    },
    "MapEntranceID": 3020601,
    "GroupID": 2,
    "ConfigIDList": [
      200001
    ],
    "NpcMonsterIDList": [
      8003030
    ],
    "PlaneEventIDList": [
      104204
    ],
    "BuffDesc": {
      "hash": 1678135099
    },
    "ParamList": [
      {
        "RawValue": 1288490190
      },
      {
        "RawValue": 429496730
      }
    ],
    "LimitIDList": [],
    "RecoverType": [
      "Unknown"
    ],
    "FinishType": "AllMonsterDie",
    "FinishParamList": [],
    "FinishAutoQuit": false,
    "DropList": [
      1000899,
      1000329,
      930052,
      930052,
      930051
    ],
    "StaminaCost": 20,
    "FailedType": "Unknown",
    "FailedResult": "Unknown",
    "LogoutType": "None",
    "TeamType": "Player",
    "TrialAvatarList": [],
    "MainMissionID": 0,
    "IsEntryByProp": true
  },
  "1206:1": {
    "RaidID": 1206,
    "WorldLevel": 1,
    "Type": "Relic",
    "MappingInfoID": 1206,
    "MonsterList": [],
    "MonsterHideList": [],
    "DisplayEventID": 0,
    "RaidName": {
      "hash": -2057404481
    },
    "RaidDesc": {
      "hash": -2054300843
    },
    "MapEntranceID": 3020601,
    "GroupID": 2,
    "ConfigIDList": [
      200001
    ],
    "NpcMonsterIDList": [
      8003030
    ],
    "PlaneEventIDList": [
      104204
    ],
    "BuffDesc": {
      "hash": 1678135099
    },
    "ParamList": [
      {
        "RawValue": 1288490190
      },
      {
        "RawValue": 429496730
      }
    ],
    "LimitIDList": [],
    "RecoverType": [
      "Unknown"
    ],
    "FinishType": "AllMonsterDie",
    "FinishParamList": [],
    "FinishAutoQuit": false,
    "DropList": [
      1000899,
      1000349,
      930052,
      930052,
      930111,
      930051
    ],
    "StaminaCost": 20,
    "FailedType": "Unknown",
    "FailedResult": "Unknown",
    "LogoutType": "None",
    "TeamType": "Player",
    "TrialAvatarList": [],
    "MainMissionID": 0,
    "IsEntryByProp": true
  },
  "1206:2": {
    "RaidID": 1206,
    "WorldLevel": 2,
    "Type": "Relic",
    "MappingInfoID": 1206,
    "MonsterList": [],
    "MonsterHideList": [],
    "DisplayEventID": 0,
    "RaidName": {
      "hash": -2057404481
    },
    "RaidDesc": {
      "hash": -2054300843
    },
    "MapEntranceID": 3020601,
    "GroupID": 2,
    "ConfigIDList": [
      200001
    ],
    "NpcMonsterIDList": [
      8003030
    ],
    "PlaneEventIDList": [
      104204
    ],
    "BuffDesc": {
      "hash": 1678135099
    },
    "ParamList": [
      {
        "RawValue": 1288490190
      },
      {
        "RawValue": 429496730
      }
    ],
    "LimitIDList": [],
    "RecoverType": [
      "Unknown"
    ],
    "FinishType": "AllMonsterDie",
    "FinishParamList": [],
    "FinishAutoQuit": false,
    "DropList": [
      1000899,
      1000369,
      930052,
      930052,
      930053,
      930112
    ],
    "StaminaCost": 20,
    "FailedType": "Unknown",
    "FailedResult": "Unknown",
    "LogoutType": "None",
    "TeamType": "Player",
    "TrialAvatarList": [],
    "MainMissionID": 0,
    "IsEntryByProp": true
  },
  "1206:3": {
    "RaidID": 1206,
    "WorldLevel": 3,
    "Type": "Relic",
    "MappingInfoID": 1206,
    "MonsterList": [],
    "MonsterHideList": [],
    "DisplayEventID": 0,
    "RaidName": {
      "hash": -2057404481
    },
    "RaidDesc": {
      "hash": -2054300843
    },
    "MapEntranceID": 3020601,
    "GroupID": 2,
    "ConfigIDList": [
      200001
    ],
    "NpcMonsterIDList": [
      8003030
    ],
    "PlaneEventIDList": [
      104204
    ],
    "BuffDesc": {
      "hash": 1678135099
    },
    "ParamList": [
      {
        "RawValue": 1288490190
      },
      {
        "RawValue": 429496730
      }
    ],
    "LimitIDList": [],
    "RecoverType": [
      "Unknown"
    ],
    "FinishType": "AllMonsterDie",
    "FinishParamList": [],
    "FinishAutoQuit": false,
    "DropList": [
      1000899,
      1000389,
      930052,
      930052,
      930053,
      930053,
      930112
    ],
    "StaminaCost": 20,
    "FailedType": "Unknown",
    "FailedResult": "Unknown",
    "LogoutType": "None",
    "TeamType": "Player",
    "TrialAvatarList": [],
    "MainMissionID": 0,
    "IsEntryByProp": true
  },
  "1206:4": {
    "RaidID": 1206,
    "WorldLevel": 4,
    "Type": "Relic",
    "MappingInfoID": 1206,
    "MonsterList": [],
    "MonsterHideList": [],
    "DisplayEventID": 0,
    "RaidName": {
      "hash": -2057404481
    },
    "RaidDesc": {
      "hash": -2054300843
    },
    "MapEntranceID": 3020601,
    "GroupID": 2,
    "ConfigIDList": [
      200001
    ],
    "NpcMonsterIDList": [
      8003030
    ],
    "PlaneEventIDList": [
      104204
    ],
    "BuffDesc": {
      "hash": 1678135099
    },
    "ParamList": [
      {
        "RawValue": 1288490190
      },
      {
        "RawValue": 429496730
      }
    ],
    "LimitIDList": [],
    "RecoverType": [
      "Unknown"
    ],
    "FinishType": "AllMonsterDie",
    "FinishParamList": [],
    "FinishAutoQuit": false,
    "DropList": [
      1000899,
      1000401,
      930053,
      930053,
      930053,
      930112,
      930113
    ],
    "StaminaCost": 20,
    "FailedType": "Unknown",
    "FailedResult": "Unknown",
    "LogoutType": "None",
    "TeamType": "Player",
    "TrialAvatarList": [],
    "MainMissionID": 0,
    "IsEntryByProp": true
  },
  "1206:5": {
    "RaidID": 1206,
    "WorldLevel": 5,
    "Type": "Relic",
    "MappingInfoID": 1206,
    "MonsterList": [],
    "MonsterHideList": [],
    "DisplayEventID": 0,
    "RaidName": {
      "hash": -2057404481
    },
    "RaidDesc": {
      "hash": -2054300843
    },
    "MapEntranceID": 3020601,
    "GroupID": 2,
    "ConfigIDList": [
      200001
    ],
    "NpcMonsterIDList": [
      8003030
    ],
    "PlaneEventIDList": [
      104204
    ],
    "BuffDesc": {
      "hash": 1678135099
    },
    "ParamList": [
      {
        "RawValue": 1288490190
      },
      {
        "RawValue": 429496730
      }
    ],
    "LimitIDList": [],
    "RecoverType": [
      "Unknown"
    ],
    "FinishType": "AllMonsterDie",
    "FinishParamList": [],
    "FinishAutoQuit": false,
    "DropList": [
      1000899,
      1000403,
      930053,
      930053,
      930053,
      930112,
      930114
    ],
    "StaminaCost": 20,
    "FailedType": "Unknown",
    "FailedResult": "Unknown",
    "LogoutType": "None",
    "TeamType": "Player",
    "TrialAvatarList": [],
    "MainMissionID": 0,
    "IsEntryByProp": true
  },
  "1206:6": {
    "RaidID": 1206,
    "WorldLevel": 6,
    "Type": "Relic",
    "MappingInfoID": 1206,
    "MonsterList": [],
    "MonsterHideList": [],
    "DisplayEventID": 0,
    "RaidName": {
      "hash": -2057404481
    },
    "RaidDesc": {
      "hash": -2054300843
    },
    "MapEntranceID": 3020601,
    "GroupID": 2,
    "ConfigIDList": [
      200001
    ],
    "NpcMonsterIDList": [
      8003030
    ],
    "PlaneEventIDList": [
      104204
    ],
    "BuffDesc": {
      "hash": 1678135099
    },
    "ParamList": [
      {
        "RawValue": 1288490190
      },
      {
        "RawValue": 429496730
      }
    ],
    "LimitIDList": [],
    "RecoverType": [
      "Unknown"
    ],
    "FinishType": "AllMonsterDie",
    "FinishParamList": [],
    "FinishAutoQuit": false,
    "DropList": [
      1000899,
      1000405,
      930053,
      930053,
      930053,
      930112,
      930054
    ],
    "StaminaCost": 20,
    "FailedType": "Unknown",
    "FailedResult": "Unknown",
    "LogoutType": "None",
    "TeamType": "Player",
    "TrialAvatarList": [],
    "MainMissionID": 0,
    "IsEntryByProp": true
  },
  "5001:0": {
    "RaidID": 5001,
    "WorldLevel": 0,
    "Type": "Challenge",
    "MappingInfoID": 0,
    "MonsterList": [],
    "MonsterHideList": [],
    "DisplayEventID": 0,
    "RaidName": {
      "hash": 1672912872
    },
    "RaidDesc": {
      "hash": 371857150
    },
    "MapEntranceID": 3020201,
    "GroupID": 2,
    "ConfigIDList": [
      200001
    ],
    "NpcMonsterIDList": [
      1023010
    ],
    "PlaneEventIDList": [
      301001
    ],
    "BuffDesc": {
      "hash": -2052182254
    },
    "ParamList": [
      {
        "RawValue": 1288490190
      },
      {
        "RawValue": 2147483650
      }
    ],
    "LimitIDList": [],
    "RecoverType": [
      "RecoverHp",
      "RecoverMp",
      "RecoverHalfSp"
    ],
    "FinishType": "AllMonsterDie",
    "FinishParamList": [],
    "FinishAutoQuit": false,
    "DropList": [],
    "StaminaCost": 0,
    "FailedType": "BattleFail",
    "FailedResult": "ReturnAnchor",
    "LogoutType": "Quit",
    "TeamType": "Trial",
    "TrialAvatarList": [
      3018001,
      3011001,
      3011002,
      3011013,
      3011104,
      3011106,
      3018002
    ],
    "MainMissionID": 0,
    "IsEntryByProp": false
  },
  "5002:0": {
    "RaidID": 5002,
    "WorldLevel": 0,
    "Type": "Challenge",
    "MappingInfoID": 0,
    "MonsterList": [],
    "MonsterHideList": [],
    "DisplayEventID": 0,
    "RaidName": {
      "hash": 1672912869
    },
    "RaidDesc": {
      "hash": 371857150
    },
    "MapEntranceID": 3020201,
    "GroupID": 2,
    "ConfigIDList": [
      200001
    ],
    "NpcMonsterIDList": [
      1003010
    ],
    "PlaneEventIDList": [
      301002
    ],
    "BuffDesc": {
      "hash": -2052182251
    },
    "ParamList": [
      {
        "RawValue": 3435973840
      }
    ],
    "LimitIDList": [],
    "RecoverType": [
      "RecoverHp",
      "RecoverMp",
      "RecoverHalfSp"
    ],
    "FinishType": "AllMonsterDie",
    "FinishParamList": [],
    "FinishAutoQuit": false,
    "DropList": [],
    "StaminaCost": 0,
    "FailedType": "BattleFail",
    "FailedResult": "ReturnAnchor",
    "LogoutType": "Quit",
    "TeamType": "Trial",
    "TrialAvatarList": [
      3011003,
      3011013,
      3011107,
      3011005,
      3011001,
      3011102
    ],
    "MainMissionID": 0,
    "IsEntryByProp": false
  },
  "5003:0": {
    "RaidID": 5003,
    "WorldLevel": 0,
    "Type": "Challenge",
    "MappingInfoID": 0,
    "MonsterList": [],
    "MonsterHideList": [],
    "DisplayEventID": 0,
    "RaidName": {
      "hash": 1672912870
    },
    "RaidDesc": {
      "hash": 371857150
    },
    "MapEntranceID": 3020201,
    "GroupID": 2,
    "ConfigIDList": [
      200001
    ],
    "NpcMonsterIDList": [
      1013010
    ],
    "PlaneEventIDList": [
      301003
    ],
    "BuffDesc": {
      "hash": -2052182252
    },
    "ParamList": [
      {
        "RawValue": 1288490190
      }
    ],
    "LimitIDList": [],
    "RecoverType": [
      "RecoverHp",
      "RecoverMp",
      "RecoverHalfSp"
    ],
    "FinishType": "AllMonsterDie",
    "FinishParamList": [],
    "FinishAutoQuit": false,
    "DropList": [],
    "StaminaCost": 0,
    "FailedType": "BattleFail",
    "FailedResult": "ReturnAnchor",
    "LogoutType": "Quit",
    "TeamType": "Trial",
    "TrialAvatarList": [
      3011008,
      3011106,
      3011203,
      3011204,
      3011206,
      3011103
    ],
    "MainMissionID": 0,
    "IsEntryByProp": false
  },
  "5004:0": {
    "RaidID": 5004,
    "WorldLevel": 0,
    "Type": "Challenge",
    "MappingInfoID": 0,
    "MonsterList": [],
    "MonsterHideList": [],
    "DisplayEventID": 0,
    "RaidName": {
      "hash": 1672912875
    },
    "RaidDesc": {
      "hash": 371857150
    },
    "MapEntranceID": 3020201,
    "GroupID": 2,
    "ConfigIDList": [
      200001
    ],
    "NpcMonsterIDList": [
      1014010
    ],
    "PlaneEventIDList": [
      301004
    ],
    "BuffDesc": {
      "hash": -2052182257
    },
    "ParamList": [
      {
        "RawValue": 644245095
      },
      {
        "RawValue": 2147483650
      }
    ],
    "LimitIDList": [],
    "RecoverType": [
      "RecoverHp",
      "RecoverMp",
      "RecoverHalfSp"
    ],
    "FinishType": "AllMonsterDie",
    "FinishParamList": [],
    "FinishAutoQuit": false,
    "DropList": [],
    "StaminaCost": 0,
    "FailedType": "BattleFail",
    "FailedResult": "ReturnAnchor",
    "LogoutType": "Quit",
    "TeamType": "Trial",
    "TrialAvatarList": [
      3011005,
      3011108,
      3011103,
      3011109,
      3011105,
      3011006
    ],
    "MainMissionID": 0,
    "IsEntryByProp": false
  },
  "5005:0": {
    "RaidID": 5005,
    "WorldLevel": 0,
    "Type": "Challenge",
    "MappingInfoID": 0,
    "MonsterList": [],
    "MonsterHideList": [],
    "DisplayEventID": 0,
    "RaidName": {
      "hash": 1672912876
    },
    "RaidDesc": {
      "hash": 371857150
    },
    "MapEntranceID": 3020201,
    "GroupID": 2,
    "ConfigIDList": [
      200001
    ],
    "NpcMonsterIDList": [
      8013010
    ],
    "PlaneEventIDList": [
      301005
    ],
    "BuffDesc": {
      "hash": -2052182258
    },
    "ParamList": [
      {
        "RawValue": 1288490190
      },
      {
        "RawValue": 2147483650
      }
    ],
    "LimitIDList": [],
    "RecoverType": [
      "RecoverHp",
      "RecoverMp",
      "RecoverHalfSp"
    ],
    "FinishType": "AllMonsterDie",
    "FinishParamList": [],
    "FinishAutoQuit": false,
    "DropList": [],
    "StaminaCost": 0,
    "FailedType": "BattleFail",
    "FailedResult": "ReturnAnchor",
    "LogoutType": "Quit",
    "TeamType": "Trial",
    "TrialAvatarList": [
      3011001,
      3011107,
      3011108,
      3011205,
      3011004,
      3011206,
      3011002
    ],
    "MainMissionID": 0,
    "IsEntryByProp": false
  },
  "5006:0": {
    "RaidID": 5006,
    "WorldLevel": 0,
    "Type": "Challenge",
    "MappingInfoID": 0,
    "MonsterList": [],
    "MonsterHideList": [],
    "DisplayEventID": 0,
    "RaidName": {
      "hash": 1672912873
    },
    "RaidDesc": {
      "hash": 371857150
    },
    "MapEntranceID": 3020201,
    "GroupID": 2,
    "ConfigIDList": [
      200001
    ],
    "NpcMonsterIDList": [
      1004010
    ],
    "PlaneEventIDList": [
      301006
    ],
    "BuffDesc": {
      "hash": -2052182255
    },
    "ParamList": [
      {
        "RawValue": 429496730
      },
      {
        "RawValue": 42949672960
      }
    ],
    "LimitIDList": [],
    "RecoverType": [
      "RecoverHp",
      "RecoverMp",
      "RecoverHalfSp"
    ],
    "FinishType": "AllMonsterDie",
    "FinishParamList": [],
    "FinishAutoQuit": false,
    "DropList": [],
    "StaminaCost": 0,
    "FailedType": "BattleFail",
    "FailedResult": "ReturnAnchor",
    "LogoutType": "Quit",
    "TeamType": "Trial",
    "TrialAvatarList": [
      3011109,
      3011101,
      3011102,
      3011009,
      3011004,
      3011006,
      3011003
    ],
    "MainMissionID": 0,
    "IsEntryByProp": false
  },
  "5007:0": {
    "RaidID": 5007,
    "WorldLevel": 0,
    "Type": "Challenge",
    "MappingInfoID": 0,
    "MonsterList": [],
    "MonsterHideList": [],
    "DisplayEventID": 0,
    "RaidName": {
      "hash": 1672912874
    },
    "RaidDesc": {
      "hash": 371857150
    },
    "MapEntranceID": 3020201,
    "GroupID": 2,
    "ConfigIDList": [
      200001
    ],
    "NpcMonsterIDList": [
      8003010
    ],
    "PlaneEventIDList": [
      301007
    ],
    "BuffDesc": {
      "hash": -2052182256
    },
    "ParamList": [
      {
        "RawValue": 2147483650
      },
      {
        "RawValue": 2147483650
      },
      {
        "RawValue": 858993460
      }
    ],
    "LimitIDList": [],
    "RecoverType": [
      "RecoverHp",
      "RecoverMp",
      "RecoverHalfSp"
    ],
    "FinishType": "AllMonsterDie",
    "FinishParamList": [],
    "FinishAutoQuit": false,
    "DropList": [],
    "StaminaCost": 0,
    "FailedType": "BattleFail",
    "FailedResult": "ReturnAnchor",
    "LogoutType": "Quit",
    "TeamType": "Trial",
    "TrialAvatarList": [
      3011205,
      3011008,
      3011104,
      3011107,
      3011204,
      3011109,
      3011105
    ],
    "MainMissionID": 0,
    "IsEntryByProp": false
  },
  "5008:0": {
    "RaidID": 5008,
    "WorldLevel": 0,
    "Type": "Challenge",
    "MappingInfoID": 0,
    "MonsterList": [],
    "MonsterHideList": [],
    "DisplayEventID": 0,
    "RaidName": {
      "hash": 1672912879
    },
    "RaidDesc": {
      "hash": 371857150
    },
    "MapEntranceID": 3020201,
    "GroupID": 2,
    "ConfigIDList": [
      200001
    ],
    "NpcMonsterIDList": [
      8003030
    ],
    "PlaneEventIDList": [
      301008
    ],
    "BuffDesc": {
      "hash": -2052182245
    },
    "ParamList": [
      {
        "RawValue": 4294967296
      },
      {
        "RawValue": 1288490190
      }
    ],
    "LimitIDList": [],
    "RecoverType": [
      "RecoverHp",
      "RecoverMp",
      "RecoverHalfSp"
    ],
    "FinishType": "AllMonsterDie",
    "FinishParamList": [],
    "FinishAutoQuit": false,
    "DropList": [],
    "StaminaCost": 0,
    "FailedType": "BattleFail",
    "FailedResult": "ReturnAnchor",
    "LogoutType": "Quit",
    "TeamType": "Trial",
    "TrialAvatarList": [
      3011006,
      3011102,
      3011101,
      3011009,
      3018001,
      3011002,
      3011106,
      3011203,
      3018002
    ],
    "MainMissionID": 0,
    "IsEntryByProp": false
  }
}