{
  "1": {
    "RefreshID": 1,
    "RefreshType": "Unknown",
    "IsInteract": false,
    "RefreshTime": [
      0
    ]
  },
  "10001": {
    "RefreshID": 10001,
    "RefreshType": "Countdown",
    "IsInteract": false,
    "RefreshTime": [
      3600
    ]
  },
  "10002": {
    "RefreshID": 10002,
    "RefreshType": "Countdown",
    "IsInteract": false,
    "RefreshTime": [
      86400
    ]
  },
  "10003": {
    "RefreshID": 10003,
    "RefreshType": "Weekly",
    "IsInteract": false,
    "RefreshTime": [
      1,
      2,
      3,
      4,
      5,
      6,
      7
    ]
  },
  "10004": {
    "RefreshID": 10004,
    "RefreshType": "Weekly",
    "IsInteract": false,
    "RefreshTime": [
      1
    ]
  },
  "10005": {
    "RefreshID": 10005,
    "RefreshType": "Countdown",
    "IsInteract": false,
    "RefreshTime": []
  },
  "10006": {
    "RefreshID": 10006,
    "RefreshType": "Countdown",
    "IsInteract": false,
    "RefreshTime": [
      30
    ]
  },
  "10007": {
    "RefreshID": 10007,
    "RefreshType": "Countdown",
    "IsInteract": false,
    "RefreshTime": [
      60
    ]
  },
  "10008": {
    "RefreshID": 10008,
    "RefreshType": "Countdown",
    "IsInteract": false,
    "RefreshTime": [
      300
    ]
  },
  "10009": {
    "RefreshID": 10009,
    "RefreshType": "Countdown",
    "IsInteract": false,
    "RefreshTime": [
      600
    ]
  },
  "19999": {
    "RefreshID": 19999,
    "RefreshType": "Immediately",
    "IsInteract": false,
    "RefreshTime": [
      0
    ]
  },
  "1001": {
    "RefreshID": 1001,
    "RefreshType": "Weekly",
    "IsInteract": false,
    "RefreshTime": [
      1,
      2,
      3,
      4,
      5,
      6,
      7
    ]
  },
  "1002": {
    "RefreshID": 1002,
    "RefreshType": "Weekly",
    "IsInteract": false,
    "RefreshTime": [
      1,
      2,
      3,
      4,
      5,
      6,
      7
    ]
  },
  "1003": {
    "RefreshID": 1003,
    "RefreshType": "Countdown",
    "IsInteract": false,
    "RefreshTime": [
      20
    ]
  }
}