{
  "430001": {
    "ItemID": 430001,
    "RogueMiracleCost": [
      {
        "ItemID": 31,
        "ItemNum": 100
      }
    ],
    "RogueMiracleType1": "None",
    "ParamList1": [],
    "RogueMiracleType2": "None",
    "ParamList2": []
  },
  "430002": {
    "ItemID": 430002,
    "RogueMiracleCost": [
      {
        "ItemID": 31,
        "ItemNum": 100
      }
    ],
    "RogueMiracleType1": "None",
    "ParamList1": [],
    "RogueMiracleType2": "None",
    "ParamList2": []
  },
  "430003": {
    "ItemID": 430003,
    "RogueMiracleCost": [
      {
        "ItemID": 31,
        "ItemNum": 100
      }
    ],
    "RogueMiracleType1": "None",
    "ParamList1": [],
    "RogueMiracleType2": "None",
    "ParamList2": []
  },
  "430004": {
    "ItemID": 430004,
    "RogueMiracleCost": [
      {
        "ItemID": 31,
        "ItemNum": 100
      }
    ],
    "RogueMiracleType1": "None",
    "ParamList1": [],
    "RogueMiracleType2": "None",
    "ParamList2": []
  },
  "430005": {
    "ItemID": 430005,
    "RogueMiracleCost": [
      {
        "ItemID": 31,
        "ItemNum": 100
      }
    ],
    "RogueMiracleType1": "None",
    "ParamList1": [],
    "RogueMiracleType2": "None",
    "ParamList2": []
  },
  "430006": {
    "ItemID": 430006,
    "RogueMiracleCost": [
      {
        "ItemID": 31,
        "ItemNum": 100
      }
    ],
    "RogueMiracleType1": "None",
    "ParamList1": [],
    "RogueMiracleType2": "None",
    "ParamList2": []
  },
  "430007": {
    "ItemID": 430007,
    "RogueMiracleCost": [
      {
        "ItemID": 31,
        "ItemNum": 100
      }
    ],
    "RogueMiracleType1": "None",
    "ParamList1": [],
    "RogueMiracleType2": "None",
    "ParamList2": []
  },
  "430008": {
    "ItemID": 430008,
    "RogueMiracleCost": [
      {
        "ItemID": 31,
        "ItemNum": 100
      }
    ],
    "RogueMiracleType1": "None",
    "ParamList1": [],
    "RogueMiracleType2": "None",
    "ParamList2": []
  },
  "430009": {
    "ItemID": 430009,
    "RogueMiracleCost": [
      {
        "ItemID": 31,
        "ItemNum": 100
      }
    ],
    "RogueMiracleType1": "None",
    "ParamList1": [],
    "RogueMiracleType2": "None",
    "ParamList2": []
  },
  "430010": {
    "ItemID": 430010,
    "RogueMiracleCost": [
      {
        "ItemID": 31,
        "ItemNum": 100
      }
    ],
    "RogueMiracleType1": "None",
    "ParamList1": [],
    "RogueMiracleType2": "None",
    "ParamList2": []
  },
  "430011": {
    "ItemID": 430011,
    "RogueMiracleCost": [
      {
        "ItemID": 31,
        "ItemNum": 100
      }
    ],
    "RogueMiracleType1": "None",
    "ParamList1": [],
    "RogueMiracleType2": "None",
    "ParamList2": []
  },
  "430012": {
    "ItemID": 430012,
    "RogueMiracleCost": [
      {
        "ItemID": 31,
        "ItemNum": 100
      }
    ],
    "RogueMiracleType1": "None",
    "ParamList1": [],
    "RogueMiracleType2": "None",
    "ParamList2": []
  },
  "430013": {
    "ItemID": 430013,
    "RogueMiracleCost": [
      {
        "ItemID": 31,
        "ItemNum": 100
      }
    ],
    "RogueMiracleType1": "None",
    "ParamList1": [],
    "RogueMiracleType2": "None",
    "ParamList2": []
  },
  "430014": {
    "ItemID": 430014,
    "RogueMiracleCost": [
      {
        "ItemID": 31,
        "ItemNum": 100
      }
    ],
    "RogueMiracleType1": "None",
    "ParamList1": [],
    "RogueMiracleType2": "None",
    "ParamList2": []
  },
  "430015": {
    "ItemID": 430015,
    "RogueMiracleCost": [
      {
        "ItemID": 31,
        "ItemNum": 100
      }
    ],
    "RogueMiracleType1": "None",
    "ParamList1": [],
    "RogueMiracleType2": "None",
    "ParamList2": []
  },
  "430017": {
    "ItemID": 430017,
    "RogueMiracleCost": [
      {
        "ItemID": 31,
        "ItemNum": 100
      }
    ],
    "RogueMiracleType1": "None",
    "ParamList1": [],
    "RogueMiracleType2": "None",
    "ParamList2": []
  },
  "430018": {
    "ItemID": 430018,
    "RogueMiracleCost": [
      {
        "ItemID": 31,
        "ItemNum": 100
      }
    ],
    "RogueMiracleType1": "None",
    "ParamList1": [],
    "RogueMiracleType2": "None",
    "ParamList2": []
  },
  "430019": {
    "ItemID": 430019,
    "RogueMiracleCost": [
      {
        "ItemID": 31,
        "ItemNum": 100
      }
    ],
    "RogueMiracleType1": "None",
    "ParamList1": [],
    "RogueMiracleType2": "None",
    "ParamList2": []
  },
  "430020": {
    "ItemID": 430020,
    "RogueMiracleCost": [
      {
        "ItemID": 31,
        "ItemNum": 100
      }
    ],
    "RogueMiracleType1": "None",
    "ParamList1": [],
    "RogueMiracleType2": "None",
    "ParamList2": []
  },
  "430021": {
    "ItemID": 430021,
    "RogueMiracleCost": [
      {
        "ItemID": 31,
        "ItemNum": 100
      }
    ],
    "RogueMiracleType1": "None",
    "ParamList1": [],
    "RogueMiracleType2": "None",
    "ParamList2": []
  },
  "430022": {
    "ItemID": 430022,
    "RogueMiracleCost": [
      {
        "ItemID": 31,
        "ItemNum": 100
      }
    ],
    "RogueMiracleType1": "None",
    "ParamList1": [],
    "RogueMiracleType2": "None",
    "ParamList2": []
  },
  "430031": {
    "ItemID": 430031,
    "RogueMiracleCost": [
      {
        "ItemID": 31,
        "ItemNum": 100
      }
    ],
    "RogueMiracleType1": "None",
    "ParamList1": [],
    "RogueMiracleType2": "None",
    "ParamList2": []
  },
  "430032": {
    "ItemID": 430032,
    "RogueMiracleCost": [
      {
        "ItemID": 31,
        "ItemNum": 100
      }
    ],
    "RogueMiracleType1": "None",
    "ParamList1": [],
    "RogueMiracleType2": "None",
    "ParamList2": []
  },
  "430033": {
    "ItemID": 430033,
    "RogueMiracleCost": [
      {
        "ItemID": 31,
        "ItemNum": 100
      }
    ],
    "RogueMiracleType1": "None",
    "ParamList1": [],
    "RogueMiracleType2": "None",
    "ParamList2": []
  },
  "430034": {
    "ItemID": 430034,
    "RogueMiracleCost": [
      {
        "ItemID": 31,
        "ItemNum": 100
      }
    ],
    "RogueMiracleType1": "None",
    "ParamList1": [],
    "RogueMiracleType2": "None",
    "ParamList2": []
  },
  "430035": {
    "ItemID": 430035,
    "RogueMiracleCost": [
      {
        "ItemID": 31,
        "ItemNum": 100
      }
    ],
    "RogueMiracleType1": "None",
    "ParamList1": [],
    "RogueMiracleType2": "None",
    "ParamList2": []
  },
  "430041": {
    "ItemID": 430041,
    "RogueMiracleCost": [
      {
        "ItemID": 31,
        "ItemNum": 100
      }
    ],
    "RogueMiracleType1": "None",
    "ParamList1": [],
    "RogueMiracleType2": "None",
    "ParamList2": []
  },
  "430042": {
    "ItemID": 430042,
    "RogueMiracleCost": [
      {
        "ItemID": 31,
        "ItemNum": 100
      }
    ],
    "RogueMiracleType1": "None",
    "ParamList1": [],
    "RogueMiracleType2": "None",
    "ParamList2": []
  },
  "430043": {
    "ItemID": 430043,
    "RogueMiracleCost": [
      {
        "ItemID": 31,
        "ItemNum": 100
      }
    ],
    "RogueMiracleType1": "None",
    "ParamList1": [],
    "RogueMiracleType2": "None",
    "ParamList2": []
  },
  "430044": {
    "ItemID": 430044,
    "RogueMiracleCost": [
      {
        "ItemID": 31,
        "ItemNum": 100
      }
    ],
    "RogueMiracleType1": "None",
    "ParamList1": [],
    "RogueMiracleType2": "None",
    "ParamList2": []
  },
  "430045": {
    "ItemID": 430045,
    "RogueMiracleCost": [
      {
        "ItemID": 31,
        "ItemNum": 100
      }
    ],
    "RogueMiracleType1": "None",
    "ParamList1": [],
    "RogueMiracleType2": "None",
    "ParamList2": []
  },
  "430046": {
    "ItemID": 430046,
    "RogueMiracleCost": [
      {
        "ItemID": 31,
        "ItemNum": 100
      }
    ],
    "RogueMiracleType1": "None",
    "ParamList1": [],
    "RogueMiracleType2": "None",
    "ParamList2": []
  },
  "430051": {
    "ItemID": 430051,
    "RogueMiracleCost": [
      {
        "ItemID": 31,
        "ItemNum": 100
      }
    ],
    "RogueMiracleType1": "ChangeRollBuffCount",
    "ParamList1": [
      1.0
    ],
    "RogueMiracleType2": "None",
    "ParamList2": []
  },
  "430052": {
    "ItemID": 430052,
    "RogueMiracleCost": [
      {
        "ItemID": 31,
        "ItemNum": 150
      }
    ],
    "RogueMiracleType1": "ChangeRollBuffCostRatio",
    "ParamList1": [
      -1.0
    ],
    "RogueMiracleType2": "None",
    "ParamList2": []
  },
  "430053": {
    "ItemID": 430053,
    "RogueMiracleCost": [
      {
        "ItemID": 31,
        "ItemNum": 100
      }
    ],
    "RogueMiracleType1": "None",
    "ParamList1": [],
    "RogueMiracleType2": "None",
    "ParamList2": []
  },
  "430054": {
    "ItemID": 430054,
    "RogueMiracleCost": [
      {
        "ItemID": 31,
        "ItemNum": 100
      }
    ],
    "RogueMiracleType1": "AddExtraBuff",
    "ParamList1": [
      631001.0
    ],
    "RogueMiracleType2": "None",
    "ParamList2": []
  },
  "430055": {
    "ItemID": 430055,
    "RogueMiracleCost": [
      {
        "ItemID": 31,
        "ItemNum": 100
      }
    ],
    "RogueMiracleType1": "ChangeChestMonsterRatio",
    "ParamList1": [
      3.0,
      10.0
    ],
    "RogueMiracleType2": "AddExtraBuff",
    "ParamList2": [
      631002.0
    ]
  },
  "430056": {
    "ItemID": 430056,
    "RogueMiracleCost": [
      {
        "ItemID": 31,
        "ItemNum": 150
      }
    ],
    "RogueMiracleType1": "ChangeSelectBuffNumAfterBattle",
    "ParamList1": [
      1.0,
      1.0
    ],
    "RogueMiracleType2": "None",
    "ParamList2": []
  },
  "430057": {
    "ItemID": 430057,
    "RogueMiracleCost": [
      {
        "ItemID": 31,
        "ItemNum": 150
      }
    ],
    "RogueMiracleType1": "SetSelectBuffLevelAfterBattle",
    "ParamList1": [
      0.0,
      100001.0,
      2.0
    ],
    "RogueMiracleType2": "None",
    "ParamList2": []
  },
  "430058": {
    "ItemID": 430058,
    "RogueMiracleCost": [
      {
        "ItemID": 31,
        "ItemNum": 100
      }
    ],
    "RogueMiracleType1": "SwitchItemGroup",
    "ParamList1": [
      1.0,
      11.0
    ],
    "RogueMiracleType2": "None",
    "ParamList2": []
  },
  "430059": {
    "ItemID": 430059,
    "RogueMiracleCost": [
      {
        "ItemID": 31,
        "ItemNum": 100
      }
    ],
    "RogueMiracleType1": "ChangeAppraisalRatio",
    "ParamList1": [
      12.0,
      0.0,
      1.0
    ],
    "RogueMiracleType2": "None",
    "ParamList2": []
  },
  "430060": {
    "ItemID": 430060,
    "RogueMiracleCost": [
      {
        "ItemID": 31,
        "ItemNum": 150
      }
    ],
    "RogueMiracleType1": "SetSelectBuffLevelAfterBattle",
    "ParamList1": [
      2.0,
      100004.0,
      2.0
    ],
    "RogueMiracleType2": "None",
    "ParamList2": []
  },
  "430061": {
    "ItemID": 430061,
    "RogueMiracleCost": [
      {
        "ItemID": 31,
        "ItemNum": 150
      }
    ],
    "RogueMiracleType1": "SetAppraisalFailReward",
    "ParamList1": [
      1.0,
      9002008.0
    ],
    "RogueMiracleType2": "None",
    "ParamList2": []
  },
  "430062": {
    "ItemID": 430062,
    "RogueMiracleCost": [
      {
        "ItemID": 31,
        "ItemNum": 100
      }
    ],
    "RogueMiracleType1": "SetAppraisalPerfectBuffLevel",
    "ParamList1": [
      2.0
    ],
    "RogueMiracleType2": "None",
    "ParamList2": []
  },
  "430063": {
    "ItemID": 430063,
    "RogueMiracleCost": [
      {
        "ItemID": 31,
        "ItemNum": 100
      }
    ],
    "RogueMiracleType1": "None",
    "ParamList1": [],
    "RogueMiracleType2": "None",
    "ParamList2": []
  },
  "430064": {
    "ItemID": 430064,
    "RogueMiracleCost": [
      {
        "ItemID": 31,
        "ItemNum": 100
      }
    ],
    "RogueMiracleType1": "ChangeAppraisalCount",
    "ParamList1": [
      1.0
    ],
    "RogueMiracleType2": "None",
    "ParamList2": []
  },
  "430065": {
    "ItemID": 430065,
    "RogueMiracleCost": [
      {
        "ItemID": 31,
        "ItemNum": 150
      }
    ],
    "RogueMiracleType1": "ChangeAppraisalPerfectRatioByCount",
    "ParamList1": [
      0.1
    ],
    "RogueMiracleType2": "None",
    "ParamList2": []
  },
  "430066": {
    "ItemID": 430066,
    "RogueMiracleCost": [
      {
        "ItemID": 31,
        "ItemNum": 150
      }
    ],
    "RogueMiracleType1": "ChangePickAvatarCountOnNextRoom",
    "ParamList1": [
      1.0,
      430102.0
    ],
    "RogueMiracleType2": "None",
    "ParamList2": []
  },
  "430067": {
    "ItemID": 430067,
    "RogueMiracleCost": [
      {
        "ItemID": 31,
        "ItemNum": 100
      }
    ],
    "RogueMiracleType1": "AddExtraBuffByRoomTag",
    "ParamList1": [
      2.0,
      631003.0
    ],
    "RogueMiracleType2": "None",
    "ParamList2": []
  },
  "430068": {
    "ItemID": 430068,
    "RogueMiracleCost": [
      {
        "ItemID": 31,
        "ItemNum": 100
      }
    ],
    "RogueMiracleType1": "AddExtraBuff",
    "ParamList1": [
      631004.0
    ],
    "RogueMiracleType2": "None",
    "ParamList2": []
  },
  "430069": {
    "ItemID": 430069,
    "RogueMiracleCost": [
      {
        "ItemID": 31,
        "ItemNum": 100
      }
    ],
    "RogueMiracleType1": "AddExtraBuffOnNextRoom",
    "ParamList1": [
      631005.0,
      430104.0
    ],
    "RogueMiracleType2": "None",
    "ParamList2": []
  },
  "430070": {
    "ItemID": 430070,
    "RogueMiracleCost": [
      {
        "ItemID": 31,
        "ItemNum": 150
      }
    ],
    "RogueMiracleType1": "AddExtraBuffOnNextRoom",
    "ParamList1": [
      631006.0,
      430105.0
    ],
    "RogueMiracleType2": "None",
    "ParamList2": []
  },
  "430071": {
    "ItemID": 430071,
    "RogueMiracleCost": [
      {
        "ItemID": 31,
        "ItemNum": 100
      }
    ],
    "RogueMiracleType1": "AddExtraBuffOnNextRoom",
    "ParamList1": [
      631007.0,
      430106.0
    ],
    "RogueMiracleType2": "None",
    "ParamList2": []
  },
  "430072": {
    "ItemID": 430072,
    "RogueMiracleCost": [
      {
        "ItemID": 31,
        "ItemNum": 100
      }
    ],
    "RogueMiracleType1": "AddExtraBuffOnNextRoom",
    "ParamList1": [
      631008.0,
      430107.0
    ],
    "RogueMiracleType2": "None",
    "ParamList2": []
  },
  "430073": {
    "ItemID": 430073,
    "RogueMiracleCost": [
      {
        "ItemID": 31,
        "ItemNum": 100
      }
    ],
    "RogueMiracleType1": "GetItemOnNextExplore",
    "ParamList1": [
      13.0,
      1.0
    ],
    "RogueMiracleType2": "None",
    "ParamList2": []
  },
  "430074": {
    "ItemID": 430074,
    "RogueMiracleCost": [
      {
        "ItemID": 31,
        "ItemNum": 100
      }
    ],
    "RogueMiracleType1": "GetItemOnNextExplore",
    "ParamList1": [
      14.0,
      1.0
    ],
    "RogueMiracleType2": "None",
    "ParamList2": []
  },
  "430075": {
    "ItemID": 430075,
    "RogueMiracleCost": [
      {
        "ItemID": 31,
        "ItemNum": 100
      }
    ],
    "RogueMiracleType1": "GetItemOnNextExplore",
    "ParamList1": [
      15.0,
      1.0
    ],
    "RogueMiracleType2": "None",
    "ParamList2": []
  },
  "430076": {
    "ItemID": 430076,
    "RogueMiracleCost": [
      {
        "ItemID": 31,
        "ItemNum": 150
      }
    ],
    "RogueMiracleType1": "GetItemOnNextExplore",
    "ParamList1": [
      16.0,
      1.0
    ],
    "RogueMiracleType2": "None",
    "ParamList2": []
  },
  "430077": {
    "ItemID": 430077,
    "RogueMiracleCost": [
      {
        "ItemID": 31,
        "ItemNum": 100
      }
    ],
    "RogueMiracleType1": "GetItemOnNextExplore",
    "ParamList1": [
      17.0,
      1.0
    ],
    "RogueMiracleType2": "None",
    "ParamList2": []
  },
  "430078": {
    "ItemID": 430078,
    "RogueMiracleCost": [
      {
        "ItemID": 31,
        "ItemNum": 100
      }
    ],
    "RogueMiracleType1": "GetItemOnNextExplore",
    "ParamList1": [
      18.0,
      1.0
    ],
    "RogueMiracleType2": "None",
    "ParamList2": []
  },
  "430079": {
    "ItemID": 430079,
    "RogueMiracleCost": [
      {
        "ItemID": 31,
        "ItemNum": 100
      }
    ],
    "RogueMiracleType1": "GetItemOnNextExplore",
    "ParamList1": [
      12.0,
      1.0
    ],
    "RogueMiracleType2": "None",
    "ParamList2": []
  },
  "430080": {
    "ItemID": 430080,
    "RogueMiracleCost": [
      {
        "ItemID": 31,
        "ItemNum": 100
      }
    ],
    "RogueMiracleType1": "GetItemOnNextExplore",
    "ParamList1": [
      6.0,
      50.0
    ],
    "RogueMiracleType2": "None",
    "ParamList2": []
  },
  "430081": {
    "ItemID": 430081,
    "RogueMiracleCost": [
      {
        "ItemID": 31,
        "ItemNum": 100
      }
    ],
    "RogueMiracleType1": "GetItemOnNextExplore",
    "ParamList1": [
      6.0,
      100.0
    ],
    "RogueMiracleType2": "None",
    "ParamList2": []
  },
  "430082": {
    "ItemID": 430082,
    "RogueMiracleCost": [
      {
        "ItemID": 31,
        "ItemNum": 100
      }
    ],
    "RogueMiracleType1": "GetItemOnNextExplore",
    "ParamList1": [
      6.0,
      200.0
    ],
    "RogueMiracleType2": "None",
    "ParamList2": []
  },
  "430083": {
    "ItemID": 430083,
    "RogueMiracleCost": [
      {
        "ItemID": 31,
        "ItemNum": 100
      }
    ],
    "RogueMiracleType1": "ChangeItemNumAfterBattle",
    "ParamList1": [
      6.0,
      0.5
    ],
    "RogueMiracleType2": "None",
    "ParamList2": []
  },
  "430084": {
    "ItemID": 430084,
    "RogueMiracleCost": [
      {
        "ItemID": 31,
        "ItemNum": 100
      }
    ],
    "RogueMiracleType1": "GetItemAfterHitProp",
    "ParamList1": [
      31.0,
      10.0,
      100.0
    ],
    "RogueMiracleType2": "None",
    "ParamList2": []
  },
  "430085": {
    "ItemID": 430085,
    "RogueMiracleCost": [
      {
        "ItemID": 31,
        "ItemNum": 100
      }
    ],
    "RogueMiracleType1": "ChangeShopSlotNum",
    "ParamList1": [
      1.0
    ],
    "RogueMiracleType2": "None",
    "ParamList2": []
  },
  "430086": {
    "ItemID": 430086,
    "RogueMiracleCost": [
      {
        "ItemID": 31,
        "ItemNum": 100
      }
    ],
    "RogueMiracleType1": "ChangeShopCostRatioWithBuyCount",
    "ParamList1": [
      99.0,
      -0.3
    ],
    "RogueMiracleType2": "None",
    "ParamList2": []
  },
  "430087": {
    "ItemID": 430087,
    "RogueMiracleCost": [
      {
        "ItemID": 31,
        "ItemNum": 100
      }
    ],
    "RogueMiracleType1": "ChangeShopCostRatioWithBuyCount",
    "ParamList1": [
      1.0,
      -1.0
    ],
    "RogueMiracleType2": "None",
    "ParamList2": []
  },
  "430088": {
    "ItemID": 430088,
    "RogueMiracleCost": [
      {
        "ItemID": 31,
        "ItemNum": 100
      }
    ],
    "RogueMiracleType1": "GetItemByRatioOnNextRoom",
    "ParamList1": [
      31.0,
      0.3
    ],
    "RogueMiracleType2": "None",
    "ParamList2": []
  },
  "430089": {
    "ItemID": 430089,
    "RogueMiracleCost": [
      {
        "ItemID": 31,
        "ItemNum": 100
      }
    ],
    "RogueMiracleType1": "GetItemOnNextRoom",
    "ParamList1": [
      1.0,
      1.0
    ],
    "RogueMiracleType2": "None",
    "ParamList2": []
  },
  "430090": {
    "ItemID": 430090,
    "RogueMiracleCost": [
      {
        "ItemID": 31,
        "ItemNum": 100
      }
    ],
    "RogueMiracleType1": "SetSelectBuffRarityAfterBattle",
    "ParamList1": [
      2.0,
      3.0
    ],
    "RogueMiracleType2": "None",
    "ParamList2": []
  },
  "430091": {
    "ItemID": 430091,
    "RogueMiracleCost": [
      {
        "ItemID": 31,
        "ItemNum": 100
      }
    ],
    "RogueMiracleType1": "AddExtraBuffByRoomTag",
    "ParamList1": [
      7.0,
      631009.0
    ],
    "RogueMiracleType2": "None",
    "ParamList2": []
  },
  "430092": {
    "ItemID": 430092,
    "RogueMiracleCost": [
      {
        "ItemID": 31,
        "ItemNum": 100
      }
    ],
    "RogueMiracleType1": "ChangeAppraisalRatio",
    "ParamList1": [
      19.0,
      1.0,
      0.0
    ],
    "RogueMiracleType2": "None",
    "ParamList2": []
  },
  "430093": {
    "ItemID": 430093,
    "RogueMiracleCost": [
      {
        "ItemID": 31,
        "ItemNum": 100
      }
    ],
    "RogueMiracleType1": "ChangeSelectBuffWeightAfterBattle",
    "ParamList1": [
      1200.0,
      3.0
    ],
    "RogueMiracleType2": "None",
    "ParamList2": []
  },
  "430094": {
    "ItemID": 430094,
    "RogueMiracleCost": [
      {
        "ItemID": 31,
        "ItemNum": 100
      }
    ],
    "RogueMiracleType1": "ChangeSelectBuffWeightAfterBattle",
    "ParamList1": [
      1260.0,
      3.0
    ],
    "RogueMiracleType2": "None",
    "ParamList2": []
  },
  "430095": {
    "ItemID": 430095,
    "RogueMiracleCost": [
      {
        "ItemID": 31,
        "ItemNum": 100
      }
    ],
    "RogueMiracleType1": "ChangeSelectBuffWeightAfterBattle",
    "ParamList1": [
      1240.0,
      3.0
    ],
    "RogueMiracleType2": "None",
    "ParamList2": []
  },
  "430096": {
    "ItemID": 430096,
    "RogueMiracleCost": [
      {
        "ItemID": 31,
        "ItemNum": 100
      }
    ],
    "RogueMiracleType1": "ChangeSelectBuffWeightAfterBattle",
    "ParamList1": [
      1250.0,
      3.0
    ],
    "RogueMiracleType2": "None",
    "ParamList2": []
  },
  "430097": {
    "ItemID": 430097,
    "RogueMiracleCost": [
      {
        "ItemID": 31,
        "ItemNum": 100
      }
    ],
    "RogueMiracleType1": "ChangeSelectBuffWeightAfterBattle",
    "ParamList1": [
      1210.0,
      3.0
    ],
    "RogueMiracleType2": "None",
    "ParamList2": []
  },
  "430098": {
    "ItemID": 430098,
    "RogueMiracleCost": [
      {
        "ItemID": 31,
        "ItemNum": 100
      }
    ],
    "RogueMiracleType1": "ChangeSelectBuffWeightAfterBattle",
    "ParamList1": [
      1220.0,
      3.0
    ],
    "RogueMiracleType2": "None",
    "ParamList2": []
  },
  "430099": {
    "ItemID": 430099,
    "RogueMiracleCost": [
      {
        "ItemID": 31,
        "ItemNum": 100
      }
    ],
    "RogueMiracleType1": "ChangeSelectBuffWeightAfterBattle",
    "ParamList1": [
      1230.0,
      3.0
    ],
    "RogueMiracleType2": "None",
    "ParamList2": []
  },
  "430100": {
    "ItemID": 430100,
    "RogueMiracleCost": [
      {
        "ItemID": 31,
        "ItemNum": 100
      }
    ],
    "RogueMiracleType1": "GetItemByRatioImmediately",
    "ParamList1": [
      31.0,
      1.0
    ],
    "RogueMiracleType2": "ChangeItemNumAfterBattleAndChest",
    "ParamList2": [
      6.0,
      -10.0
    ]
  },
  "430101": {
    "ItemID": 430101,
    "RogueMiracleCost": [
      {
        "ItemID": 31,
        "ItemNum": 100
      }
    ],
    "RogueMiracleType1": "ChangeRollBuffCostRatio",
    "ParamList1": [
      -1.0
    ],
    "RogueMiracleType2": "ChangeSelectBuffNumAfterBattle",
    "ParamList2": [
      0.0,
      -1.0
    ]
  },
  "430102": {
    "ItemID": 430102,
    "RogueMiracleCost": [
      {
        "ItemID": 31,
        "ItemNum": 100
      }
    ],
    "RogueMiracleType1": "None",
    "ParamList1": [],
    "RogueMiracleType2": "None",
    "ParamList2": []
  },
  "430103": {
    "ItemID": 430103,
    "RogueMiracleCost": [
      {
        "ItemID": 31,
        "ItemNum": 100
      }
    ],
    "RogueMiracleType1": "None",
    "ParamList1": [],
    "RogueMiracleType2": "None",
    "ParamList2": []
  },
  "430104": {
    "ItemID": 430104,
    "RogueMiracleCost": [
      {
        "ItemID": 31,
        "ItemNum": 100
      }
    ],
    "RogueMiracleType1": "None",
    "ParamList1": [],
    "RogueMiracleType2": "None",
    "ParamList2": []
  },
  "430105": {
    "ItemID": 430105,
    "RogueMiracleCost": [
      {
        "ItemID": 31,
        "ItemNum": 100
      }
    ],
    "RogueMiracleType1": "None",
    "ParamList1": [],
    "RogueMiracleType2": "None",
    "ParamList2": []
  },
  "430106": {
    "ItemID": 430106,
    "RogueMiracleCost": [
      {
        "ItemID": 31,
        "ItemNum": 100
      }
    ],
    "RogueMiracleType1": "None",
    "ParamList1": [],
    "RogueMiracleType2": "None",
    "ParamList2": []
  },
  "430107": {
    "ItemID": 430107,
    "RogueMiracleCost": [
      {
        "ItemID": 31,
        "ItemNum": 100
      }
    ],
    "RogueMiracleType1": "None",
    "ParamList1": [],
    "RogueMiracleType2": "None",
    "ParamList2": []
  }
}