{
  "232": {
    "RogueGachaGoodsID": 232,
    "ItemID": 232,
    "ItemCount": 1,
    "SortID": 1
  },
  "233": {
    "RogueGachaGoodsID": 233,
    "ItemID": 233,
    "ItemCount": 2,
    "SortID": 1
  },
  "70002": {
    "RogueGachaGoodsID": 70002,
    "ItemID": 231,
    "ItemCount": 5,
    "SortID": 1
  },
  "70003": {
    "RogueGachaGoodsID": 70003,
    "ItemID": 232,
    "ItemCount": 1,
    "SortID": 1
  },
  "111001": {
    "RogueGachaGoodsID": 111001,
    "ItemID": 111001,
    "ItemCount": 9,
    "SortID": 4
  },
  "111002": {
    "RogueGachaGoodsID": 111002,
    "ItemID": 111002,
    "ItemCount": 4,
    "SortID": 3
  },
  "111003": {
    "RogueGachaGoodsID": 111003,
    "ItemID": 111003,
    "ItemCount": 1,
    "SortID": 2
  },
  "111011": {
    "RogueGachaGoodsID": 111011,
    "ItemID": 111011,
    "ItemCount": 9,
    "SortID": 4
  },
  "111012": {
    "RogueGachaGoodsID": 111012,
    "ItemID": 111012,
    "ItemCount": 4,
    "SortID": 3
  },
  "111013": {
    "RogueGachaGoodsID": 111013,
    "ItemID": 111013,
    "ItemCount": 1,
    "SortID": 2
  },
  "112001": {
    "RogueGachaGoodsID": 112001,
    "ItemID": 112001,
    "ItemCount": 9,
    "SortID": 4
  },
  "112002": {
    "RogueGachaGoodsID": 112002,
    "ItemID": 112002,
    "ItemCount": 4,
    "SortID": 3
  },
  "112003": {
    "RogueGachaGoodsID": 112003,
    "ItemID": 112003,
    "ItemCount": 1,
    "SortID": 2
  },
  "112011": {
    "RogueGachaGoodsID": 112011,
    "ItemID": 112011,
    "ItemCount": 9,
    "SortID": 4
  },
  "112012": {
    "RogueGachaGoodsID": 112012,
    "ItemID": 112012,
    "ItemCount": 4,
    "SortID": 3
  },
  "112013": {
    "RogueGachaGoodsID": 112013,
    "ItemID": 112013,
    "ItemCount": 1,
    "SortID": 2
  },
  "180001": {
    "RogueGachaGoodsID": 180001,
    "ItemID": 180001,
    "ItemCount": 10,
    "SortID": 6
  },
  "180002": {
    "RogueGachaGoodsID": 180002,
    "ItemID": 180002,
    "ItemCount": 10,
    "SortID": 6
  },
  "180003": {
    "RogueGachaGoodsID": 180003,
    "ItemID": 180003,
    "ItemCount": 10,
    "SortID": 6
  },
  "181001": {
    "RogueGachaGoodsID": 181001,
    "ItemID": 181001,
    "ItemCount": 10,
    "SortID": 5
  },
  "181002": {
    "RogueGachaGoodsID": 181002,
    "ItemID": 181002,
    "ItemCount": 10,
    "SortID": 5
  },
  "181003": {
    "RogueGachaGoodsID": 181003,
    "ItemID": 181003,
    "ItemCount": 10,
    "SortID": 5
  },
  "182001": {
    "RogueGachaGoodsID": 182001,
    "ItemID": 182001,
    "ItemCount": 6,
    "SortID": 4
  },
  "182002": {
    "RogueGachaGoodsID": 182002,
    "ItemID": 182002,
    "ItemCount": 6,
    "SortID": 4
  },
  "182003": {
    "RogueGachaGoodsID": 182003,
    "ItemID": 182003,
    "ItemCount": 6,
    "SortID": 4
  },
  "182004": {
    "RogueGachaGoodsID": 182004,
    "ItemID": 182004,
    "ItemCount": 6,
    "SortID": 4
  },
  "183001": {
    "RogueGachaGoodsID": 183001,
    "ItemID": 183001,
    "ItemCount": 4,
    "SortID": 3
  },
  "183002": {
    "RogueGachaGoodsID": 183002,
    "ItemID": 183002,
    "ItemCount": 4,
    "SortID": 3
  },
  "2233": {
    "RogueGachaGoodsID": 2233,
    "ItemID": 233,
    "ItemCount": 2,
    "SortID": 2
  },
  "2232": {
    "RogueGachaGoodsID": 2232,
    "ItemID": 232,
    "ItemCount": 1,
    "SortID": 2
  },
  "270002": {
    "RogueGachaGoodsID": 270002,
    "ItemID": 70002,
    "ItemCount": 1,
    "SortID": 2
  },
  "2111001": {
    "RogueGachaGoodsID": 2111001,
    "ItemID": 111001,
    "ItemCount": 12,
    "SortID": 2
  },
  "2111002": {
    "RogueGachaGoodsID": 2111002,
    "ItemID": 111002,
    "ItemCount": 5,
    "SortID": 2
  },
  "2111003": {
    "RogueGachaGoodsID": 2111003,
    "ItemID": 111003,
    "ItemCount": 1,
    "SortID": 2
  },
  "2111011": {
    "RogueGachaGoodsID": 2111011,
    "ItemID": 111011,
    "ItemCount": 12,
    "SortID": 2
  },
  "2111012": {
    "RogueGachaGoodsID": 2111012,
    "ItemID": 111012,
    "ItemCount": 5,
    "SortID": 2
  },
  "2111013": {
    "RogueGachaGoodsID": 2111013,
    "ItemID": 111013,
    "ItemCount": 1,
    "SortID": 2
  },
  "2112001": {
    "RogueGachaGoodsID": 2112001,
    "ItemID": 112001,
    "ItemCount": 12,
    "SortID": 2
  },
  "2112002": {
    "RogueGachaGoodsID": 2112002,
    "ItemID": 112002,
    "ItemCount": 5,
    "SortID": 2
  },
  "2112003": {
    "RogueGachaGoodsID": 2112003,
    "ItemID": 112003,
    "ItemCount": 1,
    "SortID": 2
  },
  "2112011": {
    "RogueGachaGoodsID": 2112011,
    "ItemID": 112011,
    "ItemCount": 12,
    "SortID": 2
  },
  "2112012": {
    "RogueGachaGoodsID": 2112012,
    "ItemID": 112012,
    "ItemCount": 5,
    "SortID": 2
  },
  "2112013": {
    "RogueGachaGoodsID": 2112013,
    "ItemID": 112013,
    "ItemCount": 1,
    "SortID": 2
  }
}