{
  "1002": {
    "RogueRoomType": 1002,
    "RogueRoomTypeTextmapID": {
      "hash": 1722527473
    },
    "RogueRoomTypeIcon": "SpriteOutput/Rogue/Map/RogueFoeIcon.png",
    "MapShowType": true,
    "IsSuper": true
  },
  "1003": {
    "RogueRoomType": 1003,
    "RogueRoomTypeTextmapID": {
      "hash": 156443532
    },
    "RogueRoomTypeIcon": "SpriteOutput/Rogue/Map/RogueFoeIcon.png",
    "MapShowType": true,
    "IsSuper": true
  },
  "1004": {
    "RogueRoomType": 1004,
    "RogueRoomTypeTextmapID": {
      "hash": 559728059
    },
    "RogueRoomTypeIcon": "SpriteOutput/Rogue/Map/RogueFoeIcon.png",
    "MapShowType": true,
    "IsSuper": true
  },
  "1005": {
    "RogueRoomType": 1005,
    "RogueRoomTypeTextmapID": {
      "hash": -1006355882
    },
    "RogueRoomTypeIcon": "SpriteOutput/Rogue/Map/RogueBossIcon.png",
    "MapShowType": true,
    "IsSuper": true
  },
  "1006": {
    "RogueRoomType": 1006,
    "RogueRoomTypeTextmapID": {
      "hash": -603071355
    },
    "RogueRoomTypeIcon": "SpriteOutput/Rogue/Map/RogueShopIcon.png",
    "MapShowType": true,
    "IsSuper": false
  }
}