{
  "1": {
    "RogueMonsterDisplayGroupID": 1,
    "RogueMonsterDisplayGroupTitleTextmapID": {
      "hash": -273293775
    },
    "RogueMonsterGroupList": [
      23,
      14
    ]
  },
  "2": {
    "RogueMonsterDisplayGroupID": 2,
    "RogueMonsterDisplayGroupTitleTextmapID": {
      "hash": -676578302
    },
    "RogueMonsterGroupList": [
      141,
      142,
      143,
      144
    ]
  },
  "3": {
    "RogueMonsterDisplayGroupID": 3,
    "RogueMonsterDisplayGroupTitleTextmapID": {
      "hash": 889505639
    },
    "RogueMonsterGroupList": [
      182,
      151,
      152,
      153
    ]
  },
  "4": {
    "RogueMonsterDisplayGroupID": 4,
    "RogueMonsterDisplayGroupTitleTextmapID": {
      "hash": 129990752
    },
    "RogueMonsterGroupList": [
      11,
      12,
      13,
      14
    ]
  },
  "5": {
    "RogueMonsterDisplayGroupID": 5,
    "RogueMonsterDisplayGroupTitleTextmapID": {
      "hash": 1696074693
    },
    "RogueMonsterGroupList": [
      282,
      251,
      252,
      253
    ]
  }
}