{
  "1": {
    "ScoreID": 1,
    "ScoreParamType": "Turn",
    "ScoreParam": 15.0,
    "Score": 20000,
    "ChallengeScoreTextmapID": {
      "hash": 1919290497
    }
  },
  "2": {
    "ScoreID": 2,
    "ScoreParamType": "Turn",
    "ScoreParam": 20.0,
    "Score": 16000,
    "ChallengeScoreTextmapID": {
      "hash": 1919290498
    }
  },
  "3": {
    "ScoreID": 3,
    "ScoreParamType": "Turn",
    "ScoreParam": 25.0,
    "Score": 12000,
    "ChallengeScoreTextmapID": {
      "hash": 1919290499
    }
  },
  "4": {
    "ScoreID": 4,
    "ScoreParamType": "Turn",
    "ScoreParam": 30.0,
    "Score": 8000,
    "ChallengeScoreTextmapID": {
      "hash": 1919290492
    }
  },
  "5": {
    "ScoreID": 5,
    "ScoreParamType": "Turn",
    "ScoreParam": 40.0,
    "Score": 4000,
    "ChallengeScoreTextmapID": {
      "hash": 1919290493
    }
  },
  "6": {
    "ScoreID": 6,
    "ScoreParamType": "Damage",
    "ScoreParam": 0.01,
    "Score": 500,
    "ChallengeScoreTextmapID": {
      "hash": 1919290494
    }
  },
  "10": {
    "ScoreID": 10,
    "ScoreParamType": "Buff",
    "ScoreParam": 640101.0,
    "Score": 0,
    "ChallengeScoreTextmapID": {
      "hash": 1688446737
    }
  },
  "11": {
    "ScoreID": 11,
    "ScoreParamType": "Buff",
    "ScoreParam": 640102.0,
    "Score": 0,
    "ChallengeScoreTextmapID": {
      "hash": -1040436618
    }
  },
  "12": {
    "ScoreID": 12,
    "ScoreParamType": "Buff",
    "ScoreParam": 640103.0,
    "Score": 0,
    "ChallengeScoreTextmapID": {
      "hash": 525647323
    }
  },
  "13": {
    "ScoreID": 13,
    "ScoreParamType": "Buff",
    "ScoreParam": 640201.0,
    "Score": 0,
    "ChallengeScoreTextmapID": {
      "hash": 2091731264
    }
  },
  "14": {
    "ScoreID": 14,
    "ScoreParamType": "Buff",
    "ScoreParam": 640202.0,
    "Score": 0,
    "ChallengeScoreTextmapID": {
      "hash": -280921731
    }
  },
  "15": {
    "ScoreID": 15,
    "ScoreParamType": "Buff",
    "ScoreParam": 640203.0,
    "Score": 0,
    "ChallengeScoreTextmapID": {
      "hash": 1285162210
    }
  }
}