{
  "1031101": {
    "SpecialAvatarID": 1031101,
    "PlayerID": 1101,
    "AvatarID": 1101,
    "Type": "TYPE_FAKE",
    "LevelAreaPrefab": "",
    "AnchorName": "",
    "Level": 1,
    "Promotion": 0,
    "Rank": 0,
    "OverrideProperty": [
      {
        "PropertyType": "MaxHP",
        "Value": {
          "RawValue": 257698037760000
        }
      },
      {
        "PropertyType": "Attack",
        "Value": {
          "RawValue": 4294967296000
        }
      },
      {
        "PropertyType": "Defence",
        "Value": {
          "RawValue": 4294967296000
        }
      },
      {
        "PropertyType": "Speed",
        "Value": {
          "RawValue": 644245094400
        }
      },
      {
        "PropertyType": "CriticalChance",
        "Value": {
          "RawValue": 343597383680
        }
      },
      {
        "PropertyType": "CriticalDamage",
        "Value": {
          "RawValue": 1073741824000
        }
      }
    ],
    "HaveActionDelay": true,
    "SkillTreeTemplate": "TYPE_MAX",
    "EquipmentID": 20005,
    "EquipmentLevel": 5,
    "EquipmentPromotion": 0,
    "EquipmentRank": 1,
    "RelicPropertyType": 0,
    "IsAutoBattle": false,
    "DisableSwitch": false,
    "HasJoinHint": false,
    "MainMissionID": 0,
    "PlaneID": 0,
    "IsProtected": false,
    "AbilityNameList": []
  },
  "1031102": {
    "SpecialAvatarID": 1031102,
    "PlayerID": 1102,
    "AvatarID": 1102,
    "Type": "TYPE_FAKE",
    "LevelAreaPrefab": "",
    "AnchorName": "",
    "Level": 1,
    "Promotion": 0,
    "Rank": 0,
    "OverrideProperty": [
      {
        "PropertyType": "MaxHP",
        "Value": {
          "RawValue": 257698037760000
        }
      },
      {
        "PropertyType": "Attack",
        "Value": {
          "RawValue": 4294967296000
        }
      },
      {
        "PropertyType": "Defence",
        "Value": {
          "RawValue": 4294967296000
        }
      },
      {
        "PropertyType": "Speed",
        "Value": {
          "RawValue": 644245094400
        }
      },
      {
        "PropertyType": "CriticalChance",
        "Value": {
          "RawValue": 343597383680
        }
      },
      {
        "PropertyType": "CriticalDamage",
        "Value": {
          "RawValue": 1073741824000
        }
      }
    ],
    "HaveActionDelay": true,
    "SkillTreeTemplate": "TYPE_MAX",
    "EquipmentID": 20005,
    "EquipmentLevel": 5,
    "EquipmentPromotion": 0,
    "EquipmentRank": 1,
    "RelicPropertyType": 0,
    "IsAutoBattle": false,
    "DisableSwitch": false,
    "HasJoinHint": false,
    "MainMissionID": 0,
    "PlaneID": 0,
    "IsProtected": false,
    "AbilityNameList": []
  },
  "1039070": {
    "SpecialAvatarID": 1039070,
    "PlayerID": 9070,
    "AvatarID": 9070,
    "Type": "TYPE_FAKE",
    "LevelAreaPrefab": "Level/BattleArea/Test_BattleArea_3_3_3.prefab",
    "AnchorName": "AnchorColossus",
    "Level": 35,
    "Promotion": 1,
    "Rank": 0,
    "OverrideProperty": [],
    "HaveActionDelay": false,
    "SkillTreeTemplate": "TYPE_INIT",
    "EquipmentID": 0,
    "EquipmentLevel": 0,
    "EquipmentPromotion": 0,
    "EquipmentRank": 0,
    "RelicPropertyType": 0,
    "IsAutoBattle": false,
    "DisableSwitch": false,
    "HasJoinHint": false,
    "MainMissionID": 0,
    "PlaneID": 0,
    "IsProtected": false,
    "AbilityNameList": [
      "Avatar_Colossus_00_PassiveSkill02"
    ]
  },
  "103907001": {
    "SpecialAvatarID": 103907001,
    "PlayerID": 9070,
    "AvatarID": 9070,
    "Type": "TYPE_FAKE",
    "LevelAreaPrefab": "Level/BattleArea/Test_BattleArea_3_3_3.prefab",
    "AnchorName": "AnchorColossus",
    "Level": 38,
    "Promotion": 1,
    "Rank": 0,
    "OverrideProperty": [],
    "HaveActionDelay": false,
    "SkillTreeTemplate": "TYPE_INIT",
    "EquipmentID": 0,
    "EquipmentLevel": 0,
    "EquipmentPromotion": 0,
    "EquipmentRank": 0,
    "RelicPropertyType": 0,
    "IsAutoBattle": false,
    "DisableSwitch": false,
    "HasJoinHint": false,
    "MainMissionID": 0,
    "PlaneID": 0,
    "IsProtected": false,
    "AbilityNameList": []
  },
  "103907002": {
    "SpecialAvatarID": 103907002,
    "PlayerID": 9070,
    "AvatarID": 9070,
    "Type": "TYPE_FAKE",
    "LevelAreaPrefab": "Level/BattleArea/Test_BattleArea_3_3_3.prefab",
    "AnchorName": "AnchorColossus",
    "Level": 58,
    "Promotion": 3,
    "Rank": 0,
    "OverrideProperty": [],
    "HaveActionDelay": false,
    "SkillTreeTemplate": "TYPE_INIT",
    "EquipmentID": 0,
    "EquipmentLevel": 0,
    "EquipmentPromotion": 0,
    "EquipmentRank": 0,
    "RelicPropertyType": 0,
    "IsAutoBattle": false,
    "DisableSwitch": false,
    "HasJoinHint": false,
    "MainMissionID": 0,
    "PlaneID": 0,
    "IsProtected": false,
    "AbilityNameList": []
  },
  "103907003": {
    "SpecialAvatarID": 103907003,
    "PlayerID": 9070,
    "AvatarID": 9070,
    "Type": "TYPE_FAKE",
    "LevelAreaPrefab": "Level/BattleArea/Test_BattleArea_3_3_3.prefab",
    "AnchorName": "AnchorColossus",
    "Level": 78,
    "Promotion": 5,
    "Rank": 0,
    "OverrideProperty": [],
    "HaveActionDelay": false,
    "SkillTreeTemplate": "TYPE_INIT",
    "EquipmentID": 0,
    "EquipmentLevel": 0,
    "EquipmentPromotion": 0,
    "EquipmentRank": 0,
    "RelicPropertyType": 0,
    "IsAutoBattle": false,
    "DisableSwitch": false,
    "HasJoinHint": false,
    "MainMissionID": 0,
    "PlaneID": 0,
    "IsProtected": false,
    "AbilityNameList": []
  },
  "1039075": {
    "SpecialAvatarID": 1039075,
    "PlayerID": 9075,
    "AvatarID": 9075,
    "Type": "TYPE_FAKE",
    "LevelAreaPrefab": "Level/BattleArea/Test_BattleArea_3_3_3.prefab",
    "AnchorName": "AnchorColossus",
    "Level": 35,
    "Promotion": 1,
    "Rank": 0,
    "OverrideProperty": [],
    "HaveActionDelay": false,
    "SkillTreeTemplate": "TYPE_INIT",
    "EquipmentID": 0,
    "EquipmentLevel": 0,
    "EquipmentPromotion": 0,
    "EquipmentRank": 0,
    "RelicPropertyType": 0,
    "IsAutoBattle": false,
    "DisableSwitch": false,
    "HasJoinHint": false,
    "MainMissionID": 0,
    "PlaneID": 0,
    "IsProtected": false,
    "AbilityNameList": []
  },
  "1001101": {
    "SpecialAvatarID": 1001101,
    "PlayerID": 1101,
    "AvatarID": 1101,
    "Type": "TYPE_TRIAL",
    "LevelAreaPrefab": "",
    "AnchorName": "",
    "Level": 5,
    "Promotion": 0,
    "Rank": 0,
    "OverrideProperty": [],
    "HaveActionDelay": true,
    "SkillTreeTemplate": "TYPE_MAX",
    "EquipmentID": 20005,
    "EquipmentLevel": 5,
    "EquipmentPromotion": 0,
    "EquipmentRank": 1,
    "RelicPropertyType": 0,
    "IsAutoBattle": false,
    "DisableSwitch": false,
    "HasJoinHint": true,
    "MainMissionID": 0,
    "PlaneID": 0,
    "IsProtected": false,
    "AbilityNameList": []
  },
  "1001102": {
    "SpecialAvatarID": 1001102,
    "PlayerID": 1102,
    "AvatarID": 1102,
    "Type": "TYPE_TRIAL",
    "LevelAreaPrefab": "",
    "AnchorName": "",
    "Level": 5,
    "Promotion": 0,
    "Rank": 0,
    "OverrideProperty": [],
    "HaveActionDelay": true,
    "SkillTreeTemplate": "TYPE_INIT",
    "EquipmentID": 20000,
    "EquipmentLevel": 5,
    "EquipmentPromotion": 0,
    "EquipmentRank": 1,
    "RelicPropertyType": 0,
    "IsAutoBattle": true,
    "DisableSwitch": true,
    "HasJoinHint": true,
    "MainMissionID": 0,
    "PlaneID": 0,
    "IsProtected": true,
    "AbilityNameList": []
  },
  "1001104": {
    "SpecialAvatarID": 1001104,
    "PlayerID": 1104,
    "AvatarID": 1104,
    "Type": "TYPE_TRIAL",
    "LevelAreaPrefab": "",
    "AnchorName": "",
    "Level": 5,
    "Promotion": 0,
    "Rank": 0,
    "OverrideProperty": [],
    "HaveActionDelay": true,
    "SkillTreeTemplate": "TYPE_INIT",
    "EquipmentID": 20003,
    "EquipmentLevel": 5,
    "EquipmentPromotion": 0,
    "EquipmentRank": 1,
    "RelicPropertyType": 0,
    "IsAutoBattle": true,
    "DisableSwitch": true,
    "HasJoinHint": true,
    "MainMissionID": 0,
    "PlaneID": 0,
    "IsProtected": true,
    "AbilityNameList": []
  },
  "1001105": {
    "SpecialAvatarID": 1001105,
    "PlayerID": 1105,
    "AvatarID": 1105,
    "Type": "TYPE_TRIAL",
    "LevelAreaPrefab": "",
    "AnchorName": "",
    "Level": 5,
    "Promotion": 0,
    "Rank": 0,
    "OverrideProperty": [],
    "HaveActionDelay": true,
    "SkillTreeTemplate": "TYPE_INIT",
    "EquipmentID": 20001,
    "EquipmentLevel": 5,
    "EquipmentPromotion": 0,
    "EquipmentRank": 1,
    "RelicPropertyType": 0,
    "IsAutoBattle": true,
    "DisableSwitch": true,
    "HasJoinHint": true,
    "MainMissionID": 0,
    "PlaneID": 0,
    "IsProtected": true,
    "AbilityNameList": []
  },
  "1001003": {
    "SpecialAvatarID": 1001003,
    "PlayerID": 1003,
    "AvatarID": 1003,
    "Type": "TYPE_TRIAL",
    "LevelAreaPrefab": "",
    "AnchorName": "",
    "Level": 5,
    "Promotion": 0,
    "Rank": 0,
    "OverrideProperty": [],
    "HaveActionDelay": true,
    "SkillTreeTemplate": "TYPE_INIT",
    "EquipmentID": 20006,
    "EquipmentLevel": 5,
    "EquipmentPromotion": 0,
    "EquipmentRank": 1,
    "RelicPropertyType": 0,
    "IsAutoBattle": true,
    "DisableSwitch": true,
    "HasJoinHint": true,
    "MainMissionID": 0,
    "PlaneID": 0,
    "IsProtected": true,
    "AbilityNameList": []
  },
  "1001002": {
    "SpecialAvatarID": 1001002,
    "PlayerID": 1002,
    "AvatarID": 1002,
    "Type": "TYPE_TRIAL",
    "LevelAreaPrefab": "",
    "AnchorName": "",
    "Level": 5,
    "Promotion": 0,
    "Rank": 0,
    "OverrideProperty": [],
    "HaveActionDelay": true,
    "SkillTreeTemplate": "TYPE_INIT",
    "EquipmentID": 20000,
    "EquipmentLevel": 5,
    "EquipmentPromotion": 0,
    "EquipmentRank": 1,
    "RelicPropertyType": 0,
    "IsAutoBattle": true,
    "DisableSwitch": true,
    "HasJoinHint": true,
    "MainMissionID": 0,
    "PlaneID": 0,
    "IsProtected": true,
    "AbilityNameList": []
  },
  "1001004": {
    "SpecialAvatarID": 1001004,
    "PlayerID": 1004,
    "AvatarID": 1004,
    "Type": "TYPE_TRIAL",
    "LevelAreaPrefab": "",
    "AnchorName": "",
    "Level": 5,
    "Promotion": 0,
    "Rank": 0,
    "OverrideProperty": [],
    "HaveActionDelay": true,
    "SkillTreeTemplate": "TYPE_INIT",
    "EquipmentID": 0,
    "EquipmentLevel": 5,
    "EquipmentPromotion": 0,
    "EquipmentRank": 1,
    "RelicPropertyType": 0,
    "IsAutoBattle": true,
    "DisableSwitch": true,
    "HasJoinHint": true,
    "MainMissionID": 0,
    "PlaneID": 0,
    "IsProtected": true,
    "AbilityNameList": []
  },
  "1001007": {
    "SpecialAvatarID": 1001007,
    "PlayerID": 8001,
    "AvatarID": 8001,
    "Type": "TYPE_TRIAL",
    "LevelAreaPrefab": "",
    "AnchorName": "",
    "Level": 5,
    "Promotion": 0,
    "Rank": 0,
    "OverrideProperty": [],
    "HaveActionDelay": true,
    "SkillTreeTemplate": "TYPE_MAX",
    "EquipmentID": 0,
    "EquipmentLevel": 5,
    "EquipmentPromotion": 0,
    "EquipmentRank": 1,
    "RelicPropertyType": 0,
    "IsAutoBattle": false,
    "DisableSwitch": false,
    "HasJoinHint": true,
    "MainMissionID": 0,
    "PlaneID": 0,
    "IsProtected": false,
    "AbilityNameList": []
  },
  "1001106": {
    "SpecialAvatarID": 1001106,
    "PlayerID": 1106,
    "AvatarID": 1106,
    "Type": "TYPE_TRIAL",
    "LevelAreaPrefab": "",
    "AnchorName": "",
    "Level": 5,
    "Promotion": 0,
    "Rank": 0,
    "OverrideProperty": [],
    "HaveActionDelay": true,
    "SkillTreeTemplate": "TYPE_MAX",
    "EquipmentID": 0,
    "EquipmentLevel": 5,
    "EquipmentPromotion": 0,
    "EquipmentRank": 0,
    "RelicPropertyType": 0,
    "IsAutoBattle": false,
    "DisableSwitch": false,
    "HasJoinHint": true,
    "MainMissionID": 0,
    "PlaneID": 0,
    "IsProtected": false,
    "AbilityNameList": []
  },
  "1001108": {
    "SpecialAvatarID": 1001108,
    "PlayerID": 1108,
    "AvatarID": 1108,
    "Type": "TYPE_TRIAL",
    "LevelAreaPrefab": "",
    "AnchorName": "",
    "Level": 5,
    "Promotion": 0,
    "Rank": 0,
    "OverrideProperty": [],
    "HaveActionDelay": true,
    "SkillTreeTemplate": "TYPE_MAX",
    "EquipmentID": 0,
    "EquipmentLevel": 5,
    "EquipmentPromotion": 0,
    "EquipmentRank": 1,
    "RelicPropertyType": 0,
    "IsAutoBattle": false,
    "DisableSwitch": false,
    "HasJoinHint": true,
    "MainMissionID": 0,
    "PlaneID": 0,
    "IsProtected": false,
    "AbilityNameList": []
  },
  "1001109": {
    "SpecialAvatarID": 1001109,
    "PlayerID": 1109,
    "AvatarID": 1109,
    "Type": "TYPE_TRIAL",
    "LevelAreaPrefab": "",
    "AnchorName": "",
    "Level": 6,
    "Promotion": 0,
    "Rank": 0,
    "OverrideProperty": [],
    "HaveActionDelay": true,
    "SkillTreeTemplate": "TYPE_INIT",
    "EquipmentID": 20002,
    "EquipmentLevel": 5,
    "EquipmentPromotion": 0,
    "EquipmentRank": 1,
    "RelicPropertyType": 1,
    "IsAutoBattle": true,
    "DisableSwitch": true,
    "HasJoinHint": true,
    "MainMissionID": 0,
    "PlaneID": 0,
    "IsProtected": true,
    "AbilityNameList": [
      "TrialPlayer_AggroUP_Ability",
      "TrialPlayer_NoBP_Ability"
    ]
  },
  "1001001": {
    "SpecialAvatarID": 1001001,
    "PlayerID": 1001,
    "AvatarID": 1001,
    "Type": "TYPE_TRIAL",
    "LevelAreaPrefab": "",
    "AnchorName": "",
    "Level": 5,
    "Promotion": 0,
    "Rank": 0,
    "OverrideProperty": [],
    "HaveActionDelay": true,
    "SkillTreeTemplate": "TYPE_MAX",
    "EquipmentID": 0,
    "EquipmentLevel": 5,
    "EquipmentPromotion": 0,
    "EquipmentRank": 1,
    "RelicPropertyType": 0,
    "IsAutoBattle": false,
    "DisableSwitch": false,
    "HasJoinHint": true,
    "MainMissionID": 0,
    "PlaneID": 0,
    "IsProtected": false,
    "AbilityNameList": []
  },
  "1001009": {
    "SpecialAvatarID": 1001009,
    "PlayerID": 1009,
    "AvatarID": 1009,
    "Type": "TYPE_TRIAL",
    "LevelAreaPrefab": "",
    "AnchorName": "",
    "Level": 5,
    "Promotion": 0,
    "Rank": 0,
    "OverrideProperty": [],
    "HaveActionDelay": true,
    "SkillTreeTemplate": "TYPE_MAX",
    "EquipmentID": 0,
    "EquipmentLevel": 5,
    "EquipmentPromotion": 0,
    "EquipmentRank": 1,
    "RelicPropertyType": 0,
    "IsAutoBattle": false,
    "DisableSwitch": false,
    "HasJoinHint": false,
    "MainMissionID": 0,
    "PlaneID": 0,
    "IsProtected": false,
    "AbilityNameList": []
  },
  "1001103": {
    "SpecialAvatarID": 1001103,
    "PlayerID": 1103,
    "AvatarID": 1103,
    "Type": "TYPE_TRIAL",
    "LevelAreaPrefab": "",
    "AnchorName": "",
    "Level": 28,
    "Promotion": 1,
    "Rank": 0,
    "OverrideProperty": [],
    "HaveActionDelay": true,
    "SkillTreeTemplate": "TYPE_MAX",
    "EquipmentID": 23000,
    "EquipmentLevel": 28,
    "EquipmentPromotion": 1,
    "EquipmentRank": 1,
    "RelicPropertyType": 0,
    "IsAutoBattle": false,
    "DisableSwitch": true,
    "HasJoinHint": true,
    "MainMissionID": 0,
    "PlaneID": 0,
    "IsProtected": true,
    "AbilityNameList": []
  },
  "1001005": {
    "SpecialAvatarID": 1001005,
    "PlayerID": 1005,
    "AvatarID": 1005,
    "Type": "TYPE_TRIAL",
    "LevelAreaPrefab": "",
    "AnchorName": "",
    "Level": 15,
    "Promotion": 0,
    "Rank": 0,
    "OverrideProperty": [],
    "HaveActionDelay": true,
    "SkillTreeTemplate": "TYPE_INIT",
    "EquipmentID": 0,
    "EquipmentLevel": 0,
    "EquipmentPromotion": 0,
    "EquipmentRank": 1,
    "RelicPropertyType": 0,
    "IsAutoBattle": false,
    "DisableSwitch": false,
    "HasJoinHint": false,
    "MainMissionID": 0,
    "PlaneID": 0,
    "IsProtected": false,
    "AbilityNameList": [
      "TrialPlayer_SpeedUp_Ability"
    ]
  },
  "1001006": {
    "SpecialAvatarID": 1001006,
    "PlayerID": 1006,
    "AvatarID": 1006,
    "Type": "TYPE_TRIAL",
    "LevelAreaPrefab": "",
    "AnchorName": "",
    "Level": 20,
    "Promotion": 0,
    "Rank": 6,
    "OverrideProperty": [],
    "HaveActionDelay": true,
    "SkillTreeTemplate": "TYPE_INIT",
    "EquipmentID": 0,
    "EquipmentLevel": 0,
    "EquipmentPromotion": 0,
    "EquipmentRank": 1,
    "RelicPropertyType": 0,
    "IsAutoBattle": false,
    "DisableSwitch": false,
    "HasJoinHint": true,
    "MainMissionID": 0,
    "PlaneID": 0,
    "IsProtected": false,
    "AbilityNameList": []
  },
  "1011003": {
    "SpecialAvatarID": 1011003,
    "PlayerID": 1003,
    "AvatarID": 1003,
    "Type": "TYPE_TRIAL",
    "LevelAreaPrefab": "",
    "AnchorName": "",
    "Level": 7,
    "Promotion": 0,
    "Rank": 4,
    "OverrideProperty": [],
    "HaveActionDelay": true,
    "SkillTreeTemplate": "TYPE_INIT",
    "EquipmentID": 20006,
    "EquipmentLevel": 1,
    "EquipmentPromotion": 0,
    "EquipmentRank": 1,
    "RelicPropertyType": 0,
    "IsAutoBattle": false,
    "DisableSwitch": false,
    "HasJoinHint": true,
    "MainMissionID": 0,
    "PlaneID": 0,
    "IsProtected": false,
    "AbilityNameList": []
  },
  "1011013": {
    "SpecialAvatarID": 1011013,
    "PlayerID": 1013,
    "AvatarID": 1013,
    "Type": "TYPE_TRIAL",
    "LevelAreaPrefab": "",
    "AnchorName": "",
    "Level": 4,
    "Promotion": 0,
    "Rank": 0,
    "OverrideProperty": [],
    "HaveActionDelay": true,
    "SkillTreeTemplate": "TYPE_INIT",
    "EquipmentID": 20006,
    "EquipmentLevel": 1,
    "EquipmentPromotion": 0,
    "EquipmentRank": 1,
    "RelicPropertyType": 0,
    "IsAutoBattle": false,
    "DisableSwitch": false,
    "HasJoinHint": true,
    "MainMissionID": 0,
    "PlaneID": 0,
    "IsProtected": false,
    "AbilityNameList": []
  },
  "2001002": {
    "SpecialAvatarID": 2001002,
    "PlayerID": 1002,
    "AvatarID": 1002,
    "Type": "TYPE_TRIAL",
    "LevelAreaPrefab": "",
    "AnchorName": "",
    "Level": 5,
    "Promotion": 0,
    "Rank": 0,
    "OverrideProperty": [],
    "HaveActionDelay": true,
    "SkillTreeTemplate": "TYPE_INIT",
    "EquipmentID": 20000,
    "EquipmentLevel": 5,
    "EquipmentPromotion": 0,
    "EquipmentRank": 1,
    "RelicPropertyType": 0,
    "IsAutoBattle": true,
    "DisableSwitch": true,
    "HasJoinHint": true,
    "MainMissionID": 0,
    "PlaneID": 0,
    "IsProtected": true,
    "AbilityNameList": []
  },
  "2001101": {
    "SpecialAvatarID": 2001101,
    "PlayerID": 1101,
    "AvatarID": 1101,
    "Type": "TYPE_TRIAL",
    "LevelAreaPrefab": "",
    "AnchorName": "",
    "Level": 5,
    "Promotion": 0,
    "Rank": 0,
    "OverrideProperty": [],
    "HaveActionDelay": true,
    "SkillTreeTemplate": "TYPE_INIT",
    "EquipmentID": 20005,
    "EquipmentLevel": 5,
    "EquipmentPromotion": 0,
    "EquipmentRank": 1,
    "RelicPropertyType": 0,
    "IsAutoBattle": false,
    "DisableSwitch": false,
    "HasJoinHint": true,
    "MainMissionID": 0,
    "PlaneID": 0,
    "IsProtected": false,
    "AbilityNameList": []
  },
  "2001003": {
    "SpecialAvatarID": 2001003,
    "PlayerID": 1003,
    "AvatarID": 1003,
    "Type": "TYPE_TRIAL",
    "LevelAreaPrefab": "",
    "AnchorName": "",
    "Level": 5,
    "Promotion": 0,
    "Rank": 0,
    "OverrideProperty": [],
    "HaveActionDelay": true,
    "SkillTreeTemplate": "TYPE_INIT",
    "EquipmentID": 20006,
    "EquipmentLevel": 1,
    "EquipmentPromotion": 0,
    "EquipmentRank": 1,
    "RelicPropertyType": 0,
    "IsAutoBattle": false,
    "DisableSwitch": false,
    "HasJoinHint": true,
    "MainMissionID": 0,
    "PlaneID": 0,
    "IsProtected": false,
    "AbilityNameList": []
  },
  "2001001": {
    "SpecialAvatarID": 2001001,
    "PlayerID": 1001,
    "AvatarID": 1001,
    "Type": "TYPE_TRIAL",
    "LevelAreaPrefab": "",
    "AnchorName": "",
    "Level": 5,
    "Promotion": 0,
    "Rank": 0,
    "OverrideProperty": [],
    "HaveActionDelay": true,
    "SkillTreeTemplate": "TYPE_INIT",
    "EquipmentID": 20006,
    "EquipmentLevel": 5,
    "EquipmentPromotion": 0,
    "EquipmentRank": 1,
    "RelicPropertyType": 0,
    "IsAutoBattle": false,
    "DisableSwitch": false,
    "HasJoinHint": true,
    "MainMissionID": 0,
    "PlaneID": 0,
    "IsProtected": false,
    "AbilityNameList": []
  },
  "2001009": {
    "SpecialAvatarID": 2001009,
    "PlayerID": 1009,
    "AvatarID": 1009,
    "Type": "TYPE_TRIAL",
    "LevelAreaPrefab": "",
    "AnchorName": "",
    "Level": 5,
    "Promotion": 0,
    "Rank": 0,
    "OverrideProperty": [],
    "HaveActionDelay": true,
    "SkillTreeTemplate": "TYPE_INIT",
    "EquipmentID": 20006,
    "EquipmentLevel": 5,
    "EquipmentPromotion": 0,
    "EquipmentRank": 1,
    "RelicPropertyType": 0,
    "IsAutoBattle": false,
    "DisableSwitch": false,
    "HasJoinHint": true,
    "MainMissionID": 0,
    "PlaneID": 0,
    "IsProtected": false,
    "AbilityNameList": []
  },
  "1008003": {
    "SpecialAvatarID": 1008003,
    "PlayerID": 8003,
    "AvatarID": 8003,
    "Type": "TYPE_TRIAL",
    "LevelAreaPrefab": "",
    "AnchorName": "",
    "Level": 38,
    "Promotion": 1,
    "Rank": 4,
    "OverrideProperty": [],
    "HaveActionDelay": true,
    "SkillTreeTemplate": "TYPE_MAX",
    "EquipmentID": 20003,
    "EquipmentLevel": 38,
    "EquipmentPromotion": 1,
    "EquipmentRank": 5,
    "RelicPropertyType": 410300,
    "IsAutoBattle": false,
    "DisableSwitch": false,
    "HasJoinHint": false,
    "MainMissionID": 0,
    "PlaneID": 0,
    "IsProtected": false,
    "AbilityNameList": []
  },
  "1008004": {
    "SpecialAvatarID": 1008004,
    "PlayerID": 8004,
    "AvatarID": 8004,
    "Type": "TYPE_TRIAL",
    "LevelAreaPrefab": "",
    "AnchorName": "",
    "Level": 38,
    "Promotion": 1,
    "Rank": 4,
    "OverrideProperty": [],
    "HaveActionDelay": true,
    "SkillTreeTemplate": "TYPE_MAX",
    "EquipmentID": 20003,
    "EquipmentLevel": 38,
    "EquipmentPromotion": 1,
    "EquipmentRank": 5,
    "RelicPropertyType": 410300,
    "IsAutoBattle": false,
    "DisableSwitch": false,
    "HasJoinHint": false,
    "MainMissionID": 0,
    "PlaneID": 0,
    "IsProtected": false,
    "AbilityNameList": []
  },
  "3011001": {
    "SpecialAvatarID": 3011001,
    "PlayerID": 1001,
    "AvatarID": 1001,
    "Type": "TYPE_TRIAL",
    "LevelAreaPrefab": "",
    "AnchorName": "",
    "Level": 40,
    "Promotion": 1,
    "Rank": 0,
    "OverrideProperty": [],
    "HaveActionDelay": true,
    "SkillTreeTemplate": "TYPE_MAX",
    "EquipmentID": 21002,
    "EquipmentLevel": 40,
    "EquipmentPromotion": 1,
    "EquipmentRank": 1,
    "RelicPropertyType": 410300,
    "IsAutoBattle": false,
    "DisableSwitch": false,
    "HasJoinHint": false,
    "MainMissionID": 0,
    "PlaneID": 0,
    "IsProtected": false,
    "AbilityNameList": []
  },
  "3011002": {
    "SpecialAvatarID": 3011002,
    "PlayerID": 1002,
    "AvatarID": 1002,
    "Type": "TYPE_TRIAL",
    "LevelAreaPrefab": "",
    "AnchorName": "",
    "Level": 40,
    "Promotion": 1,
    "Rank": 0,
    "OverrideProperty": [],
    "HaveActionDelay": true,
    "SkillTreeTemplate": "TYPE_MAX",
    "EquipmentID": 21003,
    "EquipmentLevel": 40,
    "EquipmentPromotion": 1,
    "EquipmentRank": 1,
    "RelicPropertyType": 410400,
    "IsAutoBattle": false,
    "DisableSwitch": false,
    "HasJoinHint": false,
    "MainMissionID": 0,
    "PlaneID": 0,
    "IsProtected": false,
    "AbilityNameList": []
  },
  "3011003": {
    "SpecialAvatarID": 3011003,
    "PlayerID": 1003,
    "AvatarID": 1003,
    "Type": "TYPE_TRIAL",
    "LevelAreaPrefab": "",
    "AnchorName": "",
    "Level": 40,
    "Promotion": 1,
    "Rank": 0,
    "OverrideProperty": [],
    "HaveActionDelay": true,
    "SkillTreeTemplate": "TYPE_MAX",
    "EquipmentID": 23000,
    "EquipmentLevel": 40,
    "EquipmentPromotion": 1,
    "EquipmentRank": 1,
    "RelicPropertyType": 410700,
    "IsAutoBattle": false,
    "DisableSwitch": false,
    "HasJoinHint": false,
    "MainMissionID": 0,
    "PlaneID": 0,
    "IsProtected": false,
    "AbilityNameList": []
  },
  "3011004": {
    "SpecialAvatarID": 3011004,
    "PlayerID": 1004,
    "AvatarID": 1004,
    "Type": "TYPE_TRIAL",
    "LevelAreaPrefab": "",
    "AnchorName": "",
    "Level": 40,
    "Promotion": 1,
    "Rank": 0,
    "OverrideProperty": [],
    "HaveActionDelay": true,
    "SkillTreeTemplate": "TYPE_MAX",
    "EquipmentID": 23004,
    "EquipmentLevel": 40,
    "EquipmentPromotion": 1,
    "EquipmentRank": 1,
    "RelicPropertyType": 411200,
    "IsAutoBattle": false,
    "DisableSwitch": false,
    "HasJoinHint": false,
    "MainMissionID": 0,
    "PlaneID": 0,
    "IsProtected": false,
    "AbilityNameList": []
  },
  "3011005": {
    "SpecialAvatarID": 3011005,
    "PlayerID": 1005,
    "AvatarID": 1005,
    "Type": "TYPE_TRIAL",
    "LevelAreaPrefab": "",
    "AnchorName": "",
    "Level": 40,
    "Promotion": 1,
    "Rank": 0,
    "OverrideProperty": [],
    "HaveActionDelay": true,
    "SkillTreeTemplate": "TYPE_MAX",
    "EquipmentID": 23006,
    "EquipmentLevel": 40,
    "EquipmentPromotion": 1,
    "EquipmentRank": 1,
    "RelicPropertyType": 410900,
    "IsAutoBattle": false,
    "DisableSwitch": false,
    "HasJoinHint": false,
    "MainMissionID": 0,
    "PlaneID": 0,
    "IsProtected": false,
    "AbilityNameList": []
  },
  "3011006": {
    "SpecialAvatarID": 3011006,
    "PlayerID": 1006,
    "AvatarID": 1006,
    "Type": "TYPE_TRIAL",
    "LevelAreaPrefab": "",
    "AnchorName": "",
    "Level": 40,
    "Promotion": 1,
    "Rank": 0,
    "OverrideProperty": [],
    "HaveActionDelay": true,
    "SkillTreeTemplate": "TYPE_MAX",
    "EquipmentID": 23007,
    "EquipmentLevel": 40,
    "EquipmentPromotion": 1,
    "EquipmentRank": 1,
    "RelicPropertyType": 410800,
    "IsAutoBattle": false,
    "DisableSwitch": false,
    "HasJoinHint": false,
    "MainMissionID": 0,
    "PlaneID": 0,
    "IsProtected": false,
    "AbilityNameList": []
  },
  "3011008": {
    "SpecialAvatarID": 3011008,
    "PlayerID": 1008,
    "AvatarID": 1008,
    "Type": "TYPE_TRIAL",
    "LevelAreaPrefab": "",
    "AnchorName": "",
    "Level": 40,
    "Promotion": 1,
    "Rank": 0,
    "OverrideProperty": [],
    "HaveActionDelay": true,
    "SkillTreeTemplate": "TYPE_MAX",
    "EquipmentID": 21012,
    "EquipmentLevel": 40,
    "EquipmentPromotion": 1,
    "EquipmentRank": 1,
    "RelicPropertyType": 410900,
    "IsAutoBattle": false,
    "DisableSwitch": false,
    "HasJoinHint": false,
    "MainMissionID": 0,
    "PlaneID": 0,
    "IsProtected": false,
    "AbilityNameList": []
  },
  "3011009": {
    "SpecialAvatarID": 3011009,
    "PlayerID": 1009,
    "AvatarID": 1009,
    "Type": "TYPE_TRIAL",
    "LevelAreaPrefab": "",
    "AnchorName": "",
    "Level": 40,
    "Promotion": 1,
    "Rank": 0,
    "OverrideProperty": [],
    "HaveActionDelay": true,
    "SkillTreeTemplate": "TYPE_MAX",
    "EquipmentID": 21004,
    "EquipmentLevel": 40,
    "EquipmentPromotion": 1,
    "EquipmentRank": 1,
    "RelicPropertyType": 410700,
    "IsAutoBattle": false,
    "DisableSwitch": false,
    "HasJoinHint": false,
    "MainMissionID": 0,
    "PlaneID": 0,
    "IsProtected": false,
    "AbilityNameList": []
  },
  "3011013": {
    "SpecialAvatarID": 3011013,
    "PlayerID": 1013,
    "AvatarID": 1013,
    "Type": "TYPE_TRIAL",
    "LevelAreaPrefab": "",
    "AnchorName": "",
    "Level": 40,
    "Promotion": 1,
    "Rank": 0,
    "OverrideProperty": [],
    "HaveActionDelay": true,
    "SkillTreeTemplate": "TYPE_MAX",
    "EquipmentID": 21006,
    "EquipmentLevel": 40,
    "EquipmentPromotion": 1,
    "EquipmentRank": 1,
    "RelicPropertyType": 410600,
    "IsAutoBattle": false,
    "DisableSwitch": false,
    "HasJoinHint": false,
    "MainMissionID": 0,
    "PlaneID": 0,
    "IsProtected": false,
    "AbilityNameList": []
  },
  "3011101": {
    "SpecialAvatarID": 3011101,
    "PlayerID": 1101,
    "AvatarID": 1101,
    "Type": "TYPE_TRIAL",
    "LevelAreaPrefab": "",
    "AnchorName": "",
    "Level": 40,
    "Promotion": 1,
    "Rank": 0,
    "OverrideProperty": [],
    "HaveActionDelay": true,
    "SkillTreeTemplate": "TYPE_MAX",
    "EquipmentID": 23003,
    "EquipmentLevel": 40,
    "EquipmentPromotion": 1,
    "EquipmentRank": 1,
    "RelicPropertyType": 411000,
    "IsAutoBattle": false,
    "DisableSwitch": false,
    "HasJoinHint": false,
    "MainMissionID": 0,
    "PlaneID": 0,
    "IsProtected": false,
    "AbilityNameList": []
  },
  "3011102": {
    "SpecialAvatarID": 3011102,
    "PlayerID": 1102,
    "AvatarID": 1102,
    "Type": "TYPE_TRIAL",
    "LevelAreaPrefab": "",
    "AnchorName": "",
    "Level": 40,
    "Promotion": 1,
    "Rank": 0,
    "OverrideProperty": [],
    "HaveActionDelay": true,
    "SkillTreeTemplate": "TYPE_MAX",
    "EquipmentID": 23001,
    "EquipmentLevel": 40,
    "EquipmentPromotion": 1,
    "EquipmentRank": 1,
    "RelicPropertyType": 410800,
    "IsAutoBattle": false,
    "DisableSwitch": false,
    "HasJoinHint": false,
    "MainMissionID": 0,
    "PlaneID": 0,
    "IsProtected": false,
    "AbilityNameList": []
  },
  "3011103": {
    "SpecialAvatarID": 3011103,
    "PlayerID": 1103,
    "AvatarID": 1103,
    "Type": "TYPE_TRIAL",
    "LevelAreaPrefab": "",
    "AnchorName": "",
    "Level": 40,
    "Promotion": 1,
    "Rank": 0,
    "OverrideProperty": [],
    "HaveActionDelay": true,
    "SkillTreeTemplate": "TYPE_MAX",
    "EquipmentID": 21013,
    "EquipmentLevel": 40,
    "EquipmentPromotion": 1,
    "EquipmentRank": 1,
    "RelicPropertyType": 410900,
    "IsAutoBattle": false,
    "DisableSwitch": false,
    "HasJoinHint": false,
    "MainMissionID": 0,
    "PlaneID": 0,
    "IsProtected": false,
    "AbilityNameList": []
  },
  "3011104": {
    "SpecialAvatarID": 3011104,
    "PlayerID": 1104,
    "AvatarID": 1104,
    "Type": "TYPE_TRIAL",
    "LevelAreaPrefab": "",
    "AnchorName": "",
    "Level": 40,
    "Promotion": 1,
    "Rank": 0,
    "OverrideProperty": [],
    "HaveActionDelay": true,
    "SkillTreeTemplate": "TYPE_MAX",
    "EquipmentID": 23005,
    "EquipmentLevel": 40,
    "EquipmentPromotion": 1,
    "EquipmentRank": 1,
    "RelicPropertyType": 410300,
    "IsAutoBattle": false,
    "DisableSwitch": false,
    "HasJoinHint": false,
    "MainMissionID": 0,
    "PlaneID": 0,
    "IsProtected": false,
    "AbilityNameList": []
  },
  "3011105": {
    "SpecialAvatarID": 3011105,
    "PlayerID": 1105,
    "AvatarID": 1105,
    "Type": "TYPE_TRIAL",
    "LevelAreaPrefab": "",
    "AnchorName": "",
    "Level": 40,
    "Promotion": 1,
    "Rank": 0,
    "OverrideProperty": [],
    "HaveActionDelay": true,
    "SkillTreeTemplate": "TYPE_MAX",
    "EquipmentID": 21000,
    "EquipmentLevel": 40,
    "EquipmentPromotion": 1,
    "EquipmentRank": 1,
    "RelicPropertyType": 410100,
    "IsAutoBattle": false,
    "DisableSwitch": false,
    "HasJoinHint": false,
    "MainMissionID": 0,
    "PlaneID": 0,
    "IsProtected": false,
    "AbilityNameList": []
  },
  "3011106": {
    "SpecialAvatarID": 3011106,
    "PlayerID": 1106,
    "AvatarID": 1106,
    "Type": "TYPE_TRIAL",
    "LevelAreaPrefab": "",
    "AnchorName": "",
    "Level": 40,
    "Promotion": 1,
    "Rank": 0,
    "OverrideProperty": [],
    "HaveActionDelay": true,
    "SkillTreeTemplate": "TYPE_MAX",
    "EquipmentID": 21001,
    "EquipmentLevel": 40,
    "EquipmentPromotion": 1,
    "EquipmentRank": 1,
    "RelicPropertyType": 410600,
    "IsAutoBattle": false,
    "DisableSwitch": false,
    "HasJoinHint": false,
    "MainMissionID": 0,
    "PlaneID": 0,
    "IsProtected": false,
    "AbilityNameList": []
  },
  "3011107": {
    "SpecialAvatarID": 3011107,
    "PlayerID": 1107,
    "AvatarID": 1107,
    "Type": "TYPE_TRIAL",
    "LevelAreaPrefab": "",
    "AnchorName": "",
    "Level": 40,
    "Promotion": 1,
    "Rank": 0,
    "OverrideProperty": [],
    "HaveActionDelay": true,
    "SkillTreeTemplate": "TYPE_MAX",
    "EquipmentID": 23002,
    "EquipmentLevel": 40,
    "EquipmentPromotion": 1,
    "EquipmentRank": 1,
    "RelicPropertyType": 410500,
    "IsAutoBattle": false,
    "DisableSwitch": false,
    "HasJoinHint": false,
    "MainMissionID": 0,
    "PlaneID": 0,
    "IsProtected": false,
    "AbilityNameList": []
  },
  "3011108": {
    "SpecialAvatarID": 3011108,
    "PlayerID": 1108,
    "AvatarID": 1108,
    "Type": "TYPE_TRIAL",
    "LevelAreaPrefab": "",
    "AnchorName": "",
    "Level": 40,
    "Promotion": 1,
    "Rank": 0,
    "OverrideProperty": [],
    "HaveActionDelay": true,
    "SkillTreeTemplate": "TYPE_MAX",
    "EquipmentID": 21008,
    "EquipmentLevel": 40,
    "EquipmentPromotion": 1,
    "EquipmentRank": 1,
    "RelicPropertyType": 410200,
    "IsAutoBattle": false,
    "DisableSwitch": false,
    "HasJoinHint": false,
    "MainMissionID": 0,
    "PlaneID": 0,
    "IsProtected": false,
    "AbilityNameList": []
  },
  "3011109": {
    "SpecialAvatarID": 3011109,
    "PlayerID": 1109,
    "AvatarID": 1109,
    "Type": "TYPE_TRIAL",
    "LevelAreaPrefab": "",
    "AnchorName": "",
    "Level": 40,
    "Promotion": 1,
    "Rank": 0,
    "OverrideProperty": [],
    "HaveActionDelay": true,
    "SkillTreeTemplate": "TYPE_MAX",
    "EquipmentID": 21005,
    "EquipmentLevel": 40,
    "EquipmentPromotion": 1,
    "EquipmentRank": 1,
    "RelicPropertyType": 410700,
    "IsAutoBattle": false,
    "DisableSwitch": false,
    "HasJoinHint": false,
    "MainMissionID": 0,
    "PlaneID": 0,
    "IsProtected": false,
    "AbilityNameList": []
  },
  "3011203": {
    "SpecialAvatarID": 3011203,
    "PlayerID": 1203,
    "AvatarID": 1203,
    "Type": "TYPE_TRIAL",
    "LevelAreaPrefab": "",
    "AnchorName": "",
    "Level": 40,
    "Promotion": 1,
    "Rank": 0,
    "OverrideProperty": [],
    "HaveActionDelay": true,
    "SkillTreeTemplate": "TYPE_MAX",
    "EquipmentID": 23008,
    "EquipmentLevel": 40,
    "EquipmentPromotion": 1,
    "EquipmentRank": 1,
    "RelicPropertyType": 410100,
    "IsAutoBattle": false,
    "DisableSwitch": false,
    "HasJoinHint": false,
    "MainMissionID": 0,
    "PlaneID": 0,
    "IsProtected": false,
    "AbilityNameList": []
  },
  "3011204": {
    "SpecialAvatarID": 3011204,
    "PlayerID": 1204,
    "AvatarID": 1204,
    "Type": "TYPE_TRIAL",
    "LevelAreaPrefab": "",
    "AnchorName": "",
    "Level": 40,
    "Promotion": 1,
    "Rank": 0,
    "OverrideProperty": [],
    "HaveActionDelay": true,
    "SkillTreeTemplate": "TYPE_MAX",
    "EquipmentID": 23010,
    "EquipmentLevel": 40,
    "EquipmentPromotion": 1,
    "EquipmentRank": 1,
    "RelicPropertyType": 410900,
    "IsAutoBattle": false,
    "DisableSwitch": false,
    "HasJoinHint": false,
    "MainMissionID": 0,
    "PlaneID": 0,
    "IsProtected": false,
    "AbilityNameList": []
  },
  "3011205": {
    "SpecialAvatarID": 3011205,
    "PlayerID": 1205,
    "AvatarID": 1205,
    "Type": "TYPE_TRIAL",
    "LevelAreaPrefab": "",
    "AnchorName": "",
    "Level": 40,
    "Promotion": 1,
    "Rank": 0,
    "OverrideProperty": [],
    "HaveActionDelay": true,
    "SkillTreeTemplate": "TYPE_MAX",
    "EquipmentID": 23009,
    "EquipmentLevel": 40,
    "EquipmentPromotion": 1,
    "EquipmentRank": 1,
    "RelicPropertyType": 411000,
    "IsAutoBattle": false,
    "DisableSwitch": false,
    "HasJoinHint": false,
    "MainMissionID": 0,
    "PlaneID": 0,
    "IsProtected": false,
    "AbilityNameList": []
  },
  "3011206": {
    "SpecialAvatarID": 3011206,
    "PlayerID": 1206,
    "AvatarID": 1206,
    "Type": "TYPE_TRIAL",
    "LevelAreaPrefab": "",
    "AnchorName": "",
    "Level": 40,
    "Promotion": 1,
    "Rank": 0,
    "OverrideProperty": [],
    "HaveActionDelay": true,
    "SkillTreeTemplate": "TYPE_MAX",
    "EquipmentID": 21010,
    "EquipmentLevel": 40,
    "EquipmentPromotion": 1,
    "EquipmentRank": 1,
    "RelicPropertyType": 410500,
    "IsAutoBattle": false,
    "DisableSwitch": false,
    "HasJoinHint": false,
    "MainMissionID": 0,
    "PlaneID": 0,
    "IsProtected": false,
    "AbilityNameList": []
  },
  "3018001": {
    "SpecialAvatarID": 3018001,
    "PlayerID": 8001,
    "AvatarID": 8001,
    "Type": "TYPE_TRIAL",
    "LevelAreaPrefab": "",
    "AnchorName": "",
    "Level": 40,
    "Promotion": 1,
    "Rank": 0,
    "OverrideProperty": [],
    "HaveActionDelay": true,
    "SkillTreeTemplate": "TYPE_MAX",
    "EquipmentID": 21005,
    "EquipmentLevel": 40,
    "EquipmentPromotion": 1,
    "EquipmentRank": 1,
    "RelicPropertyType": 410500,
    "IsAutoBattle": false,
    "DisableSwitch": false,
    "HasJoinHint": false,
    "MainMissionID": 0,
    "PlaneID": 0,
    "IsProtected": false,
    "AbilityNameList": []
  },
  "3018002": {
    "SpecialAvatarID": 3018002,
    "PlayerID": 8002,
    "AvatarID": 8002,
    "Type": "TYPE_TRIAL",
    "LevelAreaPrefab": "",
    "AnchorName": "",
    "Level": 40,
    "Promotion": 1,
    "Rank": 0,
    "OverrideProperty": [],
    "HaveActionDelay": true,
    "SkillTreeTemplate": "TYPE_MAX",
    "EquipmentID": 21005,
    "EquipmentLevel": 40,
    "EquipmentPromotion": 1,
    "EquipmentRank": 1,
    "RelicPropertyType": 410500,
    "IsAutoBattle": false,
    "DisableSwitch": false,
    "HasJoinHint": false,
    "MainMissionID": 0,
    "PlaneID": 0,
    "IsProtected": false,
    "AbilityNameList": []
  },
  "3018003": {
    "SpecialAvatarID": 3018003,
    "PlayerID": 8003,
    "AvatarID": 8003,
    "Type": "TYPE_TRIAL",
    "LevelAreaPrefab": "",
    "AnchorName": "",
    "Level": 40,
    "Promotion": 1,
    "Rank": 0,
    "OverrideProperty": [],
    "HaveActionDelay": true,
    "SkillTreeTemplate": "TYPE_MAX",
    "EquipmentID": 21009,
    "EquipmentLevel": 40,
    "EquipmentPromotion": 1,
    "EquipmentRank": 1,
    "RelicPropertyType": 410300,
    "IsAutoBattle": false,
    "DisableSwitch": false,
    "HasJoinHint": false,
    "MainMissionID": 0,
    "PlaneID": 0,
    "IsProtected": false,
    "AbilityNameList": []
  },
  "3018004": {
    "SpecialAvatarID": 3018004,
    "PlayerID": 8004,
    "AvatarID": 8004,
    "Type": "TYPE_TRIAL",
    "LevelAreaPrefab": "",
    "AnchorName": "",
    "Level": 40,
    "Promotion": 1,
    "Rank": 0,
    "OverrideProperty": [],
    "HaveActionDelay": true,
    "SkillTreeTemplate": "TYPE_MAX",
    "EquipmentID": 21009,
    "EquipmentLevel": 40,
    "EquipmentPromotion": 1,
    "EquipmentRank": 1,
    "RelicPropertyType": 410300,
    "IsAutoBattle": false,
    "DisableSwitch": false,
    "HasJoinHint": false,
    "MainMissionID": 0,
    "PlaneID": 0,
    "IsProtected": false,
    "AbilityNameList": []
  }
}