{
  "NPC_W1_Male_01": {
    "StoryCharacterID": "NPC_W1_Male_01",
    "SubType": "Normal",
    "StoryCharacterModelPath": "Characters/CharacterPrefabs/NPC/Normal/W1/Male/NPC_W1_Male_01.prefab",
    "JsonPath": "Config/ConfigCharacter/NPC/Normal/NPC_W1_Male_Config.json",
    "StoryCharacterUniqueName": "W1_Male_01",
    "FreeStyleCharacterID": "NPC_W1_Male"
  },
  "NPC_W1_Male_02": {
    "StoryCharacterID": "NPC_W1_Male_02",
    "SubType": "Normal",
    "StoryCharacterModelPath": "Characters/CharacterPrefabs/NPC/Normal/W1/Male/NPC_W1_Male_02.prefab",
    "JsonPath": "Config/ConfigCharacter/NPC/Normal/NPC_W1_Male_Config.json",
    "StoryCharacterUniqueName": "W1_Male_02",
    "FreeStyleCharacterID": "NPC_W1_Male"
  },
  "NPC_W1_Male_03": {
    "StoryCharacterID": "NPC_W1_Male_03",
    "SubType": "Normal",
    "StoryCharacterModelPath": "Characters/CharacterPrefabs/NPC/Normal/W1/Male/NPC_W1_Male_03.prefab",
    "JsonPath": "Config/ConfigCharacter/NPC/Normal/NPC_W1_Male_Config.json",
    "StoryCharacterUniqueName": "W1_Male_03",
    "FreeStyleCharacterID": "NPC_W1_Male"
  },
  "NPC_W1_Male_04": {
    "StoryCharacterID": "NPC_W1_Male_04",
    "SubType": "Normal",
    "StoryCharacterModelPath": "Characters/CharacterPrefabs/NPC/Normal/W1/Male/NPC_W1_Male_04.prefab",
    "JsonPath": "Config/ConfigCharacter/NPC/Normal/NPC_W1_Male_Config.json",
    "StoryCharacterUniqueName": "W1_Male_04",
    "FreeStyleCharacterID": "NPC_W1_Male"
  },
  "NPC_W1_Male_05": {
    "StoryCharacterID": "NPC_W1_Male_05",
    "SubType": "Normal",
    "StoryCharacterModelPath": "Characters/CharacterPrefabs/NPC/Normal/W1/Male/NPC_W1_Male_05.prefab",
    "JsonPath": "Config/ConfigCharacter/NPC/Normal/NPC_W1_Male_Config.json",
    "StoryCharacterUniqueName": "W1_Male_05",
    "FreeStyleCharacterID": "NPC_W1_Male"
  },
  "NPC_W1_Male_06": {
    "StoryCharacterID": "NPC_W1_Male_06",
    "SubType": "Normal",
    "StoryCharacterModelPath": "Characters/CharacterPrefabs/NPC/Normal/W1/Male/NPC_W1_Male_06.prefab",
    "JsonPath": "Config/ConfigCharacter/NPC/Normal/NPC_W1_Male_Config.json",
    "StoryCharacterUniqueName": "W1_Male_06",
    "FreeStyleCharacterID": "NPC_W1_Male"
  },
  "NPC_W1_Male_07": {
    "StoryCharacterID": "NPC_W1_Male_07",
    "SubType": "Normal",
    "StoryCharacterModelPath": "Characters/CharacterPrefabs/NPC/Normal/W1/Male/NPC_W1_Male_07.prefab",
    "JsonPath": "Config/ConfigCharacter/NPC/Normal/NPC_W1_Male_Config.json",
    "StoryCharacterUniqueName": "W1_Male_07",
    "FreeStyleCharacterID": "NPC_W1_Male"
  },
  "NPC_W1_Male_08": {
    "StoryCharacterID": "NPC_W1_Male_08",
    "SubType": "Normal",
    "StoryCharacterModelPath": "Characters/CharacterPrefabs/NPC/Normal/W1/Male/NPC_W1_Male_08.prefab",
    "JsonPath": "Config/ConfigCharacter/NPC/Normal/NPC_W1_Male_Config.json",
    "StoryCharacterUniqueName": "W1_Male_08",
    "FreeStyleCharacterID": "NPC_W1_Male"
  },
  "NPC_W1_Male_09": {
    "StoryCharacterID": "NPC_W1_Male_09",
    "SubType": "Normal",
    "StoryCharacterModelPath": "Characters/CharacterPrefabs/NPC/Normal/W1/Male/NPC_W1_Male_09.prefab",
    "JsonPath": "Config/ConfigCharacter/NPC/Normal/NPC_W1_Male_Config.json",
    "StoryCharacterUniqueName": "W1_Male_09",
    "FreeStyleCharacterID": "NPC_W1_Male"
  },
  "NPC_W1_Male_10": {
    "StoryCharacterID": "NPC_W1_Male_10",
    "SubType": "Normal",
    "StoryCharacterModelPath": "Characters/CharacterPrefabs/NPC/Normal/W1/Male/NPC_W1_Male_10.prefab",
    "JsonPath": "Config/ConfigCharacter/NPC/Normal/NPC_W1_Male_Config.json",
    "StoryCharacterUniqueName": "W1_Male_10",
    "FreeStyleCharacterID": "NPC_W1_Male"
  },
  "NPC_W1_Male_11": {
    "StoryCharacterID": "NPC_W1_Male_11",
    "SubType": "Normal",
    "StoryCharacterModelPath": "Characters/CharacterPrefabs/NPC/Normal/W1/Male/NPC_W1_Male_11.prefab",
    "JsonPath": "Config/ConfigCharacter/NPC/Normal/NPC_W1_Male_Config.json",
    "StoryCharacterUniqueName": "W1_Male_11",
    "FreeStyleCharacterID": "NPC_W1_Male"
  },
  "NPC_W1_Male_12": {
    "StoryCharacterID": "NPC_W1_Male_12",
    "SubType": "Normal",
    "StoryCharacterModelPath": "Characters/CharacterPrefabs/NPC/Normal/W1/Male/NPC_W1_Male_12.prefab",
    "JsonPath": "Config/ConfigCharacter/NPC/Normal/NPC_W1_Male_Config.json",
    "StoryCharacterUniqueName": "W1_Male_12",
    "FreeStyleCharacterID": "NPC_W1_Male"
  },
  "NPC_W1_Male_13": {
    "StoryCharacterID": "NPC_W1_Male_13",
    "SubType": "Normal",
    "StoryCharacterModelPath": "Characters/CharacterPrefabs/NPC/Normal/W1/Male/NPC_W1_Male_13.prefab",
    "JsonPath": "Config/ConfigCharacter/NPC/Normal/NPC_W1_Male_Config.json",
    "StoryCharacterUniqueName": "W1_Male_13",
    "FreeStyleCharacterID": "NPC_W1_Male"
  },
  "NPC_W1_Male_14": {
    "StoryCharacterID": "NPC_W1_Male_14",
    "SubType": "Normal",
    "StoryCharacterModelPath": "Characters/CharacterPrefabs/NPC/Normal/W1/Male/NPC_W1_Male_14.prefab",
    "JsonPath": "Config/ConfigCharacter/NPC/Normal/NPC_W1_Male_Config.json",
    "StoryCharacterUniqueName": "W1_Male_14",
    "FreeStyleCharacterID": "NPC_W1_Male"
  },
  "NPC_W1_Male_15": {
    "StoryCharacterID": "NPC_W1_Male_15",
    "SubType": "Normal",
    "StoryCharacterModelPath": "Characters/CharacterPrefabs/NPC/Normal/W1/Male/NPC_W1_Male_15.prefab",
    "JsonPath": "Config/ConfigCharacter/NPC/Normal/NPC_W1_Male_Config.json",
    "StoryCharacterUniqueName": "W1_Male_15",
    "FreeStyleCharacterID": "NPC_W1_Male"
  },
  "NPC_W1_Male_16": {
    "StoryCharacterID": "NPC_W1_Male_16",
    "SubType": "Normal",
    "StoryCharacterModelPath": "Characters/CharacterPrefabs/NPC/Normal/W1/Male/NPC_W1_Male_16.prefab",
    "JsonPath": "Config/ConfigCharacter/NPC/Normal/NPC_W1_Male_Config.json",
    "StoryCharacterUniqueName": "W1_Male_16",
    "FreeStyleCharacterID": "NPC_W1_Male"
  },
  "NPC_W1_Male_17": {
    "StoryCharacterID": "NPC_W1_Male_17",
    "SubType": "Normal",
    "StoryCharacterModelPath": "Characters/CharacterPrefabs/NPC/Normal/W1/Male/NPC_W1_Male_17.prefab",
    "JsonPath": "Config/ConfigCharacter/NPC/Normal/NPC_W1_Male_Config.json",
    "StoryCharacterUniqueName": "W1_Male_17",
    "FreeStyleCharacterID": "NPC_W1_Male"
  },
  "NPC_W1_Male_18": {
    "StoryCharacterID": "NPC_W1_Male_18",
    "SubType": "Normal",
    "StoryCharacterModelPath": "Characters/CharacterPrefabs/NPC/Normal/W1/Male/NPC_W1_Male_18.prefab",
    "JsonPath": "Config/ConfigCharacter/NPC/Normal/NPC_W1_Male_Config.json",
    "StoryCharacterUniqueName": "W1_Male_18",
    "FreeStyleCharacterID": "NPC_W1_Male"
  },
  "NPC_W1_Male_19": {
    "StoryCharacterID": "NPC_W1_Male_19",
    "SubType": "Normal",
    "StoryCharacterModelPath": "Characters/CharacterPrefabs/NPC/Normal/W1/Male/NPC_W1_Male_19.prefab",
    "JsonPath": "Config/ConfigCharacter/NPC/Normal/NPC_W1_Male_Config.json",
    "StoryCharacterUniqueName": "W1_Male_19",
    "FreeStyleCharacterID": "NPC_W1_Male"
  },
  "NPC_W1_Male_20": {
    "StoryCharacterID": "NPC_W1_Male_20",
    "SubType": "Normal",
    "StoryCharacterModelPath": "Characters/CharacterPrefabs/NPC/Normal/W1/Male/NPC_W1_Male_20.prefab",
    "JsonPath": "Config/ConfigCharacter/NPC/Normal/NPC_W1_Male_Config.json",
    "StoryCharacterUniqueName": "W1_Male_20",
    "FreeStyleCharacterID": "NPC_W1_Male"
  },
  "NPC_W1_Male_21": {
    "StoryCharacterID": "NPC_W1_Male_21",
    "SubType": "Normal",
    "StoryCharacterModelPath": "Characters/CharacterPrefabs/NPC/Normal/W1/Male/NPC_W1_Male_21.prefab",
    "JsonPath": "Config/ConfigCharacter/NPC/Normal/NPC_W1_Male_Config.json",
    "StoryCharacterUniqueName": "W1_Male_21",
    "FreeStyleCharacterID": "NPC_W1_Male"
  },
  "NPC_W1_Male_22": {
    "StoryCharacterID": "NPC_W1_Male_22",
    "SubType": "Normal",
    "StoryCharacterModelPath": "Characters/CharacterPrefabs/NPC/Normal/W1/Male/NPC_W1_Male_22.prefab",
    "JsonPath": "Config/ConfigCharacter/NPC/Normal/NPC_W1_Male_Config.json",
    "StoryCharacterUniqueName": "W1_Male_22",
    "FreeStyleCharacterID": "NPC_W1_Male"
  },
  "NPC_W1_Male_23": {
    "StoryCharacterID": "NPC_W1_Male_23",
    "SubType": "Normal",
    "StoryCharacterModelPath": "Characters/CharacterPrefabs/NPC/Normal/W1/Male/NPC_W1_Male_23.prefab",
    "JsonPath": "Config/ConfigCharacter/NPC/Normal/NPC_W1_Male_Config.json",
    "StoryCharacterUniqueName": "W1_Male_23",
    "FreeStyleCharacterID": "NPC_W1_Male"
  },
  "NPC_W1_Male_24": {
    "StoryCharacterID": "NPC_W1_Male_24",
    "SubType": "Normal",
    "StoryCharacterModelPath": "Characters/CharacterPrefabs/NPC/Normal/W1/Male/NPC_W1_Male_24.prefab",
    "JsonPath": "Config/ConfigCharacter/NPC/Normal/NPC_W1_Male_Config.json",
    "StoryCharacterUniqueName": "W1_Male_24",
    "FreeStyleCharacterID": "NPC_W1_Male"
  },
  "NPC_W1_Male_25": {
    "StoryCharacterID": "NPC_W1_Male_25",
    "SubType": "Normal",
    "StoryCharacterModelPath": "Characters/CharacterPrefabs/NPC/Normal/W1/Male/NPC_W1_Male_25.prefab",
    "JsonPath": "Config/ConfigCharacter/NPC/Normal/NPC_W1_Male_Config.json",
    "StoryCharacterUniqueName": "W1_Male_25",
    "FreeStyleCharacterID": "NPC_W1_Male"
  },
  "NPC_W1_Male_26": {
    "StoryCharacterID": "NPC_W1_Male_26",
    "SubType": "Normal",
    "StoryCharacterModelPath": "Characters/CharacterPrefabs/NPC/Normal/W1/Male/NPC_W1_Male_26.prefab",
    "JsonPath": "Config/ConfigCharacter/NPC/Normal/NPC_W1_Male_Config.json",
    "StoryCharacterUniqueName": "W1_Male_26",
    "FreeStyleCharacterID": "NPC_W1_Male"
  },
  "NPC_W1_Lady_01": {
    "StoryCharacterID": "NPC_W1_Lady_01",
    "SubType": "Normal",
    "StoryCharacterModelPath": "Characters/CharacterPrefabs/NPC/Normal/W1/Lady/NPC_W1_Lady_01.prefab",
    "JsonPath": "Config/ConfigCharacter/NPC/Normal/NPC_W1_Lady_Config.json",
    "StoryCharacterUniqueName": "W1_Lady_01",
    "FreeStyleCharacterID": "NPC_W1_Lady"
  },
  "NPC_W1_Lady_02": {
    "StoryCharacterID": "NPC_W1_Lady_02",
    "SubType": "Normal",
    "StoryCharacterModelPath": "Characters/CharacterPrefabs/NPC/Normal/W1/Lady/NPC_W1_Lady_02.prefab",
    "JsonPath": "Config/ConfigCharacter/NPC/Normal/NPC_W1_Lady_Config.json",
    "StoryCharacterUniqueName": "W1_Lady_02",
    "FreeStyleCharacterID": "NPC_W1_Lady"
  },
  "NPC_W1_Lady_03": {
    "StoryCharacterID": "NPC_W1_Lady_03",
    "SubType": "Normal",
    "StoryCharacterModelPath": "Characters/CharacterPrefabs/NPC/Normal/W1/Lady/NPC_W1_Lady_03.prefab",
    "JsonPath": "Config/ConfigCharacter/NPC/Normal/NPC_W1_Lady_Config.json",
    "StoryCharacterUniqueName": "W1_Lady_03",
    "FreeStyleCharacterID": "NPC_W1_Lady"
  },
  "NPC_W1_Lady_04": {
    "StoryCharacterID": "NPC_W1_Lady_04",
    "SubType": "Normal",
    "StoryCharacterModelPath": "Characters/CharacterPrefabs/NPC/Normal/W1/Lady/NPC_W1_Lady_04.prefab",
    "JsonPath": "Config/ConfigCharacter/NPC/Normal/NPC_W1_Lady_Config.json",
    "StoryCharacterUniqueName": "W1_Lady_04",
    "FreeStyleCharacterID": "NPC_W1_Lady"
  },
  "NPC_W1_Lady_05": {
    "StoryCharacterID": "NPC_W1_Lady_05",
    "SubType": "Normal",
    "StoryCharacterModelPath": "Characters/CharacterPrefabs/NPC/Normal/W1/Lady/NPC_W1_Lady_05.prefab",
    "JsonPath": "Config/ConfigCharacter/NPC/Normal/NPC_W1_Lady_Config.json",
    "StoryCharacterUniqueName": "W1_Lady_05",
    "FreeStyleCharacterID": "NPC_W1_Lady"
  },
  "NPC_W1_Lady_06": {
    "StoryCharacterID": "NPC_W1_Lady_06",
    "SubType": "Normal",
    "StoryCharacterModelPath": "Characters/CharacterPrefabs/NPC/Normal/W1/Lady/NPC_W1_Lady_06.prefab",
    "JsonPath": "Config/ConfigCharacter/NPC/Normal/NPC_W1_Lady_Config.json",
    "StoryCharacterUniqueName": "W1_Lady_06",
    "FreeStyleCharacterID": "NPC_W1_Lady"
  },
  "NPC_W1_Lady_07": {
    "StoryCharacterID": "NPC_W1_Lady_07",
    "SubType": "Normal",
    "StoryCharacterModelPath": "Characters/CharacterPrefabs/NPC/Normal/W1/Lady/NPC_W1_Lady_07.prefab",
    "JsonPath": "Config/ConfigCharacter/NPC/Normal/NPC_W1_Lady_Config.json",
    "StoryCharacterUniqueName": "W1_Lady_07",
    "FreeStyleCharacterID": "NPC_W1_Lady"
  },
  "NPC_W1_Lady_08": {
    "StoryCharacterID": "NPC_W1_Lady_08",
    "SubType": "Normal",
    "StoryCharacterModelPath": "Characters/CharacterPrefabs/NPC/Normal/W1/Lady/NPC_W1_Lady_08.prefab",
    "JsonPath": "Config/ConfigCharacter/NPC/Normal/NPC_W1_Lady_Config.json",
    "StoryCharacterUniqueName": "W1_Lady_08",
    "FreeStyleCharacterID": "NPC_W1_Lady"
  },
  "NPC_W1_Lady_09": {
    "StoryCharacterID": "NPC_W1_Lady_09",
    "SubType": "Normal",
    "StoryCharacterModelPath": "Characters/CharacterPrefabs/NPC/Normal/W1/Lady/NPC_W1_Lady_09.prefab",
    "JsonPath": "Config/ConfigCharacter/NPC/Normal/NPC_W1_Lady_Config.json",
    "StoryCharacterUniqueName": "W1_Lady_09",
    "FreeStyleCharacterID": "NPC_W1_Lady"
  },
  "NPC_W1_Lady_10": {
    "StoryCharacterID": "NPC_W1_Lady_10",
    "SubType": "Normal",
    "StoryCharacterModelPath": "Characters/CharacterPrefabs/NPC/Normal/W1/Lady/NPC_W1_Lady_10.prefab",
    "JsonPath": "Config/ConfigCharacter/NPC/Normal/NPC_W1_Lady_Config.json",
    "StoryCharacterUniqueName": "W1_Lady_10",
    "FreeStyleCharacterID": "NPC_W1_Lady"
  },
  "NPC_W1_Lady_11": {
    "StoryCharacterID": "NPC_W1_Lady_11",
    "SubType": "Normal",
    "StoryCharacterModelPath": "Characters/CharacterPrefabs/NPC/Normal/W1/Lady/NPC_W1_Lady_11.prefab",
    "JsonPath": "Config/ConfigCharacter/NPC/Normal/NPC_W1_Lady_Config.json",
    "StoryCharacterUniqueName": "W1_Lady_11",
    "FreeStyleCharacterID": "NPC_W1_Lady"
  },
  "NPC_W1_Lady_12": {
    "StoryCharacterID": "NPC_W1_Lady_12",
    "SubType": "Normal",
    "StoryCharacterModelPath": "Characters/CharacterPrefabs/NPC/Normal/W1/Lady/NPC_W1_Lady_12.prefab",
    "JsonPath": "Config/ConfigCharacter/NPC/Normal/NPC_W1_Lady_Config.json",
    "StoryCharacterUniqueName": "W1_Lady_12",
    "FreeStyleCharacterID": "NPC_W1_Lady"
  },
  "NPC_W1_Lady_13": {
    "StoryCharacterID": "NPC_W1_Lady_13",
    "SubType": "Normal",
    "StoryCharacterModelPath": "Characters/CharacterPrefabs/NPC/Normal/W1/Lady/NPC_W1_Lady_13.prefab",
    "JsonPath": "Config/ConfigCharacter/NPC/Normal/NPC_W1_Lady_Config.json",
    "StoryCharacterUniqueName": "W1_Lady_13",
    "FreeStyleCharacterID": "NPC_W1_Lady"
  },
  "NPC_W1_Lady_14": {
    "StoryCharacterID": "NPC_W1_Lady_14",
    "SubType": "Normal",
    "StoryCharacterModelPath": "Characters/CharacterPrefabs/NPC/Normal/W1/Lady/NPC_W1_Lady_14.prefab",
    "JsonPath": "Config/ConfigCharacter/NPC/Normal/NPC_W1_Lady_Config.json",
    "StoryCharacterUniqueName": "W1_Lady_14",
    "FreeStyleCharacterID": "NPC_W1_Lady"
  },
  "NPC_W1_Lady_15": {
    "StoryCharacterID": "NPC_W1_Lady_15",
    "SubType": "Normal",
    "StoryCharacterModelPath": "Characters/CharacterPrefabs/NPC/Normal/W1/Lady/NPC_W1_Lady_15.prefab",
    "JsonPath": "Config/ConfigCharacter/NPC/Normal/NPC_W1_Lady_Config.json",
    "StoryCharacterUniqueName": "W1_Lady_15",
    "FreeStyleCharacterID": "NPC_W1_Lady"
  },
  "NPC_W1_Lady_16": {
    "StoryCharacterID": "NPC_W1_Lady_16",
    "SubType": "Normal",
    "StoryCharacterModelPath": "Characters/CharacterPrefabs/NPC/Normal/W1/Lady/NPC_W1_Lady_16.prefab",
    "JsonPath": "Config/ConfigCharacter/NPC/Normal/NPC_W1_Lady_Config.json",
    "StoryCharacterUniqueName": "W1_Lady_16",
    "FreeStyleCharacterID": "NPC_W1_Lady"
  },
  "NPC_W1_Lady_17": {
    "StoryCharacterID": "NPC_W1_Lady_17",
    "SubType": "Normal",
    "StoryCharacterModelPath": "Characters/CharacterPrefabs/NPC/Normal/W1/Lady/NPC_W1_Lady_17.prefab",
    "JsonPath": "Config/ConfigCharacter/NPC/Normal/NPC_W1_Lady_Config.json",
    "StoryCharacterUniqueName": "W1_Lady_17",
    "FreeStyleCharacterID": "NPC_W1_Lady"
  },
  "NPC_W1_Lady_18": {
    "StoryCharacterID": "NPC_W1_Lady_18",
    "SubType": "Normal",
    "StoryCharacterModelPath": "Characters/CharacterPrefabs/NPC/Normal/W1/Lady/NPC_W1_Lady_18.prefab",
    "JsonPath": "Config/ConfigCharacter/NPC/Normal/NPC_W1_Lady_Config.json",
    "StoryCharacterUniqueName": "W1_Lady_18",
    "FreeStyleCharacterID": "NPC_W1_Lady"
  },
  "NPC_W1_Lady_19": {
    "StoryCharacterID": "NPC_W1_Lady_19",
    "SubType": "Normal",
    "StoryCharacterModelPath": "Characters/CharacterPrefabs/NPC/Normal/W1/Lady/NPC_W1_Lady_19.prefab",
    "JsonPath": "Config/ConfigCharacter/NPC/Normal/NPC_W1_Lady_Config.json",
    "StoryCharacterUniqueName": "W1_Lady_19",
    "FreeStyleCharacterID": "NPC_W1_Lady"
  },
  "NPC_W1_Lady_20": {
    "StoryCharacterID": "NPC_W1_Lady_20",
    "SubType": "Normal",
    "StoryCharacterModelPath": "Characters/CharacterPrefabs/NPC/Normal/W1/Lady/NPC_W1_Lady_20.prefab",
    "JsonPath": "Config/ConfigCharacter/NPC/Normal/NPC_W1_Lady_Config.json",
    "StoryCharacterUniqueName": "W1_Lady_20",
    "FreeStyleCharacterID": "NPC_W1_Lady"
  },
  "NPC_W1_Lady_21": {
    "StoryCharacterID": "NPC_W1_Lady_21",
    "SubType": "Normal",
    "StoryCharacterModelPath": "Characters/CharacterPrefabs/NPC/Normal/W1/Lady/NPC_W1_Lady_21.prefab",
    "JsonPath": "Config/ConfigCharacter/NPC/Normal/NPC_W1_Lady_Config.json",
    "StoryCharacterUniqueName": "W1_Lady_21",
    "FreeStyleCharacterID": "NPC_W1_Lady"
  },
  "NPC_W1_Lady_22": {
    "StoryCharacterID": "NPC_W1_Lady_22",
    "SubType": "Normal",
    "StoryCharacterModelPath": "Characters/CharacterPrefabs/NPC/Normal/W1/Lady/NPC_W1_Lady_22.prefab",
    "JsonPath": "Config/ConfigCharacter/NPC/Normal/NPC_W1_Lady_Config.json",
    "StoryCharacterUniqueName": "W1_Lady_22",
    "FreeStyleCharacterID": "NPC_W1_Lady"
  },
  "NPC_W1_Lady_23": {
    "StoryCharacterID": "NPC_W1_Lady_23",
    "SubType": "Normal",
    "StoryCharacterModelPath": "Characters/CharacterPrefabs/NPC/Normal/W1/Lady/NPC_W1_Lady_23.prefab",
    "JsonPath": "Config/ConfigCharacter/NPC/Normal/NPC_W1_Lady_Config.json",
    "StoryCharacterUniqueName": "W1_Lady_23",
    "FreeStyleCharacterID": "NPC_W1_Lady"
  },
  "NPC_W1_Lady_24": {
    "StoryCharacterID": "NPC_W1_Lady_24",
    "SubType": "Normal",
    "StoryCharacterModelPath": "Characters/CharacterPrefabs/NPC/Normal/W1/Lady/NPC_W1_Lady_24.prefab",
    "JsonPath": "Config/ConfigCharacter/NPC/Normal/NPC_W1_Lady_Config.json",
    "StoryCharacterUniqueName": "W1_Lady_24",
    "FreeStyleCharacterID": "NPC_W1_Lady"
  },
  "NPC_W1_Lady_25": {
    "StoryCharacterID": "NPC_W1_Lady_25",
    "SubType": "Normal",
    "StoryCharacterModelPath": "Characters/CharacterPrefabs/NPC/Normal/W1/Lady/NPC_W1_Lady_25.prefab",
    "JsonPath": "Config/ConfigCharacter/NPC/Normal/NPC_W1_Lady_Config.json",
    "StoryCharacterUniqueName": "W1_Lady_25",
    "FreeStyleCharacterID": "NPC_W1_Lady"
  },
  "NPC_W1_Lady_26": {
    "StoryCharacterID": "NPC_W1_Lady_26",
    "SubType": "Normal",
    "StoryCharacterModelPath": "Characters/CharacterPrefabs/NPC/Normal/W1/Lady/NPC_W1_Lady_26.prefab",
    "JsonPath": "Config/ConfigCharacter/NPC/Normal/NPC_W1_Lady_Config.json",
    "StoryCharacterUniqueName": "W1_Lady_26",
    "FreeStyleCharacterID": "NPC_W1_Lady"
  },
  "NPC_W1_Lady_27": {
    "StoryCharacterID": "NPC_W1_Lady_27",
    "SubType": "Normal",
    "StoryCharacterModelPath": "Characters/CharacterPrefabs/NPC/Normal/W1/Lady/NPC_W1_Lady_27.prefab",
    "JsonPath": "Config/ConfigCharacter/NPC/Normal/NPC_W1_Lady_Config.json",
    "StoryCharacterUniqueName": "W1_Lady_27",
    "FreeStyleCharacterID": "NPC_W1_Lady"
  },
  "NPC_W1_Lady_28": {
    "StoryCharacterID": "NPC_W1_Lady_28",
    "SubType": "Normal",
    "StoryCharacterModelPath": "Characters/CharacterPrefabs/NPC/Normal/W1/Lady/NPC_W1_Lady_28.prefab",
    "JsonPath": "Config/ConfigCharacter/NPC/Normal/NPC_W1_Lady_Config.json",
    "StoryCharacterUniqueName": "W1_Lady_28",
    "FreeStyleCharacterID": "NPC_W1_Lady"
  },
  "NPC_W1_Lady_29": {
    "StoryCharacterID": "NPC_W1_Lady_29",
    "SubType": "Normal",
    "StoryCharacterModelPath": "Characters/CharacterPrefabs/NPC/Normal/W1/Lady/NPC_W1_Lady_29.prefab",
    "JsonPath": "Config/ConfigCharacter/NPC/Normal/NPC_W1_Lady_Config.json",
    "StoryCharacterUniqueName": "W1_Lady_29",
    "FreeStyleCharacterID": "NPC_W1_Lady"
  },
  "NPC_W1_Lady_30": {
    "StoryCharacterID": "NPC_W1_Lady_30",
    "SubType": "Normal",
    "StoryCharacterModelPath": "Characters/CharacterPrefabs/NPC/Normal/W1/Lady/NPC_W1_Lady_30.prefab",
    "JsonPath": "Config/ConfigCharacter/NPC/Normal/NPC_W1_Lady_Config.json",
    "StoryCharacterUniqueName": "W1_Lady_30",
    "FreeStyleCharacterID": "NPC_W1_Lady"
  },
  "NPC_W1_Lady_31": {
    "StoryCharacterID": "NPC_W1_Lady_31",
    "SubType": "Normal",
    "StoryCharacterModelPath": "Characters/CharacterPrefabs/NPC/Normal/W1/Lady/NPC_W1_Lady_31.prefab",
    "JsonPath": "Config/ConfigCharacter/NPC/Normal/NPC_W1_Lady_Config.json",
    "StoryCharacterUniqueName": "W1_Lady_31",
    "FreeStyleCharacterID": "NPC_W1_Lady"
  },
  "NPC_W1_Old_01": {
    "StoryCharacterID": "NPC_W1_Old_01",
    "SubType": "Normal",
    "StoryCharacterModelPath": "Characters/CharacterPrefabs/NPC/Normal/W1/Old/NPC_W1_Old_01.prefab",
    "JsonPath": "Config/ConfigCharacter/NPC/Normal/NPC_W1_Old_Config.json",
    "StoryCharacterUniqueName": "W1_Old_01",
    "FreeStyleCharacterID": "NPC_W1_Old"
  },
  "NPC_W1_Old_02": {
    "StoryCharacterID": "NPC_W1_Old_02",
    "SubType": "Normal",
    "StoryCharacterModelPath": "Characters/CharacterPrefabs/NPC/Normal/W1/Old/NPC_W1_Old_02.prefab",
    "JsonPath": "Config/ConfigCharacter/NPC/Normal/NPC_W1_Old_Config.json",
    "StoryCharacterUniqueName": "W1_Old_02",
    "FreeStyleCharacterID": "NPC_W1_Old"
  },
  "NPC_W1_Old_03": {
    "StoryCharacterID": "NPC_W1_Old_03",
    "SubType": "Normal",
    "StoryCharacterModelPath": "Characters/CharacterPrefabs/NPC/Normal/W1/Old/NPC_W1_Old_03.prefab",
    "JsonPath": "Config/ConfigCharacter/NPC/Normal/NPC_W1_Old_Config.json",
    "StoryCharacterUniqueName": "W1_Old_03",
    "FreeStyleCharacterID": "NPC_W1_Old"
  },
  "NPC_W1_Old_04": {
    "StoryCharacterID": "NPC_W1_Old_04",
    "SubType": "Normal",
    "StoryCharacterModelPath": "Characters/CharacterPrefabs/NPC/Normal/W1/Old/NPC_W1_Old_04.prefab",
    "JsonPath": "Config/ConfigCharacter/NPC/Normal/NPC_W1_Old_Config.json",
    "StoryCharacterUniqueName": "W1_Old_04",
    "FreeStyleCharacterID": "NPC_W1_Old"
  },
  "NPC_W1_Old_05": {
    "StoryCharacterID": "NPC_W1_Old_05",
    "SubType": "Normal",
    "StoryCharacterModelPath": "Characters/CharacterPrefabs/NPC/Normal/W1/Old/NPC_W1_Old_05.prefab",
    "JsonPath": "Config/ConfigCharacter/NPC/Normal/NPC_W1_Old_Config.json",
    "StoryCharacterUniqueName": "W1_Old_05",
    "FreeStyleCharacterID": "NPC_W1_Old"
  },
  "NPC_W1_Old_06": {
    "StoryCharacterID": "NPC_W1_Old_06",
    "SubType": "Normal",
    "StoryCharacterModelPath": "Characters/CharacterPrefabs/NPC/Normal/W1/Old/NPC_W1_Old_06.prefab",
    "JsonPath": "Config/ConfigCharacter/NPC/Normal/NPC_W1_Old_Config.json",
    "StoryCharacterUniqueName": "W1_Old_06",
    "FreeStyleCharacterID": "NPC_W1_Old"
  },
  "NPC_W1_Old_07": {
    "StoryCharacterID": "NPC_W1_Old_07",
    "SubType": "Normal",
    "StoryCharacterModelPath": "Characters/CharacterPrefabs/NPC/Normal/W1/Old/NPC_W1_Old_07.prefab",
    "JsonPath": "Config/ConfigCharacter/NPC/Normal/NPC_W1_Old_Config.json",
    "StoryCharacterUniqueName": "W1_Old_07",
    "FreeStyleCharacterID": "NPC_W1_Old"
  },
  "NPC_W1_Old_08": {
    "StoryCharacterID": "NPC_W1_Old_08",
    "SubType": "Normal",
    "StoryCharacterModelPath": "Characters/CharacterPrefabs/NPC/Normal/W1/Old/NPC_W1_Old_08.prefab",
    "JsonPath": "Config/ConfigCharacter/NPC/Normal/NPC_W1_Old_Config.json",
    "StoryCharacterUniqueName": "W1_Old_08",
    "FreeStyleCharacterID": "NPC_W1_Old"
  },
  "NPC_W1_Old_09": {
    "StoryCharacterID": "NPC_W1_Old_09",
    "SubType": "Normal",
    "StoryCharacterModelPath": "Characters/CharacterPrefabs/NPC/Normal/W1/Old/NPC_W1_Old_09.prefab",
    "JsonPath": "Config/ConfigCharacter/NPC/Normal/NPC_W1_Old_Config.json",
    "StoryCharacterUniqueName": "W1_Old_09",
    "FreeStyleCharacterID": "NPC_W1_Old"
  },
  "NPC_W1_Old_10": {
    "StoryCharacterID": "NPC_W1_Old_10",
    "SubType": "Normal",
    "StoryCharacterModelPath": "Characters/CharacterPrefabs/NPC/Normal/W1/Old/NPC_W1_Old_10.prefab",
    "JsonPath": "Config/ConfigCharacter/NPC/Normal/NPC_W1_Old_Config.json",
    "StoryCharacterUniqueName": "W1_Old_10",
    "FreeStyleCharacterID": "NPC_W1_Old"
  },
  "NPC_W1_Old_11": {
    "StoryCharacterID": "NPC_W1_Old_11",
    "SubType": "Normal",
    "StoryCharacterModelPath": "Characters/CharacterPrefabs/NPC/Normal/W1/Old/NPC_W1_Old_11.prefab",
    "JsonPath": "Config/ConfigCharacter/NPC/Normal/NPC_W1_Old_Config.json",
    "StoryCharacterUniqueName": "W1_Old_11",
    "FreeStyleCharacterID": "NPC_W1_Old"
  },
  "NPC_W1_Old_12": {
    "StoryCharacterID": "NPC_W1_Old_12",
    "SubType": "Normal",
    "StoryCharacterModelPath": "Characters/CharacterPrefabs/NPC/Normal/W1/Old/NPC_W1_Old_12.prefab",
    "JsonPath": "Config/ConfigCharacter/NPC/Normal/NPC_W1_Old_Config.json",
    "StoryCharacterUniqueName": "W1_Old_12",
    "FreeStyleCharacterID": "NPC_W1_Old"
  },
  "NPC_W1_Old_13": {
    "StoryCharacterID": "NPC_W1_Old_13",
    "SubType": "Normal",
    "StoryCharacterModelPath": "Characters/CharacterPrefabs/NPC/Normal/W1/Old/NPC_W1_Old_13.prefab",
    "JsonPath": "Config/ConfigCharacter/NPC/Normal/NPC_W1_Old_Config.json",
    "StoryCharacterUniqueName": "W1_Old_13",
    "FreeStyleCharacterID": "NPC_W1_Old"
  },
  "NPC_W1_Child_01": {
    "StoryCharacterID": "NPC_W1_Child_01",
    "SubType": "Normal",
    "StoryCharacterModelPath": "Characters/CharacterPrefabs/NPC/Normal/W1/Child/NPC_W1_Child_01.prefab",
    "JsonPath": "Config/ConfigCharacter/NPC/Normal/NPC_W1_Child_Config.json",
    "StoryCharacterUniqueName": "W1_Child_01",
    "FreeStyleCharacterID": "NPC_W1_Child"
  },
  "NPC_W1_Child_02": {
    "StoryCharacterID": "NPC_W1_Child_02",
    "SubType": "Normal",
    "StoryCharacterModelPath": "Characters/CharacterPrefabs/NPC/Normal/W1/Child/NPC_W1_Child_02.prefab",
    "JsonPath": "Config/ConfigCharacter/NPC/Normal/NPC_W1_Child_Config.json",
    "StoryCharacterUniqueName": "W1_Child_02",
    "FreeStyleCharacterID": "NPC_W1_Child"
  },
  "NPC_W1_Child_03": {
    "StoryCharacterID": "NPC_W1_Child_03",
    "SubType": "Normal",
    "StoryCharacterModelPath": "Characters/CharacterPrefabs/NPC/Normal/W1/Child/NPC_W1_Child_03.prefab",
    "JsonPath": "Config/ConfigCharacter/NPC/Normal/NPC_W1_Child_Config.json",
    "StoryCharacterUniqueName": "W1_Child_03",
    "FreeStyleCharacterID": "NPC_W1_Child"
  },
  "NPC_W1_Child_04": {
    "StoryCharacterID": "NPC_W1_Child_04",
    "SubType": "Normal",
    "StoryCharacterModelPath": "Characters/CharacterPrefabs/NPC/Normal/W1/Child/NPC_W1_Child_04.prefab",
    "JsonPath": "Config/ConfigCharacter/NPC/Normal/NPC_W1_Child_Config.json",
    "StoryCharacterUniqueName": "W1_Child_04",
    "FreeStyleCharacterID": "NPC_W1_Child"
  },
  "NPC_W1_Child_05": {
    "StoryCharacterID": "NPC_W1_Child_05",
    "SubType": "Normal",
    "StoryCharacterModelPath": "Characters/CharacterPrefabs/NPC/Normal/W1/Child/NPC_W1_Child_05.prefab",
    "JsonPath": "Config/ConfigCharacter/NPC/Normal/NPC_W1_Child_Config.json",
    "StoryCharacterUniqueName": "W1_Child_05",
    "FreeStyleCharacterID": "NPC_W1_Child"
  },
  "NPC_W1_Child_06": {
    "StoryCharacterID": "NPC_W1_Child_06",
    "SubType": "Normal",
    "StoryCharacterModelPath": "Characters/CharacterPrefabs/NPC/Normal/W1/Child/NPC_W1_Child_06.prefab",
    "JsonPath": "Config/ConfigCharacter/NPC/Normal/NPC_W1_Child_Config.json",
    "StoryCharacterUniqueName": "W1_Child_06",
    "FreeStyleCharacterID": "NPC_W1_Child"
  },
  "NPC_W1_Child_07": {
    "StoryCharacterID": "NPC_W1_Child_07",
    "SubType": "Normal",
    "StoryCharacterModelPath": "Characters/CharacterPrefabs/NPC/Normal/W1/Child/NPC_W1_Child_07.prefab",
    "JsonPath": "Config/ConfigCharacter/NPC/Normal/NPC_W1_Child_Config.json",
    "StoryCharacterUniqueName": "W1_Child_07",
    "FreeStyleCharacterID": "NPC_W1_Child"
  },
  "NPC_W1_Child_08": {
    "StoryCharacterID": "NPC_W1_Child_08",
    "SubType": "Normal",
    "StoryCharacterModelPath": "Characters/CharacterPrefabs/NPC/Normal/W1/Child/NPC_W1_Child_08.prefab",
    "JsonPath": "Config/ConfigCharacter/NPC/Normal/NPC_W1_Child_Config.json",
    "StoryCharacterUniqueName": "W1_Child_08",
    "FreeStyleCharacterID": "NPC_W1_Child"
  },
  "NPC_W1_Child_09": {
    "StoryCharacterID": "NPC_W1_Child_09",
    "SubType": "Normal",
    "StoryCharacterModelPath": "Characters/CharacterPrefabs/NPC/Normal/W1/Child/NPC_W1_Child_09.prefab",
    "JsonPath": "Config/ConfigCharacter/NPC/Normal/NPC_W1_Child_Config.json",
    "StoryCharacterUniqueName": "W1_Child_09",
    "FreeStyleCharacterID": "NPC_W1_Child"
  },
  "NPC_W1_Child_10": {
    "StoryCharacterID": "NPC_W1_Child_10",
    "SubType": "Normal",
    "StoryCharacterModelPath": "Characters/CharacterPrefabs/NPC/Normal/W1/Child/NPC_W1_Child_10.prefab",
    "JsonPath": "Config/ConfigCharacter/NPC/Normal/NPC_W1_Child_Config.json",
    "StoryCharacterUniqueName": "W1_Child_10",
    "FreeStyleCharacterID": "NPC_W1_Child"
  },
  "NPC_W1_Child_11": {
    "StoryCharacterID": "NPC_W1_Child_11",
    "SubType": "Normal",
    "StoryCharacterModelPath": "Characters/CharacterPrefabs/NPC/Normal/W1/Child/NPC_W1_Child_11.prefab",
    "JsonPath": "Config/ConfigCharacter/NPC/Normal/NPC_W1_Child_Config.json",
    "StoryCharacterUniqueName": "W1_Child_11",
    "FreeStyleCharacterID": "NPC_W1_Child"
  },
  "NPC_W1_Child_12": {
    "StoryCharacterID": "NPC_W1_Child_12",
    "SubType": "Normal",
    "StoryCharacterModelPath": "Characters/CharacterPrefabs/NPC/Normal/W1/Child/NPC_W1_Child_12.prefab",
    "JsonPath": "Config/ConfigCharacter/NPC/Normal/NPC_W1_Child_Config.json",
    "StoryCharacterUniqueName": "W1_Child_12",
    "FreeStyleCharacterID": "NPC_W1_Child"
  },
  "NPC_W1_Child_13": {
    "StoryCharacterID": "NPC_W1_Child_13",
    "SubType": "Normal",
    "StoryCharacterModelPath": "Characters/CharacterPrefabs/NPC/Normal/W1/Child/NPC_W1_Child_13.prefab",
    "JsonPath": "Config/ConfigCharacter/NPC/Normal/NPC_W1_Child_Config.json",
    "StoryCharacterUniqueName": "W1_Child_13",
    "FreeStyleCharacterID": "NPC_W1_Child"
  },
  "NPC_W1_Child_14": {
    "StoryCharacterID": "NPC_W1_Child_14",
    "SubType": "Avatar",
    "StoryCharacterModelPath": "Characters/CharacterPrefabs/NPC/Normal/W1/Child/NPC_W1_Child_14.prefab",
    "JsonPath": "Config/ConfigCharacter/NPC/Normal/NPC_W1_Child_Config.json",
    "StoryCharacterUniqueName": "W1_Child_14",
    "FreeStyleCharacterID": "NPC_W1_Child"
  },
  "NPC_Monster_W1_Mecha01_00": {
    "StoryCharacterID": "NPC_Monster_W1_Mecha01_00",
    "SubType": "Monster",
    "StoryCharacterModelPath": "Characters/CharacterPrefabs/NPC/Monster/W1_Mecha01_00/NPC_Monster_W1_Mecha01_00.prefab",
    "JsonPath": "Config/ConfigCharacter/NPC/Monster/NPC_Monster_W1_Mecha01_00_Config.json",
    "StoryCharacterUniqueName": "W1_Mecha01_00",
    "FreeStyleCharacterID": "NPC_Monster_W1_Mecha01_00"
  },
  "NPC_Monster_W1_Mecha01_01": {
    "StoryCharacterID": "NPC_Monster_W1_Mecha01_01",
    "SubType": "Monster",
    "StoryCharacterModelPath": "Characters/CharacterPrefabs/NPC/Monster/W1_Mecha01_01/NPC_Monster_W1_Mecha01_01.prefab",
    "JsonPath": "Config/ConfigCharacter/NPC/Monster/NPC_Monster_W1_Mecha01_01_Config.json",
    "StoryCharacterUniqueName": "W1_Mecha01_01",
    "FreeStyleCharacterID": "NPC_Monster_W1_Mecha01_01"
  },
  "NPC_Monster_W1_Soldier01_00": {
    "StoryCharacterID": "NPC_Monster_W1_Soldier01_00",
    "SubType": "Monster",
    "StoryCharacterModelPath": "Characters/CharacterPrefabs/NPC/Monster/W1_Soldier01_00/NPC_Monster_W1_Soldier01_00.prefab",
    "JsonPath": "Config/ConfigCharacter/NPC/Monster/NPC_Monster_W1_Soldier01_00_Config.json",
    "StoryCharacterUniqueName": "W1_Soldier01_00",
    "FreeStyleCharacterID": "NPC_Monster_W1_Soldier01_00"
  },
  "NPC_Monster_W1_Soldier01_01": {
    "StoryCharacterID": "NPC_Monster_W1_Soldier01_01",
    "SubType": "Monster",
    "StoryCharacterModelPath": "Characters/CharacterPrefabs/NPC/Monster/W1_Soldier01_01/NPC_Monster_W1_Soldier01_01.prefab",
    "JsonPath": "Config/ConfigCharacter/NPC/Monster/NPC_Monster_W1_Soldier01_01_Config.json",
    "StoryCharacterUniqueName": "W1_Soldier01_01",
    "FreeStyleCharacterID": "NPC_Monster_W1_Soldier01_00"
  },
  "NPC_Monster_W1_Soldier01_02": {
    "StoryCharacterID": "NPC_Monster_W1_Soldier01_02",
    "SubType": "Monster",
    "StoryCharacterModelPath": "Characters/CharacterPrefabs/NPC/Monster/W1_Soldier01_02/NPC_Monster_W1_Soldier01_02.prefab",
    "JsonPath": "Config/ConfigCharacter/NPC/Monster/NPC_Monster_W1_Soldier01_02_Config.json",
    "StoryCharacterUniqueName": "W1_Soldier01_02",
    "FreeStyleCharacterID": "NPC_Monster_W1_Soldier01_00"
  },
  "NPC_Monster_W1_Soldier01_03": {
    "StoryCharacterID": "NPC_Monster_W1_Soldier01_03",
    "SubType": "Monster",
    "StoryCharacterModelPath": "Characters/CharacterPrefabs/NPC/Monster/W1_Soldier01_03/NPC_Monster_W1_Soldier01_03.prefab",
    "JsonPath": "Config/ConfigCharacter/NPC/Monster/NPC_Monster_W1_Soldier01_03_Config.json",
    "StoryCharacterUniqueName": "W1_Soldier01_03",
    "FreeStyleCharacterID": "NPC_Monster_W1_Soldier01_00"
  },
  "NPC_Monster_W1_Mecha03_00": {
    "StoryCharacterID": "NPC_Monster_W1_Mecha03_00",
    "SubType": "Monster",
    "StoryCharacterModelPath": "Characters/CharacterPrefabs/NPC/Monster/W1_Mecha03_00/NPC_Monster_W1_Mecha03_00.prefab",
    "JsonPath": "Config/ConfigCharacter/NPC/Monster/NPC_Monster_W1_Mecha03_00_Config.json",
    "StoryCharacterUniqueName": "W1_Mecha03_00",
    "FreeStyleCharacterID": "NPC_Monster_W1_Mecha03_00"
  },
  "NPC_Monster_W1_Mecha04_00": {
    "StoryCharacterID": "NPC_Monster_W1_Mecha04_00",
    "SubType": "Monster",
    "StoryCharacterModelPath": "Characters/CharacterPrefabs/NPC/Monster/W1_Mecha04_00/NPC_Monster_W1_Mecha04_00.prefab",
    "JsonPath": "Config/ConfigCharacter/NPC/Monster/NPC_Monster_W1_Mecha04_00_Config.json",
    "StoryCharacterUniqueName": "W1_Mecha04_00",
    "FreeStyleCharacterID": "NPC_Monster_W1_Mecha04_00"
  },
  "NPC_Monster_W1_Soldier03_00": {
    "StoryCharacterID": "NPC_Monster_W1_Soldier03_00",
    "SubType": "Monster",
    "StoryCharacterModelPath": "Characters/CharacterPrefabs/NPC/Monster/W1_Soldier03_00/NPC_Monster_W1_Soldier03_00.prefab",
    "JsonPath": "Config/ConfigCharacter/NPC/Monster/NPC_Monster_W1_Soldier03_00_Config.json",
    "StoryCharacterUniqueName": "W1_Soldier03_00",
    "FreeStyleCharacterID": "NPC_Monster_W1_Soldier03_00"
  },
  "NPC_Monster_XP_Minion01_01": {
    "StoryCharacterID": "NPC_Monster_XP_Minion01_01",
    "SubType": "Monster",
    "StoryCharacterModelPath": "Characters/CharacterPrefabs/NPC/Monster/XP_Minion01_01/NPC_Monster_XP_Minion01_01.prefab",
    "JsonPath": "Config/ConfigCharacter/NPC/Monster/NPC_Monster_XP_Minion01_01_Config.json",
    "StoryCharacterUniqueName": "W1_Minion01_01",
    "FreeStyleCharacterID": "NPC_Monster_XP_Minion01_00"
  },
  "NPC_Monster_XP_Elite01_01": {
    "StoryCharacterID": "NPC_Monster_XP_Elite01_01",
    "SubType": "Monster",
    "StoryCharacterModelPath": "Characters/CharacterPrefabs/NPC/Monster/XP_Elite01_01/NPC_Monster_XP_Elite01_01.prefab",
    "JsonPath": "Config/ConfigCharacter/NPC/Monster/NPC_Monster_XP_Elite01_01_Config.json",
    "StoryCharacterUniqueName": "W1_Elite01_01",
    "FreeStyleCharacterID": "NPC_Monster_XP_Elite01_00"
  },
  "NPC_Monster_W1_Svarog_00": {
    "StoryCharacterID": "NPC_Monster_W1_Svarog_00",
    "SubType": "Monster",
    "StoryCharacterModelPath": "Characters/CharacterPrefabs/NPC/Monster/W1_Svarog_00/NPC_Monster_W1_Svarog_00.prefab",
    "JsonPath": "Config/ConfigCharacter/NPC/Monster/NPC_Monster_W1_Svarog_00_Config.json",
    "StoryCharacterUniqueName": "W1_Svarog_00",
    "FreeStyleCharacterID": "NPC_Monster_W1_Svarog_00"
  },
  "NPC_Special_Cocolia_00": {
    "StoryCharacterID": "NPC_Special_Cocolia_00",
    "SubType": "Pam",
    "StoryCharacterModelPath": "Characters/CharacterPrefabs/NPC/Special/Cocolia_00/NPC_Special_Cocolia_00.prefab",
    "JsonPath": "Config/ConfigCharacter/NPC/Special/NPC_Special_Cocolia_00_Config.json",
    "StoryCharacterUniqueName": "W1_Cocolia_00",
    "FreeStyleCharacterID": "NPC_Special_Cocolia_00"
  },
  "Story_Chap01_Prop_Robot_04": {
    "StoryCharacterID": "Story_Chap01_Prop_Robot_04",
    "SubType": "Monster",
    "StoryCharacterModelPath": "Props/Outputs/Chap01/Chap01_Prop_Robot/Story_Chap01_Prop_Robot_04.prefab",
    "JsonPath": "",
    "StoryCharacterUniqueName": "W1_Robot_04",
    "FreeStyleCharacterID": "Story_Chap01_Prop_Robot_04"
  },
  "NPC_Pam_00": {
    "StoryCharacterID": "NPC_Pam_00",
    "SubType": "Pam",
    "StoryCharacterModelPath": "Characters/CharacterPrefabs/NPC/Special/Pam_00/NPC_Special_Pam_00.prefab",
    "JsonPath": "",
    "StoryCharacterUniqueName": "Pam_00",
    "FreeStyleCharacterID": "NPC_Pam_00"
  },
  "NPC_FullNPC_W1_Male_Fersman": {
    "StoryCharacterID": "NPC_FullNPC_W1_Male_Fersman",
    "SubType": "Normal",
    "StoryCharacterModelPath": "Characters/CharacterPrefabs/NPC/Full/W1/Fersman/NPC_Full_W1_Male_Fersman.prefab",
    "JsonPath": "Config/ConfigCharacter/NPC/Full/NPC_W1_Male_Fersman_Config.json",
    "StoryCharacterUniqueName": "W1_Fersman",
    "FreeStyleCharacterID": "NPC_W1_Male"
  },
  "NPC_FullNPC_W1_Male_Oleg": {
    "StoryCharacterID": "NPC_FullNPC_W1_Male_Oleg",
    "SubType": "Normal",
    "StoryCharacterModelPath": "Characters/CharacterPrefabs/NPC/Full/W1/Oleg/NPC_Full_W1_Male_Oleg.prefab",
    "JsonPath": "Config/ConfigCharacter/NPC/Full/NPC_W1_Male_Oleg_Config.json",
    "StoryCharacterUniqueName": "W1_Oleg",
    "FreeStyleCharacterID": "NPC_W1_Male"
  },
  "NPC_Avatar_Kid_Hook_00": {
    "StoryCharacterID": "NPC_Avatar_Kid_Hook_00",
    "SubType": "Avatar",
    "StoryCharacterModelPath": "Characters/CharacterPrefabs/NPC/Avatar/Hook_00/NPC_Avatar_Hook_00.prefab",
    "JsonPath": "Config/ConfigCharacter/NPC/Avatar/NPC_Avatar_Hook_00_Config.json",
    "StoryCharacterUniqueName": "Hook_00",
    "FreeStyleCharacterID": "NPC_Avatar_Kid_Hook_00"
  },
  "NPC_Avatar_Maid_Mar_7th_00": {
    "StoryCharacterID": "NPC_Avatar_Maid_Mar_7th_00",
    "SubType": "Avatar",
    "StoryCharacterModelPath": "Characters/CharacterPrefabs/NPC/Avatar/Mar_7th_00/NPC_Avatar_Mar_7th_00.prefab",
    "JsonPath": "Config/ConfigCharacter/NPC/Avatar/NPC_Avatar_Mar_7th_00_Config.json",
    "StoryCharacterUniqueName": "Mar_7th_00",
    "FreeStyleCharacterID": "NPC_Avatar_Maid_Mar_7th_00"
  },
  "NPC_Avatar_Maid_Seele_00": {
    "StoryCharacterID": "NPC_Avatar_Maid_Seele_00",
    "SubType": "Avatar",
    "StoryCharacterModelPath": "Characters/CharacterPrefabs/NPC/Avatar/Seele_00/NPC_Avatar_Seele_00.prefab",
    "JsonPath": "Config/ConfigCharacter/NPC/Avatar/NPC_Avatar_Seele_00_Config.json",
    "StoryCharacterUniqueName": "Seele_00",
    "FreeStyleCharacterID": "NPC_Avatar_Maid_Seele_00"
  },
  "NPC_Avatar_Maid_Bronya_00": {
    "StoryCharacterID": "NPC_Avatar_Maid_Bronya_00",
    "SubType": "Avatar",
    "StoryCharacterModelPath": "Characters/CharacterPrefabs/NPC/Avatar/Bronya_00/NPC_Avatar_Bronya_00.prefab",
    "JsonPath": "Config/ConfigCharacter/NPC/Avatar/NPC_Avatar_Bronya_00_Config.json",
    "StoryCharacterUniqueName": "Bronya_00",
    "FreeStyleCharacterID": "NPC_Avatar_Maid_Bronya_00"
  },
  "NPC_Avatar_Maid_Asta_00": {
    "StoryCharacterID": "NPC_Avatar_Maid_Asta_00",
    "SubType": "Avatar",
    "StoryCharacterModelPath": "Characters/CharacterPrefabs/NPC/Avatar/Asta_00/NPC_Avatar_Asta_00.prefab",
    "JsonPath": "Config/ConfigCharacter/NPC/Avatar/NPC_Avatar_Asta_00_Config.json",
    "StoryCharacterUniqueName": "Asta_00",
    "FreeStyleCharacterID": "NPC_Avatar_Maid_Asta_00"
  },
  "NPC_Avatar_Male_Gepard_00": {
    "StoryCharacterID": "NPC_Avatar_Male_Gepard_00",
    "SubType": "Avatar",
    "StoryCharacterModelPath": "Characters/CharacterPrefabs/NPC/Avatar/Gepard_00/NPC_Avatar_Gepard_00.prefab",
    "JsonPath": "Config/ConfigCharacter/NPC/Avatar/NPC_Avatar_Gepard_00_Config.json",
    "StoryCharacterUniqueName": "Gepard_00",
    "FreeStyleCharacterID": "NPC_Avatar_Male_Gepard_00"
  },
  "NPC_Avatar_Lady_Natasha_00": {
    "StoryCharacterID": "NPC_Avatar_Lady_Natasha_00",
    "SubType": "Avatar",
    "StoryCharacterModelPath": "Characters/CharacterPrefabs/NPC/Avatar/Natasha_00/NPC_Avatar_Natasha_00.prefab",
    "JsonPath": "Config/ConfigCharacter/NPC/Avatar/NPC_Avatar_Natasha_00_Config.json",
    "StoryCharacterUniqueName": "Natasha_00",
    "FreeStyleCharacterID": "NPC_Avatar_Lady_Natasha_00"
  },
  "NPC_Avatar_Lad_PlayerBoy_00": {
    "StoryCharacterID": "NPC_Avatar_Lad_PlayerBoy_00",
    "SubType": "Avatar",
    "StoryCharacterModelPath": "Characters/CharacterPrefabs/NPC/Avatar/PlayerBoy_00/NPC_Avatar_PlayerBoy_00.prefab",
    "JsonPath": "Config/ConfigCharacter/NPC/Avatar/NPC_Avatar_PlayerBoy_00_Config.json",
    "StoryCharacterUniqueName": "PlayerBoy_00",
    "FreeStyleCharacterID": "NPC_Avatar_Lad_PlayerBoy_00"
  },
  "NPC_Avatar_Miss_PlayerGirl_00": {
    "StoryCharacterID": "NPC_Avatar_Miss_PlayerGirl_00",
    "SubType": "Avatar",
    "StoryCharacterModelPath": "Characters/CharacterPrefabs/NPC/Avatar/PlayerGirl_00/NPC_Avatar_PlayerGirl_00.prefab",
    "JsonPath": "Config/ConfigCharacter/NPC/Avatar/NPC_Avatar_PlayerGirl_00_Config.json",
    "StoryCharacterUniqueName": "PlayerGirl_00",
    "FreeStyleCharacterID": "NPC_Avatar_Miss_PlayerGirl_00"
  },
  "NPC_Avatar_Girl_Pela_00": {
    "StoryCharacterID": "NPC_Avatar_Girl_Pela_00",
    "SubType": "Avatar",
    "StoryCharacterModelPath": "Characters/CharacterPrefabs/NPC/Avatar/Pela_00/NPC_Avatar_Pela_00.prefab",
    "JsonPath": "Config/ConfigCharacter/NPC/Avatar/NPC_Avatar_Pela_00_Config.json",
    "StoryCharacterUniqueName": "Pela_00",
    "FreeStyleCharacterID": "NPC_Avatar_Girl_Pela_00"
  },
  "NPC_Avatar_Lad_DanHeng_00": {
    "StoryCharacterID": "NPC_Avatar_Lad_DanHeng_00",
    "SubType": "Avatar",
    "StoryCharacterModelPath": "Characters/CharacterPrefabs/NPC/Avatar/DanHeng_00/NPC_Avatar_DanHeng_00.prefab",
    "JsonPath": "Config/ConfigCharacter/NPC/Avatar/NPC_Avatar_DanHeng_00_Config.json",
    "StoryCharacterUniqueName": "DanHeng_00",
    "FreeStyleCharacterID": "NPC_Avatar_Lad_DanHeng_00"
  },
  "NPC_Avatar_Lady_Himeko_00": {
    "StoryCharacterID": "NPC_Avatar_Lady_Himeko_00",
    "SubType": "Avatar",
    "StoryCharacterModelPath": "Characters/CharacterPrefabs/NPC/Avatar/Himeko_00/NPC_Avatar_Himeko_00.prefab",
    "JsonPath": "Config/ConfigCharacter/NPC/Avatar/NPC_Avatar_Himeko_00_Config.json",
    "StoryCharacterUniqueName": "Himeko_00",
    "FreeStyleCharacterID": "NPC_Avatar_Lady_Himeko_00"
  },
  "NPC_Avatar_Male_Sampo_00": {
    "StoryCharacterID": "NPC_Avatar_Male_Sampo_00",
    "SubType": "Avatar",
    "StoryCharacterModelPath": "Characters/CharacterPrefabs/NPC/Avatar/Sampo_00/NPC_Avatar_Sampo_00.prefab",
    "JsonPath": "Config/ConfigCharacter/NPC/Avatar/NPC_Avatar_Sampo_00_Config.json",
    "StoryCharacterUniqueName": "Sampo_00",
    "FreeStyleCharacterID": "NPC_Avatar_Male_Sampo_00"
  },
  "NPC_Avatar_Male_Welt_00": {
    "StoryCharacterID": "NPC_Avatar_Male_Welt_00",
    "SubType": "Avatar",
    "StoryCharacterModelPath": "Characters/CharacterPrefabs/NPC/Avatar/Welt_00/NPC_Avatar_Welt_00.prefab",
    "JsonPath": "Config/ConfigCharacter/NPC/Avatar/NPC_Avatar_Welt_00_Config.json",
    "StoryCharacterUniqueName": "Welt_00",
    "FreeStyleCharacterID": "NPC_Avatar_Male_Welt_00"
  },
  "NPC_Avatar_Girl_Klara_00": {
    "StoryCharacterID": "NPC_Avatar_Girl_Klara_00",
    "SubType": "Avatar",
    "StoryCharacterModelPath": "Characters/CharacterPrefabs/NPC/Avatar/Klara_00/NPC_Avatar_Klara_00.prefab",
    "JsonPath": "Config/ConfigCharacter/NPC/Avatar/NPC_Avatar_Klara_00_Config.json",
    "StoryCharacterUniqueName": "Klara_00",
    "FreeStyleCharacterID": "NPC_Avatar_Girl_Klara_00"
  },
  "NPC_Avatar_Lady_Serval_00": {
    "StoryCharacterID": "NPC_Avatar_Lady_Serval_00",
    "SubType": "Avatar",
    "StoryCharacterModelPath": "Characters/CharacterPrefabs/NPC/Avatar/Serval_00/NPC_Avatar_Serval_00.prefab",
    "JsonPath": "Config/ConfigCharacter/NPC/Avatar/NPC_Avatar_Serval_00_Config.json",
    "StoryCharacterUniqueName": "Serval_00",
    "FreeStyleCharacterID": "NPC_Avatar_Lady_Serval_00"
  },
  "NPC_Avatar_Lady_Kafka_00": {
    "StoryCharacterID": "NPC_Avatar_Lady_Kafka_00",
    "SubType": "Avatar",
    "StoryCharacterModelPath": "Characters/CharacterPrefabs/NPC/Avatar/Kafka_00/NPC_Avatar_Kafka_00.prefab",
    "JsonPath": "Config/ConfigCharacter/NPC/Avatar/NPC_Avatar_Kafka_00_Config.json",
    "StoryCharacterUniqueName": "Kafka_00",
    "FreeStyleCharacterID": "NPC_Avatar_Lady_Kafka_00"
  },
  "NPC_Avatar_Lady_Kafka_01": {
    "StoryCharacterID": "NPC_Avatar_Lady_Kafka_01",
    "SubType": "Avatar",
    "StoryCharacterModelPath": "Characters/CharacterPrefabs/NPC/Avatar/Kafka_01/NPC_Avatar_Kafka_01.prefab",
    "JsonPath": "Config/ConfigCharacter/NPC/Avatar/NPC_Avatar_Kafka_01_Config.json",
    "StoryCharacterUniqueName": "Kafka_01",
    "FreeStyleCharacterID": "NPC_Avatar_Lady_Kafka_00"
  },
  "NPC_Avatar_Boy_Arlan_00": {
    "StoryCharacterID": "NPC_Avatar_Boy_Arlan_00",
    "SubType": "Avatar",
    "StoryCharacterModelPath": "Characters/CharacterPrefabs/NPC/Avatar/Arlan_00/NPC_Avatar_Arlan_00.prefab",
    "JsonPath": "Config/ConfigCharacter/NPC/Avatar/NPC_Avatar_Arlan_00_Config.json",
    "StoryCharacterUniqueName": "Arlan_00",
    "FreeStyleCharacterID": "NPC_Avatar_Boy_Arlan_00"
  },
  "NPC_Avatar_Girl_Silwolf_00": {
    "StoryCharacterID": "NPC_Avatar_Girl_Silwolf_00",
    "SubType": "Avatar",
    "StoryCharacterModelPath": "Characters/CharacterPrefabs/NPC/Avatar/Silwolf_00/NPC_Avatar_Silwolf_00.prefab",
    "JsonPath": "Config/ConfigCharacter/NPC/Avatar/NPC_Avatar_Silwolf_00_Config.json",
    "StoryCharacterUniqueName": "Silwolf_00",
    "FreeStyleCharacterID": "NPC_Avatar_Girl_Silwolf_00"
  },
  "NPC_Avatar_Girl_Herta_00": {
    "StoryCharacterID": "NPC_Avatar_Girl_Herta_00",
    "SubType": "Avatar",
    "StoryCharacterModelPath": "Characters/CharacterPrefabs/NPC/Avatar/Herta_00/NPC_Avatar_Herta_00.prefab",
    "JsonPath": "Config/ConfigCharacter/NPC/Avatar/NPC_Avatar_Herta_00_Config.json",
    "StoryCharacterUniqueName": "Herta_00",
    "FreeStyleCharacterID": "NPC_Avatar_Girl_Herta_00"
  },
  "NPC_Monster_W0_Minion02_00": {
    "StoryCharacterID": "NPC_Monster_W0_Minion02_00",
    "SubType": "Monster",
    "StoryCharacterModelPath": "Characters/CharacterPrefabs/NPC/Monster/AML_Minion02_00/NPC_Monster_AML_Minion02_00.prefab",
    "JsonPath": "Config/ConfigCharacter/NPC/Monster/NPC_Monster_AML_Minion02_00_Config.json",
    "StoryCharacterUniqueName": "W0_Minion02_00",
    "FreeStyleCharacterID": "NPC_Monster_AML_Minion02_00"
  },
  "NPC_Monster_W0_Minion03_00": {
    "StoryCharacterID": "NPC_Monster_W0_Minion03_00",
    "SubType": "Monster",
    "StoryCharacterModelPath": "Characters/CharacterPrefabs/NPC/Monster/W0_Minion03_00/NPC_Monster_W0_Minion03_00.prefab",
    "JsonPath": "Config/ConfigCharacter/NPC/Monster/NPC_Monster_W0_Minion03_00_Config.json",
    "StoryCharacterUniqueName": "W0_Minion03_00",
    "FreeStyleCharacterID": "NPC_Monster_AML_Minion03_00"
  },
  "NPC_Monster_W1_Minion02_00": {
    "StoryCharacterID": "NPC_Monster_W1_Minion02_00",
    "SubType": "Monster",
    "StoryCharacterModelPath": "Characters/CharacterPrefabs/NPC/Monster/XP_Minion02_00/NPC_Monster_XP_Minion02_00.prefab",
    "JsonPath": "Config/ConfigCharacter/NPC/Monster/NPC_Monster_XP_Minion02_00_Config.json",
    "StoryCharacterUniqueName": "W0_Minion02_00",
    "FreeStyleCharacterID": "NPC_Monster_AML_Minion02_00"
  },
  "NPC_W0_Male_01": {
    "StoryCharacterID": "NPC_W0_Male_01",
    "SubType": "Normal",
    "StoryCharacterModelPath": "Characters/CharacterPrefabs/NPC/Normal/W0/Male/NPC_W0_Male_01.prefab",
    "JsonPath": "Config/ConfigCharacter/NPC/Normal/NPC_W0_Male_Config.json",
    "StoryCharacterUniqueName": "W0_Male_01",
    "FreeStyleCharacterID": "NPC_W1_Male"
  },
  "NPC_W0_Male_02": {
    "StoryCharacterID": "NPC_W0_Male_02",
    "SubType": "Normal",
    "StoryCharacterModelPath": "Characters/CharacterPrefabs/NPC/Normal/W0/Male/NPC_W0_Male_02.prefab",
    "JsonPath": "Config/ConfigCharacter/NPC/Normal/NPC_W0_Male_Config.json",
    "StoryCharacterUniqueName": "W0_Male_02",
    "FreeStyleCharacterID": "NPC_W1_Male"
  },
  "NPC_W0_Male_03": {
    "StoryCharacterID": "NPC_W0_Male_03",
    "SubType": "Normal",
    "StoryCharacterModelPath": "Characters/CharacterPrefabs/NPC/Normal/W0/Male/NPC_W0_Male_03.prefab",
    "JsonPath": "Config/ConfigCharacter/NPC/Normal/NPC_W0_Male_Config.json",
    "StoryCharacterUniqueName": "W0_Male_03",
    "FreeStyleCharacterID": "NPC_W1_Male"
  },
  "NPC_W0_Male_04": {
    "StoryCharacterID": "NPC_W0_Male_04",
    "SubType": "Normal",
    "StoryCharacterModelPath": "Characters/CharacterPrefabs/NPC/Normal/W0/Male/NPC_W0_Male_04.prefab",
    "JsonPath": "Config/ConfigCharacter/NPC/Normal/NPC_W0_Male_Config.json",
    "StoryCharacterUniqueName": "W0_Male_04",
    "FreeStyleCharacterID": "NPC_W1_Male"
  },
  "NPC_W0_Male_05": {
    "StoryCharacterID": "NPC_W0_Male_05",
    "SubType": "Normal",
    "StoryCharacterModelPath": "Characters/CharacterPrefabs/NPC/Normal/W0/Male/NPC_W0_Male_05.prefab",
    "JsonPath": "Config/ConfigCharacter/NPC/Normal/NPC_W0_Male_Config.json",
    "StoryCharacterUniqueName": "W0_Male_05",
    "FreeStyleCharacterID": "NPC_W1_Male"
  },
  "NPC_W0_Male_06": {
    "StoryCharacterID": "NPC_W0_Male_06",
    "SubType": "Normal",
    "StoryCharacterModelPath": "Characters/CharacterPrefabs/NPC/Normal/W0/Male/NPC_W0_Male_06.prefab",
    "JsonPath": "Config/ConfigCharacter/NPC/Normal/NPC_W0_Male_Config.json",
    "StoryCharacterUniqueName": "W0_Male_06",
    "FreeStyleCharacterID": "NPC_W1_Male"
  },
  "NPC_W0_Male_07": {
    "StoryCharacterID": "NPC_W0_Male_07",
    "SubType": "Normal",
    "StoryCharacterModelPath": "Characters/CharacterPrefabs/NPC/Normal/W0/Male/NPC_W0_Male_07.prefab",
    "JsonPath": "Config/ConfigCharacter/NPC/Normal/NPC_W0_Male_Config.json",
    "StoryCharacterUniqueName": "W0_Male_07",
    "FreeStyleCharacterID": "NPC_W1_Male"
  },
  "NPC_W0_Male_08": {
    "StoryCharacterID": "NPC_W0_Male_08",
    "SubType": "Normal",
    "StoryCharacterModelPath": "Characters/CharacterPrefabs/NPC/Normal/W0/Male/NPC_W0_Male_08.prefab",
    "JsonPath": "Config/ConfigCharacter/NPC/Normal/NPC_W0_Male_Config.json",
    "StoryCharacterUniqueName": "W0_Male_08",
    "FreeStyleCharacterID": "NPC_W1_Male"
  },
  "NPC_W0_Male_09": {
    "StoryCharacterID": "NPC_W0_Male_09",
    "SubType": "Normal",
    "StoryCharacterModelPath": "Characters/CharacterPrefabs/NPC/Normal/W0/Male/NPC_W0_Male_09.prefab",
    "JsonPath": "Config/ConfigCharacter/NPC/Normal/NPC_W0_Male_Config.json",
    "StoryCharacterUniqueName": "W0_Male_09",
    "FreeStyleCharacterID": "NPC_W1_Male"
  },
  "NPC_W0_Male_10": {
    "StoryCharacterID": "NPC_W0_Male_10",
    "SubType": "Normal",
    "StoryCharacterModelPath": "Characters/CharacterPrefabs/NPC/Normal/W0/Male/NPC_W0_Male_10.prefab",
    "JsonPath": "Config/ConfigCharacter/NPC/Normal/NPC_W0_Male_Config.json",
    "StoryCharacterUniqueName": "W0_Male_10",
    "FreeStyleCharacterID": "NPC_W1_Male"
  },
  "NPC_W0_Male_11": {
    "StoryCharacterID": "NPC_W0_Male_11",
    "SubType": "Normal",
    "StoryCharacterModelPath": "Characters/CharacterPrefabs/NPC/Normal/W0/Male/NPC_W0_Male_11.prefab",
    "JsonPath": "Config/ConfigCharacter/NPC/Normal/NPC_W0_Male_Config.json",
    "StoryCharacterUniqueName": "W0_Male_11",
    "FreeStyleCharacterID": "NPC_W1_Male"
  },
  "NPC_W0_Male_12": {
    "StoryCharacterID": "NPC_W0_Male_12",
    "SubType": "Normal",
    "StoryCharacterModelPath": "Characters/CharacterPrefabs/NPC/Normal/W0/Male/NPC_W0_Male_12.prefab",
    "JsonPath": "Config/ConfigCharacter/NPC/Normal/NPC_W0_Male_Config.json",
    "StoryCharacterUniqueName": "W0_Male_12",
    "FreeStyleCharacterID": "NPC_W1_Male"
  },
  "NPC_W0_Male_13": {
    "StoryCharacterID": "NPC_W0_Male_13",
    "SubType": "Normal",
    "StoryCharacterModelPath": "Characters/CharacterPrefabs/NPC/Normal/W0/Male/NPC_W0_Male_13.prefab",
    "JsonPath": "Config/ConfigCharacter/NPC/Normal/NPC_W0_Male_Config.json",
    "StoryCharacterUniqueName": "W0_Male_13",
    "FreeStyleCharacterID": "NPC_W1_Male"
  },
  "NPC_W0_Male_14": {
    "StoryCharacterID": "NPC_W0_Male_14",
    "SubType": "Normal",
    "StoryCharacterModelPath": "Characters/CharacterPrefabs/NPC/Normal/W0/Male/NPC_W0_Male_14.prefab",
    "JsonPath": "Config/ConfigCharacter/NPC/Normal/NPC_W0_Male_Config.json",
    "StoryCharacterUniqueName": "W0_Male_14",
    "FreeStyleCharacterID": "NPC_W1_Male"
  },
  "NPC_W0_Male_15": {
    "StoryCharacterID": "NPC_W0_Male_15",
    "SubType": "Normal",
    "StoryCharacterModelPath": "Characters/CharacterPrefabs/NPC/Normal/W0/Male/NPC_W0_Male_15.prefab",
    "JsonPath": "Config/ConfigCharacter/NPC/Normal/NPC_W0_Male_Config.json",
    "StoryCharacterUniqueName": "W0_Male_15",
    "FreeStyleCharacterID": "NPC_W1_Male"
  },
  "NPC_W0_Male_16": {
    "StoryCharacterID": "NPC_W0_Male_16",
    "SubType": "Normal",
    "StoryCharacterModelPath": "Characters/CharacterPrefabs/NPC/Normal/W0/Male/NPC_W0_Male_16.prefab",
    "JsonPath": "Config/ConfigCharacter/NPC/Normal/NPC_W0_Male_Config.json",
    "StoryCharacterUniqueName": "W0_Male_16",
    "FreeStyleCharacterID": "NPC_W1_Male"
  },
  "NPC_W0_Male_17": {
    "StoryCharacterID": "NPC_W0_Male_17",
    "SubType": "Normal",
    "StoryCharacterModelPath": "Characters/CharacterPrefabs/NPC/Normal/W0/Male/NPC_W0_Male_17.prefab",
    "JsonPath": "Config/ConfigCharacter/NPC/Normal/NPC_W0_Male_Config.json",
    "StoryCharacterUniqueName": "W0_Male_17",
    "FreeStyleCharacterID": "NPC_W1_Male"
  },
  "NPC_W0_Male_18": {
    "StoryCharacterID": "NPC_W0_Male_18",
    "SubType": "Normal",
    "StoryCharacterModelPath": "Characters/CharacterPrefabs/NPC/Normal/W0/Male/NPC_W0_Male_18.prefab",
    "JsonPath": "Config/ConfigCharacter/NPC/Normal/NPC_W0_Male_Config.json",
    "StoryCharacterUniqueName": "W0_Male_18",
    "FreeStyleCharacterID": "NPC_W1_Male"
  },
  "NPC_W0_Male_19": {
    "StoryCharacterID": "NPC_W0_Male_19",
    "SubType": "Normal",
    "StoryCharacterModelPath": "Characters/CharacterPrefabs/NPC/Normal/W0/Male/NPC_W0_Male_19.prefab",
    "JsonPath": "Config/ConfigCharacter/NPC/Normal/NPC_W0_Male_Config.json",
    "StoryCharacterUniqueName": "W0_Male_19",
    "FreeStyleCharacterID": "NPC_W1_Male"
  },
  "NPC_W0_Male_20": {
    "StoryCharacterID": "NPC_W0_Male_20",
    "SubType": "Normal",
    "StoryCharacterModelPath": "Characters/CharacterPrefabs/NPC/Normal/W0/Male/NPC_W0_Male_20.prefab",
    "JsonPath": "Config/ConfigCharacter/NPC/Normal/NPC_W0_Male_Config.json",
    "StoryCharacterUniqueName": "W0_Male_20",
    "FreeStyleCharacterID": "NPC_W1_Male"
  },
  "NPC_W0_Male_21": {
    "StoryCharacterID": "NPC_W0_Male_21",
    "SubType": "Normal",
    "StoryCharacterModelPath": "Characters/CharacterPrefabs/NPC/Normal/W0/Male/NPC_W0_Male_21.prefab",
    "JsonPath": "Config/ConfigCharacter/NPC/Normal/NPC_W0_Male_Config.json",
    "StoryCharacterUniqueName": "W0_Male_21",
    "FreeStyleCharacterID": "NPC_W1_Male"
  },
  "NPC_W0_Lady_01": {
    "StoryCharacterID": "NPC_W0_Lady_01",
    "SubType": "Normal",
    "StoryCharacterModelPath": "Characters/CharacterPrefabs/NPC/Normal/W0/Lady/NPC_W0_Lady_01.prefab",
    "JsonPath": "Config/ConfigCharacter/NPC/Normal/NPC_W0_Lady_Config.json",
    "StoryCharacterUniqueName": "W0_Lady_01",
    "FreeStyleCharacterID": "NPC_W1_Lady"
  },
  "NPC_W0_Lady_02": {
    "StoryCharacterID": "NPC_W0_Lady_02",
    "SubType": "Normal",
    "StoryCharacterModelPath": "Characters/CharacterPrefabs/NPC/Normal/W0/Lady/NPC_W0_Lady_02.prefab",
    "JsonPath": "Config/ConfigCharacter/NPC/Normal/NPC_W0_Lady_Config.json",
    "StoryCharacterUniqueName": "W0_Lady_02",
    "FreeStyleCharacterID": "NPC_W1_Lady"
  },
  "NPC_W0_Lady_03": {
    "StoryCharacterID": "NPC_W0_Lady_03",
    "SubType": "Normal",
    "StoryCharacterModelPath": "Characters/CharacterPrefabs/NPC/Normal/W0/Lady/NPC_W0_Lady_03.prefab",
    "JsonPath": "Config/ConfigCharacter/NPC/Normal/NPC_W0_Lady_Config.json",
    "StoryCharacterUniqueName": "W0_Lady_03",
    "FreeStyleCharacterID": "NPC_W1_Lady"
  },
  "NPC_W0_Lady_04": {
    "StoryCharacterID": "NPC_W0_Lady_04",
    "SubType": "Normal",
    "StoryCharacterModelPath": "Characters/CharacterPrefabs/NPC/Normal/W0/Lady/NPC_W0_Lady_04.prefab",
    "JsonPath": "Config/ConfigCharacter/NPC/Normal/NPC_W0_Lady_Config.json",
    "StoryCharacterUniqueName": "W0_Lady_04",
    "FreeStyleCharacterID": "NPC_W1_Lady"
  },
  "NPC_W0_Lady_05": {
    "StoryCharacterID": "NPC_W0_Lady_05",
    "SubType": "Normal",
    "StoryCharacterModelPath": "Characters/CharacterPrefabs/NPC/Normal/W0/Lady/NPC_W0_Lady_05.prefab",
    "JsonPath": "Config/ConfigCharacter/NPC/Normal/NPC_W0_Lady_Config.json",
    "StoryCharacterUniqueName": "W0_Lady_05",
    "FreeStyleCharacterID": "NPC_W1_Lady"
  },
  "NPC_W0_Lady_06": {
    "StoryCharacterID": "NPC_W0_Lady_06",
    "SubType": "Normal",
    "StoryCharacterModelPath": "Characters/CharacterPrefabs/NPC/Normal/W0/Lady/NPC_W0_Lady_06.prefab",
    "JsonPath": "Config/ConfigCharacter/NPC/Normal/NPC_W0_Lady_Config.json",
    "StoryCharacterUniqueName": "W0_Lady_06",
    "FreeStyleCharacterID": "NPC_W1_Lady"
  },
  "NPC_W0_Lady_07": {
    "StoryCharacterID": "NPC_W0_Lady_07",
    "SubType": "Normal",
    "StoryCharacterModelPath": "Characters/CharacterPrefabs/NPC/Normal/W0/Lady/NPC_W0_Lady_07.prefab",
    "JsonPath": "Config/ConfigCharacter/NPC/Normal/NPC_W0_Lady_Config.json",
    "StoryCharacterUniqueName": "W0_Lady_07",
    "FreeStyleCharacterID": "NPC_W1_Lady"
  },
  "NPC_W0_Lady_08": {
    "StoryCharacterID": "NPC_W0_Lady_08",
    "SubType": "Normal",
    "StoryCharacterModelPath": "Characters/CharacterPrefabs/NPC/Normal/W0/Lady/NPC_W0_Lady_08.prefab",
    "JsonPath": "Config/ConfigCharacter/NPC/Normal/NPC_W0_Lady_Config.json",
    "StoryCharacterUniqueName": "W0_Lady_08",
    "FreeStyleCharacterID": "NPC_W1_Lady"
  },
  "NPC_W0_Lady_09": {
    "StoryCharacterID": "NPC_W0_Lady_09",
    "SubType": "Normal",
    "StoryCharacterModelPath": "Characters/CharacterPrefabs/NPC/Normal/W0/Lady/NPC_W0_Lady_09.prefab",
    "JsonPath": "Config/ConfigCharacter/NPC/Normal/NPC_W0_Lady_Config.json",
    "StoryCharacterUniqueName": "W0_Lady_09",
    "FreeStyleCharacterID": "NPC_W1_Lady"
  },
  "NPC_W0_Lady_10": {
    "StoryCharacterID": "NPC_W0_Lady_10",
    "SubType": "Normal",
    "StoryCharacterModelPath": "Characters/CharacterPrefabs/NPC/Normal/W0/Lady/NPC_W0_Lady_10.prefab",
    "JsonPath": "Config/ConfigCharacter/NPC/Normal/NPC_W0_Lady_Config.json",
    "StoryCharacterUniqueName": "W0_Lady_10",
    "FreeStyleCharacterID": "NPC_W1_Lady"
  },
  "NPC_W0_Lady_11": {
    "StoryCharacterID": "NPC_W0_Lady_11",
    "SubType": "Normal",
    "StoryCharacterModelPath": "Characters/CharacterPrefabs/NPC/Normal/W0/Lady/NPC_W0_Lady_11.prefab",
    "JsonPath": "Config/ConfigCharacter/NPC/Normal/NPC_W0_Lady_Config.json",
    "StoryCharacterUniqueName": "W0_Lady_11",
    "FreeStyleCharacterID": "NPC_W1_Lady"
  },
  "NPC_W0_Lady_12": {
    "StoryCharacterID": "NPC_W0_Lady_12",
    "SubType": "Normal",
    "StoryCharacterModelPath": "Characters/CharacterPrefabs/NPC/Normal/W0/Lady/NPC_W0_Lady_12.prefab",
    "JsonPath": "Config/ConfigCharacter/NPC/Normal/NPC_W0_Lady_Config.json",
    "StoryCharacterUniqueName": "W0_Lady_12",
    "FreeStyleCharacterID": "NPC_W1_Lady"
  },
  "NPC_W0_Lady_13": {
    "StoryCharacterID": "NPC_W0_Lady_13",
    "SubType": "Normal",
    "StoryCharacterModelPath": "Characters/CharacterPrefabs/NPC/Normal/W0/Lady/NPC_W0_Lady_13.prefab",
    "JsonPath": "Config/ConfigCharacter/NPC/Normal/NPC_W0_Lady_Config.json",
    "StoryCharacterUniqueName": "W0_Lady_13",
    "FreeStyleCharacterID": "NPC_W1_Lady"
  },
  "NPC_W0_Lady_14": {
    "StoryCharacterID": "NPC_W0_Lady_14",
    "SubType": "Normal",
    "StoryCharacterModelPath": "Characters/CharacterPrefabs/NPC/Normal/W0/Lady/NPC_W0_Lady_14.prefab",
    "JsonPath": "Config/ConfigCharacter/NPC/Normal/NPC_W0_Lady_Config.json",
    "StoryCharacterUniqueName": "W0_Lady_14",
    "FreeStyleCharacterID": "NPC_W1_Lady"
  },
  "NPC_W0_Lady_15": {
    "StoryCharacterID": "NPC_W0_Lady_15",
    "SubType": "Normal",
    "StoryCharacterModelPath": "Characters/CharacterPrefabs/NPC/Normal/W0/Lady/NPC_W0_Lady_15.prefab",
    "JsonPath": "Config/ConfigCharacter/NPC/Normal/NPC_W0_Lady_Config.json",
    "StoryCharacterUniqueName": "W0_Lady_15",
    "FreeStyleCharacterID": "NPC_W1_Lady"
  },
  "NPC_W0_Lady_16": {
    "StoryCharacterID": "NPC_W0_Lady_16",
    "SubType": "Normal",
    "StoryCharacterModelPath": "Characters/CharacterPrefabs/NPC/Normal/W0/Lady/NPC_W0_Lady_16.prefab",
    "JsonPath": "Config/ConfigCharacter/NPC/Normal/NPC_W0_Lady_Config.json",
    "StoryCharacterUniqueName": "W0_Lady_16",
    "FreeStyleCharacterID": "NPC_W1_Lady"
  },
  "NPC_W0_Lady_17": {
    "StoryCharacterID": "NPC_W0_Lady_17",
    "SubType": "Normal",
    "StoryCharacterModelPath": "Characters/CharacterPrefabs/NPC/Normal/W0/Lady/NPC_W0_Lady_17.prefab",
    "JsonPath": "Config/ConfigCharacter/NPC/Normal/NPC_W0_Lady_Config.json",
    "StoryCharacterUniqueName": "W0_Lady_17",
    "FreeStyleCharacterID": "NPC_W1_Lady"
  },
  "NPC_W0_Old_01": {
    "StoryCharacterID": "NPC_W0_Old_01",
    "SubType": "Normal",
    "StoryCharacterModelPath": "Characters/CharacterPrefabs/NPC/Normal/W0/Old/NPC_W0_Old_01.prefab",
    "JsonPath": "Config/ConfigCharacter/NPC/Normal/NPC_W0_Old_Config.json",
    "StoryCharacterUniqueName": "W0_Old_01",
    "FreeStyleCharacterID": "NPC_W1_Old"
  },
  "NPC_W0_Old_02": {
    "StoryCharacterID": "NPC_W0_Old_02",
    "SubType": "Normal",
    "StoryCharacterModelPath": "Characters/CharacterPrefabs/NPC/Normal/W0/Old/NPC_W0_Old_02.prefab",
    "JsonPath": "Config/ConfigCharacter/NPC/Normal/NPC_W0_Old_Config.json",
    "StoryCharacterUniqueName": "W0_Old_02",
    "FreeStyleCharacterID": "NPC_W1_Old"
  },
  "NPC_W0_Old_03": {
    "StoryCharacterID": "NPC_W0_Old_03",
    "SubType": "Normal",
    "StoryCharacterModelPath": "Characters/CharacterPrefabs/NPC/Normal/W0/Old/NPC_W0_Old_03.prefab",
    "JsonPath": "Config/ConfigCharacter/NPC/Normal/NPC_W0_Old_Config.json",
    "StoryCharacterUniqueName": "W0_Old_03",
    "FreeStyleCharacterID": "NPC_W1_Old"
  },
  "NPC_W0_Old_04": {
    "StoryCharacterID": "NPC_W0_Old_04",
    "SubType": "Normal",
    "StoryCharacterModelPath": "Characters/CharacterPrefabs/NPC/Normal/W0/Old/NPC_W0_Old_04.prefab",
    "JsonPath": "Config/ConfigCharacter/NPC/Normal/NPC_W0_Old_Config.json",
    "StoryCharacterUniqueName": "W0_Old_04",
    "FreeStyleCharacterID": "NPC_W1_Old"
  },
  "NPC_W0_Old_05": {
    "StoryCharacterID": "NPC_W0_Old_05",
    "SubType": "Normal",
    "StoryCharacterModelPath": "Characters/CharacterPrefabs/NPC/Normal/W0/Old/NPC_W0_Old_05.prefab",
    "JsonPath": "Config/ConfigCharacter/NPC/Normal/NPC_W0_Old_Config.json",
    "StoryCharacterUniqueName": "W0_Old_05",
    "FreeStyleCharacterID": "NPC_W1_Old"
  },
  "NPC_W0_Old_06": {
    "StoryCharacterID": "NPC_W0_Old_06",
    "SubType": "Normal",
    "StoryCharacterModelPath": "Characters/CharacterPrefabs/NPC/Normal/W0/Old/NPC_W0_Old_06.prefab",
    "JsonPath": "Config/ConfigCharacter/NPC/Normal/NPC_W0_Old_Config.json",
    "StoryCharacterUniqueName": "W0_Old_06",
    "FreeStyleCharacterID": "NPC_W1_Old"
  },
  "NPC_W0_Child_01": {
    "StoryCharacterID": "NPC_W0_Child_01",
    "SubType": "Normal",
    "StoryCharacterModelPath": "Characters/CharacterPrefabs/NPC/Normal/W0/Child/NPC_W0_Child_01.prefab",
    "JsonPath": "Config/ConfigCharacter/NPC/Normal/NPC_W0_Child_Config.json",
    "StoryCharacterUniqueName": "W0_Child_01",
    "FreeStyleCharacterID": "NPC_W1_Child"
  },
  "NPC_W0_Child_02": {
    "StoryCharacterID": "NPC_W0_Child_02",
    "SubType": "Normal",
    "StoryCharacterModelPath": "Characters/CharacterPrefabs/NPC/Normal/W0/Child/NPC_W0_Child_02.prefab",
    "JsonPath": "Config/ConfigCharacter/NPC/Normal/NPC_W0_Child_Config.json",
    "StoryCharacterUniqueName": "W0_Child_02",
    "FreeStyleCharacterID": "NPC_W1_Child"
  },
  "NPC_W0_Child_03": {
    "StoryCharacterID": "NPC_W0_Child_03",
    "SubType": "Normal",
    "StoryCharacterModelPath": "Characters/CharacterPrefabs/NPC/Normal/W0/Child/NPC_W0_Child_03.prefab",
    "JsonPath": "Config/ConfigCharacter/NPC/Normal/NPC_W0_Child_Config.json",
    "StoryCharacterUniqueName": "W0_Child_03",
    "FreeStyleCharacterID": "NPC_W1_Child"
  },
  "NPC_W0_Child_04": {
    "StoryCharacterID": "NPC_W0_Child_04",
    "SubType": "Normal",
    "StoryCharacterModelPath": "Characters/CharacterPrefabs/NPC/Normal/W0/Child/NPC_W0_Child_04.prefab",
    "JsonPath": "Config/ConfigCharacter/NPC/Normal/NPC_W0_Child_Config.json",
    "StoryCharacterUniqueName": "W0_Child_04",
    "FreeStyleCharacterID": "NPC_W1_Child"
  }
}