{
  "0": {
    "TutorialType": 0,
    "MessageIconPath": "SpriteOutput/TabIcon/Inventory/InventoryOtherIcon.png",
    "MessageTitle": {
      "hash": 1802860531
    }
  },
  "1": {
    "TutorialType": 1,
    "MessageIconPath": "SpriteOutput/GuideIcon/IconGuideTypeBattle.png",
    "MessageTitle": {
      "hash": 1802860530
    }
  },
  "2": {
    "TutorialType": 2,
    "MessageIconPath": "SpriteOutput/GuideIcon/IconGuideTypeMaze.png",
    "MessageTitle": {
      "hash": 1802860529
    }
  },
  "3": {
    "TutorialType": 3,
    "MessageIconPath": "SpriteOutput/GuideIcon/IconGuideTypeSystem.png",
    "MessageTitle": {
      "hash": 1802860528
    }
  },
  "4": {
    "TutorialType": 4,
    "MessageIconPath": "SpriteOutput/TabIcon/Shop/ShopRogueIcon.png",
    "MessageTitle": {
      "hash": 1802860527
    }
  }
}