{
  "1": {
    "IndexID": 1,
    "FuncName": {
      "hash": -676993900
    },
    "Description": {
      "hash": 371857150
    },
    "IconPath": "SpriteOutput/PhoneAPPIcon/AvatarIcon.png",
    "GameModeList": [
      3,
      5,
      6,
      8,
      9
    ],
    "FuncGotoIDList": [
      400
    ],
    "UnlockID": 400
  },
  "2": {
    "IndexID": 2,
    "FuncName": {
      "hash": -592780657
    },
    "Description": {
      "hash": 371857150
    },
    "IconPath": "SpriteOutput/PhoneAPPIcon/TeamIcon.png",
    "GameModeList": [
      3,
      5,
      6
    ],
    "FuncGotoIDList": [
      300,
      301,
      302
    ],
    "UnlockID": 300
  },
  "3": {
    "IndexID": 3,
    "FuncName": {
      "hash": 1405076994
    },
    "Description": {
      "hash": 371857150
    },
    "IconPath": "SpriteOutput/PhoneAPPIcon/MapIcon.png",
    "GameModeList": [
      3
    ],
    "FuncGotoIDList": [
      200
    ],
    "UnlockID": 200
  },
  "4": {
    "IndexID": 4,
    "FuncName": {
      "hash": 888911468
    },
    "Description": {
      "hash": 371857150
    },
    "IconPath": "SpriteOutput/PhoneAPPIcon/InventoryIcon.png",
    "GameModeList": [
      3,
      8,
      9
    ],
    "FuncGotoIDList": [
      500,
      500
    ],
    "UnlockID": 500
  },
  "5": {
    "IndexID": 5,
    "FuncName": {
      "hash": -1034393270
    },
    "Description": {
      "hash": 371857150
    },
    "IconPath": "SpriteOutput/PhoneAPPIcon/QuestIcon.png",
    "GameModeList": [
      3,
      4,
      8
    ],
    "FuncGotoIDList": [
      700
    ],
    "UnlockID": 0
  },
  "6": {
    "IndexID": 6,
    "FuncName": {
      "hash": -1868259488
    },
    "Description": {
      "hash": 371857150
    },
    "IconPath": "SpriteOutput/PhoneAPPIcon/ShopIcon.png",
    "GameModeList": [
      3,
      8,
      9
    ],
    "FuncGotoIDList": [
      600
    ],
    "UnlockID": 600
  },
  "7": {
    "IndexID": 7,
    "FuncName": {
      "hash": -2133251693
    },
    "Description": {
      "hash": 371857150
    },
    "IconPath": "SpriteOutput/PhoneAPPIcon/DailyQuestIcon.png",
    "GameModeList": [
      3
    ],
    "FuncGotoIDList": [
      1500
    ],
    "UnlockID": 1500
  },
  "8": {
    "IndexID": 8,
    "FuncName": {
      "hash": 891994066
    },
    "Description": {
      "hash": 371857150
    },
    "IconPath": "SpriteOutput/PhoneAPPIcon/DrawcardIcon.png",
    "GameModeList": [
      3,
      8,
      9
    ],
    "FuncGotoIDList": [
      2300
    ],
    "UnlockID": 2300
  }
}